keyword,monthly_searches,competition,seed
carpet cleaning,368000,HIGH,alliance-home+alliance-residential+bbmaintenance-officecleaning+mastercleaning-services+nextday-waldorf+squeakycleany-princefrederick
carpets cleaned,368000,HIGH,rs-standard-cleaning
clean carpet,368000,HIGH,mastercleaning-services+squeakycleany-princefrederick
clean carpets,368000,HIGH,rs-standard-cleaning
cleaning carpet,368000,HIGH,alliance-home+alliance-residential+bbmaintenance-officecleaning+mastercleaning-services+nextday-waldorf+squeakycleany-princefrederick
cleaning carpet cleaning,368000,HIGH,alliance-home+alliance-residential+bbmaintenance-officecleaning+mastercleaning-services+squeakycleany-princefrederick
cleaning carpets,368000,HIGH,rs-standard-cleaning
cleaning commercial company,165000,LOW,alliance-home+cleanupcompany-janitorial+leas-movein-princefrederick+squeakycleany-princefrederick+streakers-california
cleaning companies commercial,165000,LOW,mastercleaning-home+somdcleaningcrew-stmarys
cleaning company commercial,165000,LOW,somdcleaningcrew-home
cleaning near me,165000,MEDIUM,alliance-home+beyondcleaningpros-laplata+leas-home+streakers-home
cleaning services for commercial,165000,LOW,alliance-home+alliance-residential+bbmaintenance-officecleaning+beyondcleaningpros-home+cleaningmaideasy-home+cleanupcompany-janitorial+leas-movein-princefrederick+mastercleaning-home+rs-home+somdcleaningcrew-home+somdcleaningcrew-stmarys+squeakycleany-princefrederick+streakers-california
cleaning services industrial commercial,165000,LOW,cleanupcompany-janitorial
commercial cleaning company,165000,LOW,alliance-home+alliance-residential+bbmaintenance-officecleaning+beyondcleaningpros-home+cleaningmaideasy-home+cleanupcompany-janitorial+leas-movein-princefrederick+rs-home+squeakycleany-princefrederick+streakers-california
commercial cleaning service,165000,LOW,cleaningmaideasy-home+maids2mop-waldorf+mastercleaning-home+somdcleaningcrew-home+squeakycleany-princefrederick
commercial cleaning services,165000,LOW,alliance-home+alliance-residential+bbmaintenance-officecleaning+beyondcleaningpros-home+beyondcleaningpros-laplata+cleanupcompany-janitorial+leas-movein-princefrederick+rs-home+rs-office-cleaning+somdcleaningcrew-stmarys+streakers-california
commercial housekeeping services,165000,LOW,leas-movein-princefrederick
commercial office cleaning service,165000,LOW,alliance-home+alliance-residential+cleanupcompany-janitorial+mastercleaning-home+rs-office-cleaning+somdcleaningcrew-home+somdcleaningcrew-stmarys+squeakycleany-princefrederick
carpet cleaning near me,110000,MEDIUM,alliance-home
cleaning business near me,110000,MEDIUM,leas-home+streakers-home+themaids-laplata
cleaning businesses near me,110000,MEDIUM,alliance-home
cleaning places near me,110000,MEDIUM,alliance-home+leas-home+streakers-home+themaids-laplata
cleaning services near me,110000,MEDIUM,alliance-home+beyondcleaningpros-laplata
home cleaners near me,110000,MEDIUM,themaids-laplata
home cleaning companies near me,110000,MEDIUM,beyondcleaningpros-laplata+leas-home+streakers-home+themaids-laplata
home cleaning company near me,110000,MEDIUM,alliance-home+leas-movein-princefrederick+streakers-california
home cleaning near me,110000,MEDIUM,beyondcleaningpros-laplata+leas-home+streakers-home
maid service near me,110000,MEDIUM,leas-home+streakers-home+themaids-laplata
maid services near me,110000,MEDIUM,beyondcleaningpros-laplata
maids services near me,110000,MEDIUM,alliance-home
residential cleaners near me,110000,MEDIUM,leas-home+streakers-home+themaids-laplata
residential cleaning near me,110000,MEDIUM,alliance-home+beyondcleaningpros-laplata
steam cleaning,110000,HIGH,mastercleaning-services
a cleaning service,90500,MEDIUM,alliance-home+alliance-residential+beyondcleaningpros-home+beyondcleaningpros-laplata+cleaningmaideasy-home+cleanupcompany-janitorial+leas-home+leas-movein-princefrederick+maids2mop-waldorf+mastercleaning-home+mastercleaning-services+merrymaids-waldorf+nextday-waldorf+rs-deep-cleaning+rs-home+rs-office-cleaning+rs-standard-cleaning+somdcleaningcrew-home+somdcleaningcrew-stmarys+squeakycleany-princefrederick+streakers-california+streakers-home+sweeney-lexingtonpark+themaids-laplata
a cleaning services,90500,MEDIUM,bbmaintenance-officecleaning
and cleaning services,90500,MEDIUM,cleanupcompany-janitorial+mastercleaning-home+mastercleaning-services+rs-home
clean & service,90500,MEDIUM,rs-deep-cleaning+rs-home+rs-move-in-out-cleaning+rs-standard-cleaning
clean cleaning service,90500,MEDIUM,sweeney-home
cleaning and service,90500,MEDIUM,mastercleaning-home
cleaning and services,90500,MEDIUM,mastercleaning-services+rs-deep-cleaning+rs-home+rs-move-in-out-cleaning+rs-office-cleaning
cleaning houses services,90500,LOW,cleanupcompany-janitorial
cleaning maid services,90500,LOW,cleaningmaideasy-home
cleaning s,90500,MEDIUM,rs-home+rs-standard-cleaning
cleaning se,90500,MEDIUM,mastercleaning-home+mastercleaning-services+rs-deep-cleaning+rs-home+rs-move-in-out-cleaning+rs-office-cleaning+rs-standard-cleaning+somdcleaningcrew-home+somdcleaningcrew-stmarys+sweeney-lexingtonpark
cleaning service,90500,MEDIUM,mastercleaning-home+somdcleaningcrew-home+squeakycleany-princefrederick
cleaning service cleaning service,90500,MEDIUM,mastercleaning-home+mastercleaning-services+rs-deep-cleaning+rs-home+rs-move-in-out-cleaning+rs-office-cleaning+rs-standard-cleaning+somdcleaningcrew-home+somdcleaningcrew-stmarys
cleaning service for home,90500,LOW,sweeney-home+sweeney-lexingtonpark
cleaning service for homes,90500,LOW,rs-office-cleaning
cleaning service house cleaning,90500,LOW,alliance-residential+beyondcleaningpros-home+beyondcleaningpros-laplata+cleaningmaideasy-home+leas-movein-princefrederick+maids2mop-waldorf+nextday-waldorf+rs-home+somdcleaningcrew-home+somdcleaningcrew-stmarys+squeakycleany-princefrederick+sweeney-home+sweeney-lexingtonpark
cleaning service services,90500,MEDIUM,alliance-residential+beyondcleaningpros-home+beyondcleaningpros-laplata+cleaningmaideasy-home+cleanupcompany-janitorial+leas-movein-princefrederick+maids2mop-waldorf+mastercleaning-home+mastercleaning-services+nextday-waldorf+rs-deep-cleaning+rs-office-cleaning+rs-standard-cleaning+somdcleaningcrew-home+somdcleaningcrew-stmarys+squeakycleany-princefrederick+sweeney-home+sweeney-lexingtonpark
cleaning services,90500,MEDIUM,alliance-home+alliance-residential+bbmaintenance-officecleaning+beyondcleaningpros-home+beyondcleaningpros-laplata+cleaningmaideasy-home+cleanupcompany-janitorial+leas-home+leas-movein-princefrederick+maids2mop-waldorf+mastercleaning-services+merrymaids-waldorf+nextday-waldorf+rs-home+somdcleaningcrew-stmarys+streakers-california+streakers-home+sweeney-lexingtonpark+themaids-laplata
cleaning services services,90500,MEDIUM,bbmaintenance-officecleaning+rs-home
cleaning svc,90500,MEDIUM,mastercleaning-home+mastercleaning-services+rs-deep-cleaning+rs-home+rs-move-in-out-cleaning+rs-office-cleaning+rs-standard-cleaning+sweeney-lexingtonpark
home cleaning service,90500,LOW,leas-home+mastercleaning-home+merrymaids-waldorf+somdcleaningcrew-home+squeakycleany-princefrederick+themaids-laplata
home cleaning services,90500,LOW,alliance-home+alliance-residential+bbmaintenance-officecleaning+beyondcleaningpros-home+beyondcleaningpros-laplata+cleaningmaideasy-home+cleanupcompany-janitorial+leas-movein-princefrederick+maids2mop-waldorf+mastercleaning-services+nextday-waldorf+rs-home+somdcleaningcrew-stmarys+streakers-california+streakers-home
house cleaning service,90500,LOW,cleaningmaideasy-home+leas-home+somdcleaningcrew-home+streakers-home+themaids-laplata
house cleaning services,90500,LOW,alliance-home+alliance-residential+bbmaintenance-officecleaning+beyondcleaningpros-home+beyondcleaningpros-laplata+leas-movein-princefrederick+maids2mop-waldorf+mastercleaning-home+mastercleaning-services+merrymaids-waldorf+nextday-waldorf+rs-deep-cleaning+rs-home+rs-office-cleaning+rs-standard-cleaning+somdcleaningcrew-stmarys+squeakycleany-princefrederick+streakers-california+sweeney-home+sweeney-lexingtonpark
household cleaning services,90500,LOW,alliance-home+alliance-residential+bbmaintenance-officecleaning+beyondcleaningpros-home+beyondcleaningpros-laplata+cleaningmaideasy-home+leas-home+leas-movein-princefrederick+maids2mop-waldorf+merrymaids-waldorf+nextday-waldorf+rs-home+somdcleaningcrew-home+somdcleaningcrew-stmarys+squeakycleany-princefrederick+streakers-california+streakers-home+sweeney-home+sweeney-lexingtonpark+themaids-laplata
maid service cleaning,90500,LOW,beyondcleaningpros-laplata+cleaningmaideasy-home+maids2mop-waldorf+merrymaids-waldorf+nextday-waldorf+somdcleaningcrew-home+somdcleaningcrew-stmarys+squeakycleany-princefrederick+streakers-california
service cleaning,90500,MEDIUM,rs-deep-cleaning+rs-standard-cleaning
service house cleaning,90500,LOW,cleaningmaideasy-home+leas-movein-princefrederick+maids2mop-waldorf+somdcleaningcrew-home+somdcleaningcrew-stmarys+squeakycleany-princefrederick+sweeney-home+sweeney-lexingtonpark
services cleaning,90500,MEDIUM,rs-move-in-out-cleaning+rs-office-cleaning+sweeney-home
services house cleaning,90500,LOW,alliance-residential+beyondcleaningpros-home+beyondcleaningpros-laplata+nextday-waldorf+rs-home
house maid,74000,LOW,alliance-residential+beyondcleaningpros-home+beyondcleaningpros-laplata+cleaningmaideasy-home+leas-movein-princefrederick+mastercleaning-home+nextday-waldorf+rs-deep-cleaning+somdcleaningcrew-home+somdcleaningcrew-stmarys+squeakycleany-princefrederick+sweeney-home+sweeney-lexingtonpark
house maids,74000,LOW,maids2mop-waldorf
cleaning house service near me,60500,MEDIUM,rs-home
house cleaning maid services near me,60500,MEDIUM,beyondcleaningpros-laplata+cleaningmaideasy-home+merrymaids-waldorf+somdcleaningcrew-home+somdcleaningcrew-stmarys+streakers-california
house cleaning near me,60500,MEDIUM,alliance-home+beyondcleaningpros-laplata+cleaningmaideasy-home+leas-home+streakers-home+themaids-laplata
house cleaning service near me,60500,MEDIUM,beyondcleaningpros-laplata+cleaningmaideasy-home+nextday-waldorf
house cleaning services near me,60500,MEDIUM,alliance-home+alliance-residential+beyondcleaningpros-home+leas-home+leas-movein-princefrederick+maids2mop-waldorf+merrymaids-waldorf+somdcleaningcrew-home+somdcleaningcrew-stmarys+streakers-california+streakers-home+sweeney-lexingtonpark+themaids-laplata
house maid services near me,60500,MEDIUM,beyondcleaningpros-laplata+cleaningmaideasy-home+merrymaids-waldorf+nextday-waldorf+streakers-california
household cleaners near me,60500,MEDIUM,beyondcleaningpros-laplata+leas-home+streakers-home
household cleaning services near me,60500,MEDIUM,alliance-home+alliance-residential+beyondcleaningpros-laplata+leas-home+merrymaids-waldorf+nextday-waldorf+somdcleaningcrew-stmarys+streakers-california+streakers-home+sweeney-lexingtonpark+themaids-laplata
residential cleaning service near me,60500,MEDIUM,nextday-waldorf
residential cleaning services near me,60500,MEDIUM,alliance-home+beyondcleaningpros-laplata+leas-home+streakers-home+themaids-laplata
carpet and cleaning services,49500,LOW,mastercleaning-services
carpet cleaning services,49500,LOW,alliance-home+alliance-residential+bbmaintenance-officecleaning+cleanupcompany-janitorial+mastercleaning-services+nextday-waldorf+squeakycleany-princefrederick
carpet shampoo services,49500,LOW,alliance-residential+bbmaintenance-officecleaning
carpet shampooing,49500,HIGH,mastercleaning-services
carpet shampooing service,49500,LOW,mastercleaning-services+squeakycleany-princefrederick
carpet washing service,49500,LOW,squeakycleany-princefrederick
carpets shampooed,49500,HIGH,bbmaintenance-officecleaning
clean that house,49500,MEDIUM,sweeney-lexingtonpark
cleaning carpets services,49500,LOW,rs-standard-cleaning
cleaning house cleaning,49500,MEDIUM,alliance-residential+beyondcleaningpros-home+beyondcleaningpros-laplata+cleaningmaideasy-home+leas-movein-princefrederick+maids2mop-waldorf+nextday-waldorf+rs-home+somdcleaningcrew-home+somdcleaningcrew-stmarys+squeakycleany-princefrederick+sweeney-home+sweeney-lexingtonpark
cleaning in house,49500,MEDIUM,somdcleaningcrew-stmarys+sweeney-home+sweeney-lexingtonpark+rs-home
cleaning supplies,49500,HIGH,alliance-residential+bbmaintenance-officecleaning+beyondcleaningpros-laplata+maids2mop-waldorf+rs-home+streakers-california
cleaning supply,49500,HIGH,rs-office-cleaning
house cleaner,49500,MEDIUM,rs-deep-cleaning+rs-standard-cleaning
house cleaning,49500,MEDIUM,alliance-residential+beyondcleaningpros-laplata+cleaningmaideasy-home+leas-home+leas-movein-princefrederick+maids2mop-waldorf+mastercleaning-home+merrymaids-waldorf+nextday-waldorf+somdcleaningcrew-home+somdcleaningcrew-stmarys+streakers-california+streakers-home+sweeney-home+sweeney-lexingtonpark+themaids-laplata
house cleaning and,49500,MEDIUM,mastercleaning-home+somdcleaningcrew-stmarys+sweeney-lexingtonpark
house cleaning cleaning,49500,MEDIUM,rs-home+somdcleaningcrew-home+somdcleaningcrew-stmarys+sweeney-home+sweeney-lexingtonpark
house cleaning house,49500,MEDIUM,somdcleaningcrew-home+somdcleaningcrew-stmarys+sweeney-home+sweeney-lexingtonpark+rs-home
house cleanliness,49500,MEDIUM,sweeney-home
house house cleaning,49500,MEDIUM,somdcleaningcrew-home+somdcleaningcrew-stmarys+sweeney-home+sweeney-lexingtonpark
house keeping,49500,LOW,alliance-residential+beyondcleaningpros-laplata+cleaningmaideasy-home+leas-movein-princefrederick+maids2mop-waldorf+nextday-waldorf+sweeney-home+sweeney-lexingtonpark
household cleaning,49500,MEDIUM,alliance-home+alliance-residential+bbmaintenance-officecleaning+beyondcleaningpros-home+beyondcleaningpros-laplata+cleaningmaideasy-home+leas-movein-princefrederick+maids2mop-waldorf+nextday-waldorf+rs-home+rs-standard-cleaning+somdcleaningcrew-home+somdcleaningcrew-stmarys+squeakycleany-princefrederick+streakers-california+sweeney-home+sweeney-lexingtonpark
housekeeping cleaning,49500,MEDIUM,alliance-residential+beyondcleaningpros-home+beyondcleaningpros-laplata+cleaningmaideasy-home+leas-movein-princefrederick+maids2mop-waldorf+merrymaids-waldorf+nextday-waldorf+rs-home+somdcleaningcrew-home+somdcleaningcrew-stmarys+squeakycleany-princefrederick+streakers-california+sweeney-home+sweeney-lexingtonpark
housework cleaning,49500,MEDIUM,somdcleaningcrew-stmarys+sweeney-home+sweeney-lexingtonpark
oven cleaning,49500,HIGH,alliance-residential+rs-move-in-out-cleaning
supplies clean,49500,HIGH,rs-home
supplies for cleaning,49500,HIGH,rs-home
carpet steam cleaning,40500,HIGH,mastercleaning-services
grout cleaning,40500,HIGH,alliance-home
power washing services,40500,LOW,beyondcleaningpros-home+beyondcleaningpros-laplata+rs-home
pressure washing services,40500,LOW,beyondcleaningpros-home
vents cleaning service,40500,LOW,rs-deep-cleaning
window cleaning,40500,MEDIUM,alliance-residential+beyondcleaningpros-home+mastercleaning-services
cleaning couch,33100,HIGH,alliance-residential
commercial cleaning,33100,LOW,alliance-home+alliance-residential+bbmaintenance-officecleaning+beyondcleaningpros-home+beyondcleaningpros-laplata+cleaningmaideasy-home+cleanupcompany-janitorial+leas-movein-princefrederick+maids2mop-waldorf+mastercleaning-home+rs-deep-cleaning+rs-home+rs-office-cleaning+rs-standard-cleaning+somdcleaningcrew-home+somdcleaningcrew-stmarys+squeakycleany-princefrederick+streakers-california+streakers-home
couch cleaning,33100,HIGH,alliance-home
glass cleaning,33100,HIGH,alliance-residential+beyondcleaningpros-home+rs-standard-cleaning
green cleaning,33100,MEDIUM,beyondcleaningpros-home+maids2mop-waldorf
janitorial services,33100,LOW,alliance-home+alliance-residential+bbmaintenance-officecleaning+beyondcleaningpros-home+beyondcleaningpros-laplata+cleaningmaideasy-home+cleanupcompany-janitorial+leas-movein-princefrederick+mastercleaning-home+mastercleaning-services+nextday-waldorf+streakers-california
service janitorial,33100,LOW,cleanupcompany-janitorial+mastercleaning-home+mastercleaning-services
sofa cleaning,33100,HIGH,alliance-home+alliance-residential
business cleaning companies near me,27100,LOW,streakers-home
business cleaning company near me,27100,LOW,alliance-home+rs-office-cleaning
business cleaning service near me,27100,LOW,somdcleaningcrew-home
business cleaning services near me,27100,LOW,alliance-home+rs-office-cleaning+streakers-home
carpet cleaning professional,27100,HIGH,alliance-home+alliance-residential+bbmaintenance-officecleaning+nextday-waldorf+squeakycleany-princefrederick
carpet professional cleaner,27100,HIGH,mastercleaning-services
carpet professional cleaning,27100,HIGH,mastercleaning-services
clean cleaning company,27100,MEDIUM,bbmaintenance-officecleaning+cleanupcompany-janitorial+rs-home
clean company,27100,MEDIUM,cleanupcompany-janitorial
cleaning companies,27100,MEDIUM,maids2mop-waldorf
cleaning company,27100,MEDIUM,alliance-home+alliance-residential+beyondcleaningpros-home+beyondcleaningpros-laplata+cleaningmaideasy-home+leas-home+leas-movein-princefrederick+mastercleaning-home+nextday-waldorf+rs-home+squeakycleany-princefrederick+streakers-california+streakers-home+sweeney-lexingtonpark+themaids-laplata
cleaning firm,27100,MEDIUM,mastercleaning-home
cleaning firms,27100,MEDIUM,alliance-residential+bbmaintenance-officecleaning+cleanupcompany-janitorial+mastercleaning-services+rs-home+somdcleaningcrew-home+somdcleaningcrew-stmarys+sweeney-lexingtonpark
cleaning people,27100,HIGH,cleaningmaideasy-home+maids2mop-waldorf+merrymaids-waldorf+rs-home+sweeney-home+themaids-laplata
commercial cleaning company near me,27100,LOW,alliance-home+cleanupcompany-janitorial+leas-movein-princefrederick+streakers-california
commercial cleaning near me,27100,LOW,alliance-home+streakers-home
commercial cleaning service near me,27100,LOW,beyondcleaningpros-home+cleaningmaideasy-home+leas-movein-princefrederick+mastercleaning-home
commercial cleaning services near me,27100,LOW,alliance-home+alliance-residential+beyondcleaningpros-laplata+cleanupcompany-janitorial+rs-office-cleaning+streakers-california+streakers-home
company of cleaning,27100,MEDIUM,cleanupcompany-janitorial+rs-home
deep cleaning service,27100,LOW,themaids-laplata
deep cleaning services,27100,LOW,alliance-home+alliance-residential+bbmaintenance-officecleaning+beyondcleaningpros-home+beyondcleaningpros-laplata+cleaningmaideasy-home+cleanupcompany-janitorial+leas-home+leas-movein-princefrederick+maids2mop-waldorf+mastercleaning-home+merrymaids-waldorf+nextday-waldorf+rs-deep-cleaning+rs-home+rs-move-in-out-cleaning+rs-office-cleaning+rs-standard-cleaning+somdcleaningcrew-home+somdcleaningcrew-stmarys+squeakycleany-princefrederick+streakers-california+streakers-home+sweeney-home+sweeney-lexingtonpark
people cleaning,27100,HIGH,rs-home+sweeney-home
service master services,27100,MEDIUM,mastercleaning-home+mastercleaning-services
services master,27100,MEDIUM,mastercleaning-home+mastercleaning-services
toilet cleaning,27100,HIGH,alliance-residential+cleanupcompany-janitorial+rs-move-in-out-cleaning+rs-office-cleaning+rs-standard-cleaning
bathroom cleaning,22200,HIGH,alliance-residential+rs-deep-cleaning+rs-home+rs-move-in-out-cleaning+rs-office-cleaning+rs-standard-cleaning+streakers-california
bathroom how to clean,22200,HIGH,rs-home+rs-move-in-out-cleaning+rs-standard-cleaning
bathtub cleaning,22200,HIGH,rs-home
carpet cleaning company,22200,MEDIUM,alliance-home+alliance-residential+bbmaintenance-officecleaning+cleanupcompany-janitorial+nextday-waldorf+squeakycleany-princefrederick
carpet cleaning solutions,22200,HIGH,alliance-home+alliance-residential+bbmaintenance-officecleaning+nextday-waldorf
clean bathroom cleaner,22200,HIGH,rs-home
cleaner service near me,22200,MEDIUM,merrymaids-waldorf
cleaning and janitorial services,22200,LOW,beyondcleaningpros-home+leas-movein-princefrederick+mastercleaning-home
cleaning companies office,22200,LOW,mastercleaning-home
cleaning company near me,22200,MEDIUM,alliance-home+leas-home+streakers-home+themaids-laplata
cleaning lady service,22200,MEDIUM,cleanupcompany-janitorial+rs-home+sweeney-lexingtonpark
cleaning lady services,22200,MEDIUM,alliance-residential+beyondcleaningpros-home+beyondcleaningpros-laplata+cleaningmaideasy-home+leas-home+leas-movein-princefrederick+maids2mop-waldorf+mastercleaning-home+mastercleaning-services+merrymaids-waldorf+nextday-waldorf+somdcleaningcrew-home+somdcleaningcrew-stmarys+squeakycleany-princefrederick+streakers-california+streakers-home+themaids-laplata
cleaning move out,22200,MEDIUM,rs-home
cleaning office services,22200,LOW,rs-deep-cleaning+rs-move-in-out-cleaning+rs-standard-cleaning
cleaning pr,22200,HIGH,rs-office-cleaning
cleaning service near me,22200,MEDIUM,leas-home+streakers-home+themaids-laplata
cleaning services janitorial,22200,LOW,cleanupcompany-janitorial+mastercleaning-home+mastercleaning-services
cleaning windows service,22200,LOW,rs-office-cleaning
commercial cleaning & janitorial services,22200,LOW,mastercleaning-home
commercial cleaning and janitorial services,22200,LOW,bbmaintenance-officecleaning+cleanupcompany-janitorial+mastercleaning-home
commercial cleaning janitorial,22200,LOW,alliance-residential+bbmaintenance-officecleaning+beyondcleaningpros-home+cleaningmaideasy-home+cleanupcompany-janitorial+leas-movein-princefrederick+mastercleaning-home+mastercleaning-services+somdcleaningcrew-home+somdcleaningcrew-stmarys
commercial cleaning office,22200,LOW,cleanupcompany-janitorial+mastercleaning-home+somdcleaningcrew-home+somdcleaningcrew-stmarys
commercial cleaning offices,22200,LOW,bbmaintenance-officecleaning+mastercleaning-services+rs-office-cleaning
commercial janitorial services,22200,LOW,bbmaintenance-officecleaning+beyondcleaningpros-home+cleaningmaideasy-home+cleanupcompany-janitorial+leas-movein-princefrederick+mastercleaning-home
floor cleaning,22200,HIGH,alliance-home+alliance-residential+bbmaintenance-officecleaning+cleanupcompany-janitorial+mastercleaning-services+rs-deep-cleaning+squeakycleany-princefrederick
hardwood floor cleaning,22200,HIGH,alliance-home
house cleaning companies near me,22200,MEDIUM,leas-home+streakers-home+themaids-laplata
house cleaning company near me,22200,MEDIUM,alliance-home+nextday-waldorf
janitorial and cleaning services,22200,LOW,bbmaintenance-officecleaning+cleanupcompany-janitorial+mastercleaning-services
janitorial cleaning companies,22200,LOW,alliance-residential+mastercleaning-home+somdcleaningcrew-home+somdcleaningcrew-stmarys
janitorial cleaning company,22200,LOW,bbmaintenance-officecleaning+beyondcleaningpros-home+beyondcleaningpros-laplata+cleaningmaideasy-home+cleanupcompany-janitorial+leas-movein-princefrederick+mastercleaning-services
janitorial commercial cleaning,22200,LOW,bbmaintenance-officecleaning+beyondcleaningpros-home+cleanupcompany-janitorial+mastercleaning-home
janitorial commercial cleaning services,22200,LOW,cleanupcompany-janitorial+mastercleaning-home
janitorial services cleaning,22200,LOW,bbmaintenance-officecleaning+cleanupcompany-janitorial+mastercleaning-home+mastercleaning-services
maid home cleaning services,22200,MEDIUM,beyondcleaningpros-laplata+cleaningmaideasy-home+leas-home+maids2mop-waldorf+merrymaids-waldorf+nextday-waldorf+somdcleaningcrew-home+somdcleaningcrew-stmarys+squeakycleany-princefrederick+streakers-california+themaids-laplata
maid service,22200,MEDIUM,cleanupcompany-janitorial+maids2mop-waldorf+mastercleaning-services+somdcleaningcrew-home
maid services,22200,MEDIUM,beyondcleaningpros-laplata+cleaningmaideasy-home+mastercleaning-home+merrymaids-waldorf+nextday-waldorf+somdcleaningcrew-stmarys+squeakycleany-princefrederick+streakers-california+themaids-laplata
move in move out clean,22200,MEDIUM,rs-home
move in move out cleaners,22200,MEDIUM,streakers-california
move in move out cleaning,22200,MEDIUM,beyondcleaningpros-home+leas-home+leas-movein-princefrederick+merrymaids-waldorf+rs-move-in-out-cleaning+streakers-home+sweeney-home+sweeney-lexingtonpark+themaids-laplata
move out clean,22200,MEDIUM,sweeney-home
move out cleaners,22200,MEDIUM,merrymaids-waldorf+themaids-laplata
move out cleaning,22200,MEDIUM,beyondcleaningpros-home+beyondcleaningpros-laplata+leas-home+leas-movein-princefrederick+maids2mop-waldorf+nextday-waldorf+rs-deep-cleaning+rs-move-in-out-cleaning+rs-office-cleaning+rs-standard-cleaning+streakers-california+streakers-home+sweeney-lexingtonpark
move out cleaning service,22200,MEDIUM,rs-office-cleaning
move out cleaning services,22200,MEDIUM,alliance-residential+beyondcleaningpros-home+beyondcleaningpros-laplata+cleaningmaideasy-home+leas-home+leas-movein-princefrederick+maids2mop-waldorf+merrymaids-waldorf+nextday-waldorf+rs-deep-cleaning+rs-home+rs-move-in-out-cleaning+rs-standard-cleaning+somdcleaningcrew-home+somdcleaningcrew-stmarys+streakers-california+streakers-home+sweeney-home+sweeney-lexingtonpark+themaids-laplata
move out house cleaning,22200,MEDIUM,alliance-residential+beyondcleaningpros-laplata+leas-home+maids2mop-waldorf+merrymaids-waldorf+streakers-california+streakers-home+sweeney-home+sweeney-lexingtonpark+themaids-laplata
office cleaning companies,22200,LOW,mastercleaning-home+mastercleaning-services+somdcleaningcrew-home+somdcleaningcrew-stmarys+streakers-california+streakers-home
office cleaning company,22200,LOW,alliance-home+alliance-residential+bbmaintenance-officecleaning+beyondcleaningpros-home+cleaningmaideasy-home+cleanupcompany-janitorial+leas-movein-princefrederick+rs-home+squeakycleany-princefrederick
office cleaning service,22200,LOW,somdcleaningcrew-home
office cleaning services,22200,LOW,alliance-home+alliance-residential+bbmaintenance-officecleaning+beyondcleaningpros-home+beyondcleaningpros-laplata+cleaningmaideasy-home+cleanupcompany-janitorial+leas-movein-princefrederick+mastercleaning-home+mastercleaning-services+rs-home+rs-office-cleaning+somdcleaningcrew-stmarys+squeakycleany-princefrederick+streakers-california+streakers-home
products cleaning,22200,HIGH,rs-office-cleaning
professional cleaning service,22200,MEDIUM,cleanupcompany-janitorial+leas-movein-princefrederick+merrymaids-waldorf+squeakycleany-princefrederick+sweeney-home+sweeney-lexingtonpark
professional cleaning services,22200,MEDIUM,alliance-home+alliance-residential+bbmaintenance-officecleaning+beyondcleaningpros-home+beyondcleaningpros-laplata+cleaningmaideasy-home+leas-home+maids2mop-waldorf+mastercleaning-home+mastercleaning-services+nextday-waldorf+rs-home+rs-office-cleaning+somdcleaningcrew-home+somdcleaningcrew-stmarys+streakers-california+streakers-home+themaids-laplata
snow cleaning services,22200,LOW,bbmaintenance-officecleaning
window cleaning services,22200,LOW,beyondcleaningpros-home+beyondcleaningpros-laplata+mastercleaning-services
window washing services,22200,LOW,beyondcleaningpros-home
windows cleaning,22200,HIGH,rs-office-cleaning
windows cleaning service,22200,LOW,squeakycleany-princefrederick
windows cleaning services,22200,LOW,alliance-residential+rs-home
carpet cleaning service near me,18100,MEDIUM,alliance-home
clean office,18100,LOW,bbmaintenance-officecleaning+cleaningmaideasy-home+cleanupcompany-janitorial+mastercleaning-services+rs-deep-cleaning+rs-standard-cleaning+squeakycleany-princefrederick
cleaner for office,18100,LOW,bbmaintenance-officecleaning+mastercleaning-services
cleaning a office,18100,LOW,bbmaintenance-officecleaning+mastercleaning-home+rs-deep-cleaning+rs-move-in-out-cleaning+rs-office-cleaning+rs-standard-cleaning+somdcleaningcrew-stmarys
cleaning an office,18100,LOW,bbmaintenance-officecleaning+mastercleaning-home+mastercleaning-services+rs-deep-cleaning+rs-move-in-out-cleaning+rs-office-cleaning+rs-standard-cleaning+somdcleaningcrew-stmarys
cleaning for office,18100,LOW,bbmaintenance-officecleaning+cleaningmaideasy-home+mastercleaning-home+mastercleaning-services+rs-deep-cleaning+rs-move-in-out-cleaning+rs-office-cleaning+rs-standard-cleaning+somdcleaningcrew-home+somdcleaningcrew-stmarys+squeakycleany-princefrederick+streakers-california
cleaning for offices,18100,LOW,cleanupcompany-janitorial
cleaning of offices,18100,LOW,mastercleaning-home+rs-office-cleaning+somdcleaningcrew-stmarys
cleaning office,18100,LOW,cleanupcompany-janitorial+somdcleaningcrew-stmarys
commercial carpet cleaning,18100,HIGH,alliance-home+alliance-residential+squeakycleany-princefrederick
couch cleaning service,18100,HIGH,alliance-home
couch cleaning services,18100,HIGH,alliance-residential
deep clean,18100,LOW,alliance-home
deep cleaning,18100,LOW,bbmaintenance-officecleaning+beyondcleaningpros-home+beyondcleaningpros-laplata+cleaningmaideasy-home+cleanupcompany-janitorial+leas-movein-princefrederick+maids2mop-waldorf+merrymaids-waldorf+nextday-waldorf+rs-deep-cleaning+rs-home+rs-move-in-out-cleaning+rs-office-cleaning+rs-standard-cleaning+streakers-california+streakers-home+sweeney-home+sweeney-lexingtonpark
deeper clean,18100,LOW,rs-deep-cleaning
disinfecting service,18100,LOW,mastercleaning-home+mastercleaning-services+rs-deep-cleaning+rs-office-cleaning
disinfecting services,18100,LOW,rs-standard-cleaning
home clean services near me,18100,HIGH,beyondcleaningpros-laplata
home cleaning services near me,18100,HIGH,alliance-home+beyondcleaningpros-laplata+leas-home+streakers-home+themaids-laplata
house cleaning products,18100,MEDIUM,alliance-home+alliance-residential+beyondcleaningpros-home+beyondcleaningpros-laplata+nextday-waldorf
office cleaning,18100,LOW,alliance-home+alliance-residential+bbmaintenance-officecleaning+beyondcleaningpros-home+cleaningmaideasy-home+leas-movein-princefrederick+mastercleaning-home+mastercleaning-services+rs-deep-cleaning+rs-move-in-out-cleaning+rs-office-cleaning+rs-standard-cleaning+somdcleaningcrew-home+squeakycleany-princefrederick+streakers-california+streakers-home
post construction cleaning,18100,LOW,beyondcleaningpros-home+leas-movein-princefrederick
post construction cleaning company,18100,LOW,beyondcleaningpros-home+leas-movein-princefrederick
post construction cleaning services,18100,LOW,beyondcleaningpros-home+beyondcleaningpros-laplata+leas-movein-princefrederick
power washing,18100,MEDIUM,beyondcleaningpros-home+rs-home
services for homeowners,18100,MEDIUM,rs-standard-cleaning+rs-deep-cleaning
sofa cleaning services,18100,HIGH,alliance-home+alliance-residential
cleaning green,14800,LOW,mastercleaning-home
cleaning job,14800,LOW,alliance-home
cleaning jobs,14800,LOW,nextday-waldorf+somdcleaningcrew-home+squeakycleany-princefrederick
cleaning residential services,14800,LOW,alliance-home+alliance-residential+bbmaintenance-officecleaning+beyondcleaningpros-home+cleaningmaideasy-home+leas-home+nextday-waldorf+rs-deep-cleaning+rs-standard-cleaning+somdcleaningcrew-home+somdcleaningcrew-stmarys+squeakycleany-princefrederick+streakers-california+streakers-home+sweeney-home+themaids-laplata
cleaning rooms,14800,LOW,rs-move-in-out-cleaning+rs-office-cleaning
cleaning services for residential,14800,LOW,alliance-home+alliance-residential+bbmaintenance-officecleaning+beyondcleaningpros-home+cleaningmaideasy-home+somdcleaningcrew-home+somdcleaningcrew-stmarys+squeakycleany-princefrederick
construction cleaning company,14800,MEDIUM,beyondcleaningpros-home+leas-movein-princefrederick
construction cleaning services,14800,MEDIUM,beyondcleaningpros-home+beyondcleaningpros-laplata+cleanupcompany-janitorial+leas-movein-princefrederick+mastercleaning-services
decluttering services,14800,MEDIUM,bbmaintenance-officecleaning
dusting mopping,14800,HIGH,rs-move-in-out-cleaning+rs-deep-cleaning
housekeeping companies near me,14800,MEDIUM,leas-home+themaids-laplata
housekeeping near me,14800,MEDIUM,themaids-laplata
housekeeping service near me,14800,MEDIUM,leas-home+streakers-home
housekeeping services near me,14800,MEDIUM,themaids-laplata
job cleaning,14800,LOW,bbmaintenance-officecleaning+cleaningmaideasy-home+maids2mop-waldorf+rs-home
maid for home,14800,HIGH,beyondcleaningpros-laplata+cleaningmaideasy-home+maids2mop-waldorf+somdcleaningcrew-home+somdcleaningcrew-stmarys
mold cleaning,14800,HIGH,squeakycleany-princefrederick
residential cleaning companies,14800,LOW,bbmaintenance-officecleaning+beyondcleaningpros-laplata+leas-home+maids2mop-waldorf+merrymaids-waldorf+rs-home+somdcleaningcrew-home+somdcleaningcrew-stmarys+streakers-california+streakers-home+sweeney-lexingtonpark+themaids-laplata
residential cleaning company,14800,LOW,alliance-home+alliance-residential+beyondcleaningpros-home+cleaningmaideasy-home+leas-movein-princefrederick+nextday-waldorf+squeakycleany-princefrederick
residential cleaning service,14800,LOW,leas-movein-princefrederick+maids2mop-waldorf+merrymaids-waldorf+rs-deep-cleaning+rs-home+rs-office-cleaning+rs-standard-cleaning+sweeney-lexingtonpark
residential cleaning services,14800,LOW,alliance-home+alliance-residential+bbmaintenance-officecleaning+beyondcleaningpros-home+beyondcleaningpros-laplata+cleaningmaideasy-home+cleanupcompany-janitorial+leas-home+nextday-waldorf+somdcleaningcrew-home+somdcleaningcrew-stmarys+squeakycleany-princefrederick+streakers-california+streakers-home+sweeney-home+themaids-laplata
residential home cleaning services,14800,LOW,alliance-residential+bbmaintenance-officecleaning+cleaningmaideasy-home+leas-home+somdcleaningcrew-home+somdcleaningcrew-stmarys+streakers-california+streakers-home+themaids-laplata
residential house cleaning services,14800,LOW,alliance-home+alliance-residential+beyondcleaningpros-home+beyondcleaningpros-laplata+cleaningmaideasy-home+leas-home+nextday-waldorf+somdcleaningcrew-home+somdcleaningcrew-stmarys+squeakycleany-princefrederick+streakers-california+streakers-home+sweeney-home+themaids-laplata
residential maid service,14800,LOW,cleaningmaideasy-home+somdcleaningcrew-home+somdcleaningcrew-stmarys+streakers-california+streakers-home+themaids-laplata
upholstery cleaning,14800,MEDIUM,alliance-home+alliance-residential+nextday-waldorf
vacuuming cleaning,14800,HIGH,rs-deep-cleaning+rs-move-in-out-cleaning+rs-office-cleaning+rs-standard-cleaning
clean house,12100,LOW,alliance-residential+beyondcleaningpros-home+beyondcleaningpros-laplata+cleaningmaideasy-home+leas-movein-princefrederick+maids2mop-waldorf+mastercleaning-home+nextday-waldorf+rs-deep-cleaning+rs-home+rs-move-in-out-cleaning+rs-office-cleaning+rs-standard-cleaning+somdcleaningcrew-home+somdcleaningcrew-stmarys+squeakycleany-princefrederick+sweeney-home+sweeney-lexingtonpark
cleaner for walls,12100,HIGH,rs-deep-cleaning
cleaner near me,12100,MEDIUM,themaids-laplata
cleaning & janitorial,12100,LOW,mastercleaning-home
cleaning and janitorial,12100,LOW,cleanupcompany-janitorial+mastercleaning-home+mastercleaning-services
cleaning construction,12100,MEDIUM,cleanupcompany-janitorial
cleaning for construction,12100,MEDIUM,mastercleaning-services
cleaning house,12100,LOW,alliance-home+beyondcleaningpros-home+rs-home+squeakycleany-princefrederick
cleaning houses,12100,LOW,cleanupcompany-janitorial
cleaning janitorial,12100,LOW,alliance-residential+nextday-waldorf+rs-home+streakers-california
cleaning rugs,12100,MEDIUM,rs-standard-cleaning
cleaning services for schools,12100,LOW,mastercleaning-services
commercial disinfection services,12100,LOW,mastercleaning-home
commercial floor care services,12100,LOW,cleanupcompany-janitorial
commercial floor cleaning company,12100,LOW,alliance-home+alliance-residential+cleanupcompany-janitorial+squeakycleany-princefrederick
commercial floor cleaning service,12100,LOW,alliance-home+alliance-residential+cleanupcompany-janitorial+squeakycleany-princefrederick
commercial floor cleaning services,12100,LOW,bbmaintenance-officecleaning
construction cleaning,12100,MEDIUM,beyondcleaningpros-home+leas-movein-princefrederick
contract cleaners,12100,MEDIUM,streakers-california
deep clean home service,12100,MEDIUM,rs-deep-cleaning
deep clean house cleaning services,12100,MEDIUM,merrymaids-waldorf+streakers-home
deep clean services for home,12100,MEDIUM,bbmaintenance-officecleaning+beyondcleaningpros-home+beyondcleaningpros-laplata+cleaningmaideasy-home+leas-movein-princefrederick+maids2mop-waldorf+merrymaids-waldorf+nextday-waldorf+rs-deep-cleaning+rs-home+rs-standard-cleaning+sweeney-home+sweeney-lexingtonpark
deep cleaning home service,12100,MEDIUM,rs-standard-cleaning
deep cleaning house cleaning services,12100,MEDIUM,beyondcleaningpros-home+beyondcleaningpros-laplata+cleaningmaideasy-home+leas-movein-princefrederick+maids2mop-waldorf+nextday-waldorf+rs-home+somdcleaningcrew-home+streakers-california+sweeney-home+sweeney-lexingtonpark
deep cleaning house service,12100,MEDIUM,sweeney-home
deep house cleaning services,12100,MEDIUM,alliance-home+beyondcleaningpros-home+beyondcleaningpros-laplata+cleaningmaideasy-home+leas-home+maids2mop-waldorf+nextday-waldorf+rs-deep-cleaning+sweeney-lexingtonpark
event cleaning services,12100,LOW,maids2mop-waldorf
floor cleaning services commercial,12100,LOW,alliance-home+alliance-residential+bbmaintenance-officecleaning+cleanupcompany-janitorial
home deep cleaning service,12100,MEDIUM,cleaningmaideasy-home+leas-home+streakers-california+streakers-home+sweeney-home+themaids-laplata
home deep cleaning services,12100,MEDIUM,alliance-home+bbmaintenance-officecleaning+beyondcleaningpros-home+beyondcleaningpros-laplata+leas-movein-princefrederick+maids2mop-waldorf+merrymaids-waldorf+nextday-waldorf+rs-home+sweeney-lexingtonpark
house cleaning services deep cleaning,12100,MEDIUM,somdcleaningcrew-stmarys
house deep cleaning service,12100,MEDIUM,merrymaids-waldorf+streakers-california+streakers-home+themaids-laplata
house deep cleaning services,12100,MEDIUM,leas-movein-princefrederick+rs-home
household deep cleaning services,12100,MEDIUM,alliance-residential+rs-standard-cleaning+somdcleaningcrew-home+somdcleaningcrew-stmarys
housekeeper services,12100,LOW,alliance-residential
housekeeping service,12100,LOW,leas-home+leas-movein-princefrederick+mastercleaning-services+merrymaids-waldorf+somdcleaningcrew-home+squeakycleany-princefrederick+streakers-california+streakers-home+themaids-laplata
housekeeping services,12100,LOW,beyondcleaningpros-laplata+cleaningmaideasy-home+nextday-waldorf+somdcleaningcrew-stmarys
industrial cleaning,12100,MEDIUM,cleanupcompany-janitorial
industrial cleaning services,12100,LOW,cleanupcompany-janitorial
janitorial and cleaning,12100,LOW,mastercleaning-home
janitorial cleaning,12100,LOW,bbmaintenance-officecleaning+beyondcleaningpros-home+beyondcleaningpros-laplata+cleaningmaideasy-home+cleanupcompany-janitorial+leas-movein-princefrederick+mastercleaning-home+mastercleaning-services
janitorial cleaning services,12100,MEDIUM,bbmaintenance-officecleaning+beyondcleaningpros-home+beyondcleaningpros-laplata+cleaningmaideasy-home+cleanupcompany-janitorial+leas-movein-princefrederick+mastercleaning-home+mastercleaning-services
janitorial co,12100,MEDIUM,mastercleaning-home
janitorial company,12100,MEDIUM,beyondcleaningpros-home+cleanupcompany-janitorial+leas-movein-princefrederick+streakers-california
pressure cleaning company,12100,MEDIUM,beyondcleaningpros-home
professional disinfection services,12100,LOW,squeakycleany-princefrederick
shower cleaning,12100,HIGH,alliance-residential
wall cleaning,12100,HIGH,squeakycleany-princefrederick
walls cleaning,12100,HIGH,rs-move-in-out-cleaning
window washing,12100,MEDIUM,beyondcleaningpros-home
apartment cleaning companies,9900,HIGH,beyondcleaningpros-home+leas-movein-princefrederick+maids2mop-waldorf+merrymaids-waldorf+rs-home+somdcleaningcrew-home+somdcleaningcrew-stmarys+squeakycleany-princefrederick+streakers-california+streakers-home+sweeney-lexingtonpark
apartment cleaning company,9900,HIGH,alliance-residential+cleaningmaideasy-home+leas-home+nextday-waldorf+themaids-laplata
apartment cleaning service,9900,HIGH,cleaningmaideasy-home
apartment cleaning services,9900,HIGH,alliance-residential+leas-home+maids2mop-waldorf+nextday-waldorf+themaids-laplata
apartment house cleaning,9900,HIGH,nextday-waldorf
apartment maid service,9900,HIGH,cleaningmaideasy-home+maids2mop-waldorf+nextday-waldorf+themaids-laplata
apartments cleaning services,9900,HIGH,rs-home
apt cleaning services,9900,HIGH,alliance-residential+beyondcleaningpros-home+beyondcleaningpros-laplata+cleaningmaideasy-home+leas-home+leas-movein-princefrederick+maids2mop-waldorf+nextday-waldorf+somdcleaningcrew-home+somdcleaningcrew-stmarys+squeakycleany-princefrederick+streakers-california+streakers-home+sweeney-lexingtonpark+themaids-laplata
baseboard cleaning,9900,HIGH,rs-home
carpet cleaning company near me,9900,LOW,alliance-home
carpet deep clean,9900,HIGH,bbmaintenance-officecleaning
carpet deep cleaning,9900,HIGH,nextday-waldorf
cleaner for home,9900,MEDIUM,beyondcleaningpros-home+beyondcleaningpros-laplata+cleaningmaideasy-home+maids2mop-waldorf+nextday-waldorf+rs-deep-cleaning+rs-home+rs-move-in-out-cleaning+rs-standard-cleaning+squeakycleany-princefrederick+sweeney-home+sweeney-lexingtonpark
cleaning a surface,9900,HIGH,rs-standard-cleaning
cleaning baseboards,9900,HIGH,rs-deep-cleaning+rs-move-in-out-cleaning
cleaning contractor,9900,LOW,alliance-home+alliance-residential+bbmaintenance-officecleaning+beyondcleaningpros-home+beyondcleaningpros-laplata+cleaningmaideasy-home+cleanupcompany-janitorial+leas-home+leas-movein-princefrederick+maids2mop-waldorf+mastercleaning-services+nextday-waldorf+rs-home+somdcleaningcrew-home+somdcleaningcrew-stmarys+squeakycleany-princefrederick+streakers-california+streakers-home+sweeney-lexingtonpark
cleaning in home,9900,MEDIUM,mastercleaning-home+rs-deep-cleaning+rs-home+rs-move-in-out-cleaning+rs-standard-cleaning+somdcleaningcrew-stmarys+sweeney-home+sweeney-lexingtonpark
cleaning roof,9900,MEDIUM,cleanupcompany-janitorial
cleaning surface,9900,HIGH,rs-standard-cleaning
cleaning the surface,9900,HIGH,rs-standard-cleaning
commercial carpet cleaning service,9900,MEDIUM,alliance-home+alliance-residential+squeakycleany-princefrederick
commercial carpet cleaning services,9900,MEDIUM,bbmaintenance-officecleaning
commercial cleaning contractors,9900,LOW,alliance-home+alliance-residential+bbmaintenance-officecleaning+beyondcleaningpros-home+cleanupcompany-janitorial+leas-movein-princefrederick+rs-home+somdcleaningcrew-home+somdcleaningcrew-stmarys+streakers-california
deep carpet cleaning,9900,HIGH,alliance-home
deep clean carpets,9900,HIGH,rs-standard-cleaning
deep cleaning rugs,9900,HIGH,rs-standard-cleaning
event cleaning,9900,LOW,maids2mop-waldorf
flat cleaning services,9900,HIGH,beyondcleaningpros-home+maids2mop-waldorf
floor care services,9900,LOW,bbmaintenance-officecleaning+cleanupcompany-janitorial
floor cleaning contractors,9900,LOW,bbmaintenance-officecleaning+cleanupcompany-janitorial+mastercleaning-services+rs-home
furniture cleaning,9900,HIGH,alliance-residential
home clean clean,9900,MEDIUM,rs-deep-cleaning+rs-home+rs-move-in-out-cleaning+rs-standard-cleaning+sweeney-home
home cleaning,9900,MEDIUM,alliance-home+alliance-residential+bbmaintenance-officecleaning+beyondcleaningpros-home+beyondcleaningpros-laplata+cleaningmaideasy-home+leas-movein-princefrederick+maids2mop-waldorf+mastercleaning-home+mastercleaning-services+nextday-waldorf+rs-deep-cleaning+rs-home+rs-move-in-out-cleaning+rs-standard-cleaning+somdcleaningcrew-home+somdcleaningcrew-stmarys+squeakycleany-princefrederick+streakers-california+streakers-home+sweeney-home+sweeney-lexingtonpark+themaids-laplata
home cleaning home,9900,MEDIUM,mastercleaning-home+rs-deep-cleaning+rs-home+rs-move-in-out-cleaning+rs-standard-cleaning+sweeney-home+sweeney-lexingtonpark
home cleaning home cleaning,9900,MEDIUM,mastercleaning-home+rs-deep-cleaning+rs-home+rs-move-in-out-cleaning+rs-standard-cleaning+sweeney-home+sweeney-lexingtonpark
house power washing,9900,HIGH,beyondcleaningpros-laplata
janitor products,9900,HIGH,rs-office-cleaning
janitor services near me,9900,LOW,streakers-home
janitorial products,9900,HIGH,streakers-california
janitorial service near me,9900,LOW,beyondcleaningpros-laplata
office cleaning near me,9900,LOW,alliance-home
professional commercial cleaning,9900,MEDIUM,alliance-home+beyondcleaningpros-home+beyondcleaningpros-laplata+somdcleaningcrew-stmarys+streakers-california
surface cleaning,9900,HIGH,rs-standard-cleaning
surfaces cleaning,9900,HIGH,rs-home+rs-office-cleaning
washing baseboards,9900,HIGH,rs-home
washing house,9900,LOW,alliance-residential+beyondcleaningpros-laplata+cleaningmaideasy-home
washing house near me,9900,MEDIUM,leas-home
cleaning the vents,8100,HIGH,rs-deep-cleaning
cleaning vents,8100,HIGH,rs-deep-cleaning
deep clean companies near me,8100,MEDIUM,leas-home+merrymaids-waldorf+rs-deep-cleaning
deep clean company near me,8100,MEDIUM,themaids-laplata
deep cleaning companies near me,8100,MEDIUM,beyondcleaningpros-laplata+streakers-home
deep cleaning company near me,8100,MEDIUM,alliance-home+leas-movein-princefrederick+nextday-waldorf+streakers-california
deep cleaning maid service near me,8100,MEDIUM,beyondcleaningpros-laplata+leas-home+maids2mop-waldorf+merrymaids-waldorf+nextday-waldorf+streakers-california+streakers-home+themaids-laplata
deep cleaning services near me,8100,MEDIUM,leas-movein-princefrederick+maids2mop-waldorf+merrymaids-waldorf+rs-standard-cleaning+streakers-california+streakers-home+sweeney-lexingtonpark
floor buffing,8100,HIGH,mastercleaning-services
floor mopping,8100,HIGH,cleanupcompany-janitorial
floor waxing,8100,HIGH,mastercleaning-services
medical office cleaning,8100,LOW,mastercleaning-services+streakers-california
medical office cleaning services,8100,LOW,mastercleaning-services+streakers-california
mopping floors,8100,HIGH,rs-standard-cleaning
natural cleaning,8100,HIGH,alliance-residential
power washing services near me,8100,HIGH,beyondcleaningpros-laplata
prof cleaning,8100,LOW,rs-office-cleaning
profes clean,8100,LOW,rs-office-cleaning
professional carpet cleaning near me,8100,HIGH,alliance-home
professional sofa cleaning services,8100,LOW,alliance-home
professionally cleaned,8100,LOW,mastercleaning-home
quality cleaning,8100,LOW,bbmaintenance-officecleaning
quality cleaning services,8100,LOW,bbmaintenance-officecleaning
service master cleaning services,8100,MEDIUM,mastercleaning-home+mastercleaning-services
spring cleaning,8100,LOW,bbmaintenance-officecleaning+maids2mop-waldorf+nextday-waldorf
upholstery cleaning company,8100,LOW,alliance-home+alliance-residential
upholstery cleaning services,8100,LOW,alliance-home+alliance-residential+nextday-waldorf
window cleaning service near me,8100,LOW,beyondcleaningpros-home
bathroom cleaning supplies,6600,HIGH,rs-home
best cleaning company near me,6600,HIGH,alliance-home+leas-home+streakers-home+themaids-laplata
best cleaning service near me,6600,HIGH,beyondcleaningpros-laplata+leas-home+streakers-home+themaids-laplata
best cleaning services near me,6600,HIGH,alliance-home+nextday-waldorf
best home cleaning services near me,6600,HIGH,leas-home+streakers-california+streakers-home+themaids-laplata
best house cleaning service near me,6600,HIGH,beyondcleaningpros-home+nextday-waldorf
best house cleaning services near me,6600,HIGH,alliance-home+beyondcleaningpros-laplata+leas-home+streakers-home+themaids-laplata
best maid service near me,6600,HIGH,themaids-laplata
best maid services near me,6600,HIGH,leas-home
checklist for home cleaning,6600,HIGH,rs-standard-cleaning
cleaning schedule for home,6600,HIGH,alliance-residential+cleaningmaideasy-home
commercial & office cleaning,6600,LOW,bbmaintenance-officecleaning+mastercleaning-home+rs-office-cleaning+somdcleaningcrew-home+somdcleaningcrew-stmarys
commercial and office cleaning,6600,LOW,bbmaintenance-officecleaning+mastercleaning-home+rs-office-cleaning+somdcleaningcrew-stmarys+streakers-california
commercial janitorial,6600,LOW,cleanupcompany-janitorial+mastercleaning-home
commercial office cleaning,6600,LOW,alliance-home+alliance-residential+bbmaintenance-officecleaning+beyondcleaningpros-home+cleaningmaideasy-home+cleanupcompany-janitorial+leas-movein-princefrederick+mastercleaning-home+rs-office-cleaning+somdcleaningcrew-home+somdcleaningcrew-stmarys+squeakycleany-princefrederick+streakers-california
floor tile cleaning,6600,HIGH,alliance-home
home cleaning checklist,6600,HIGH,cleaningmaideasy-home
home cleaning schedule,6600,HIGH,leas-movein-princefrederick
house cleaning checklist,6600,HIGH,cleaningmaideasy-home+maids2mop-waldorf
house cleaning schedule,6600,HIGH,alliance-residential+beyondcleaningpros-home+cleaningmaideasy-home+leas-movein-princefrederick+sweeney-home
kitchen cleaning,6600,HIGH,alliance-residential+rs-deep-cleaning+rs-home+rs-move-in-out-cleaning+rs-standard-cleaning+streakers-california
kitchen cleanliness,6600,HIGH,rs-move-in-out-cleaning+rs-standard-cleaning+rs-deep-cleaning
master cleaning,6600,LOW,mastercleaning-home+mastercleaning-services
medical cleaning services,6600,LOW,streakers-california
office cleaning contractor,6600,LOW,bbmaintenance-officecleaning+cleanupcompany-janitorial+leas-movein-princefrederick+mastercleaning-services
office cleaning contractors,6600,LOW,somdcleaningcrew-home+somdcleaningcrew-stmarys
professional carpet cleaning service,6600,LOW,mastercleaning-services+squeakycleany-princefrederick
professional carpet cleaning services,6600,LOW,alliance-home+alliance-residential+bbmaintenance-officecleaning+nextday-waldorf
professional cleaning,6600,LOW,alliance-home+alliance-residential+bbmaintenance-officecleaning+beyondcleaningpros-home+beyondcleaningpros-laplata+cleaningmaideasy-home+leas-home+leas-movein-princefrederick+maids2mop-waldorf+mastercleaning-services+merrymaids-waldorf+nextday-waldorf+rs-home+rs-office-cleaning+somdcleaningcrew-home+somdcleaningcrew-stmarys+squeakycleany-princefrederick+streakers-california+streakers-home+sweeney-home+sweeney-lexingtonpark+themaids-laplata
professional domestic cleaning services,6600,MEDIUM,nextday-waldorf+rs-home+somdcleaningcrew-home+somdcleaningcrew-stmarys
professional house cleaning company,6600,MEDIUM,alliance-residential+maids2mop-waldorf+nextday-waldorf+squeakycleany-princefrederick
professional house cleaning service,6600,MEDIUM,alliance-home+beyondcleaningpros-laplata+leas-home+merrymaids-waldorf+nextday-waldorf+somdcleaningcrew-home+squeakycleany-princefrederick+streakers-california+streakers-home+themaids-laplata
professional house cleaning services,6600,MEDIUM,alliance-residential+beyondcleaningpros-home+cleaningmaideasy-home+leas-movein-princefrederick+maids2mop-waldorf+somdcleaningcrew-stmarys
schedule house cleaning,6600,HIGH,beyondcleaningpros-laplata
soap scum,6600,LOW,rs-deep-cleaning
transparent cleaning,6600,LOW,rs-home
window cleaning residential,6600,MEDIUM,alliance-residential+beyondcleaningpros-home+mastercleaning-services
bathroom best cleaner,5400,HIGH,rs-home
best cleaner for floors,5400,HIGH,rs-home
cleaning business,5400,MEDIUM,alliance-home+leas-home+leas-movein-princefrederick+streakers-home
cleaning businesses,5400,MEDIUM,alliance-residential+bbmaintenance-officecleaning+beyondcleaningpros-home+beyondcleaningpros-laplata+maids2mop-waldorf+mastercleaning-home+mastercleaning-services+nextday-waldorf+rs-home+streakers-california+sweeney-lexingtonpark
cleaning schedule,5400,HIGH,alliance-residential+beyondcleaningpros-home+leas-movein-princefrederick
cleaning scheduling,5400,HIGH,rs-office-cleaning+rs-standard-cleaning+sweeney-home
cleaning services for restaurants,5400,MEDIUM,mastercleaning-services
cleaning solution,5400,MEDIUM,mastercleaning-home+rs-office-cleaning
cleaning solutions,5400,MEDIUM,alliance-home+alliance-residential+bbmaintenance-officecleaning+beyondcleaningpros-home+cleaningmaideasy-home+cleanupcompany-janitorial+nextday-waldorf+streakers-california+sweeney-home+sweeney-lexingtonpark
cleaning sweeping,5400,LOW,rs-office-cleaning
cleanout house,5400,LOW,somdcleaningcrew-stmarys
deep cleaning home,5400,MEDIUM,alliance-home+bbmaintenance-officecleaning+beyondcleaningpros-home+beyondcleaningpros-laplata+cleaningmaideasy-home+leas-movein-princefrederick+maids2mop-waldorf+nextday-waldorf+rs-deep-cleaning+rs-home+rs-move-in-out-cleaning+rs-standard-cleaning+sweeney-home+sweeney-lexingtonpark
deep cleaning homes,5400,MEDIUM,rs-office-cleaning
deep cleaning house,5400,MEDIUM,beyondcleaningpros-home+beyondcleaningpros-laplata+cleaningmaideasy-home+leas-movein-princefrederick+maids2mop-waldorf+merrymaids-waldorf+rs-home+streakers-california+streakers-home+sweeney-home+sweeney-lexingtonpark
deep cleaning house cleaning,5400,MEDIUM,rs-home
deep house clean,5400,MEDIUM,leas-home
deep house cleaners,5400,MEDIUM,themaids-laplata
deep house cleaning,5400,MEDIUM,alliance-home+nextday-waldorf
eco friendly cleaning,5400,MEDIUM,bbmaintenance-officecleaning+beyondcleaningpros-home
home clean out,5400,LOW,leas-movein-princefrederick+maids2mop-waldorf+rs-deep-cleaning+rs-home+rs-move-in-out-cleaning+rs-standard-cleaning+squeakycleany-princefrederick+sweeney-home+sweeney-lexingtonpark
home cleaning jobs,5400,MEDIUM,nextday-waldorf+somdcleaningcrew-home+squeakycleany-princefrederick
home deep cleaning,5400,MEDIUM,merrymaids-waldorf+streakers-california+streakers-home+themaids-laplata
home solution,5400,LOW,mastercleaning-home
home wash,5400,HIGH,squeakycleany-princefrederick
house clean out,5400,LOW,alliance-residential+beyondcleaningpros-home+beyondcleaningpros-laplata+cleaningmaideasy-home+leas-movein-princefrederick+maids2mop-waldorf+nextday-waldorf+squeakycleany-princefrederick+sweeney-home+sweeney-lexingtonpark
house cleaning job,5400,MEDIUM,alliance-home
house cleaning jobs,5400,MEDIUM,nextday-waldorf+somdcleaningcrew-home+squeakycleany-princefrederick
house wash,5400,HIGH,alliance-residential+cleaningmaideasy-home+squeakycleany-princefrederick
household deep cleaning,5400,MEDIUM,rs-home+rs-standard-cleaning+sweeney-home
job cleaning house,5400,MEDIUM,rs-home
job cleaning houses,5400,MEDIUM,cleaningmaideasy-home
maids near me,5400,MEDIUM,themaids-laplata
merry maids cleaning service,5400,LOW,merrymaids-waldorf+streakers-home+themaids-laplata
merry maids house cleaning service,5400,LOW,merrymaids-waldorf+streakers-home+themaids-laplata
office cleaning job,5400,LOW,bbmaintenance-officecleaning
office cleaning jobs,5400,LOW,somdcleaningcrew-home+squeakycleany-princefrederick
professional cleaning windows,5400,MEDIUM,rs-office-cleaning
professional window cleaning,5400,MEDIUM,beyondcleaningpros-home
roofing cleaning services,5400,LOW,cleanupcompany-janitorial
schedule cleaning,5400,HIGH,alliance-home+rs-home
solution cleaning,5400,MEDIUM,mastercleaning-home
solutions cleaning,5400,MEDIUM,alliance-home+cleanupcompany-janitorial+sweeney-home+sweeney-lexingtonpark
spot clean,5400,HIGH,alliance-residential+rs-deep-cleaning+rs-move-in-out-cleaning
the maid brigade,5400,MEDIUM,streakers-home+themaids-laplata
window cleaning company,5400,MEDIUM,alliance-residential+beyondcleaningpros-home
window cleaning professional,5400,MEDIUM,mastercleaning-services
carpet cleaning charges,4400,HIGH,bbmaintenance-officecleaning
carpet cleaning products,4400,HIGH,alliance-home
carpet cleaning services prices,4400,HIGH,alliance-home
carpet upholstery cleaner,4400,HIGH,alliance-home
checklist cleaning,4400,HIGH,rs-standard-cleaning
clean windows,4400,MEDIUM,squeakycleany-princefrederick
cleaning and dusting,4400,HIGH,rs-deep-cleaning+rs-move-in-out-cleaning
cleaning and mopping,4400,HIGH,rs-deep-cleaning+rs-move-in-out-cleaning
cleaning checklist,4400,HIGH,cleaningmaideasy-home+maids2mop-waldorf
cleaning floors,4400,HIGH,rs-home+rs-standard-cleaning
cleaning move in service,4400,MEDIUM,leas-movein-princefrederick+rs-deep-cleaning+rs-home+rs-move-in-out-cleaning+sweeney-home+sweeney-lexingtonpark
cleaning service la,4400,HIGH,beyondcleaningpros-laplata
cleaning service move in,4400,MEDIUM,rs-standard-cleaning
cleaning services los angeles,4400,HIGH,themaids-laplata
cleaning supplies home,4400,HIGH,rs-home
cleaning weekly schedule,4400,HIGH,cleanupcompany-janitorial
cleaning window,4400,MEDIUM,rs-move-in-out-cleaning
floor cleaner cleaner,4400,HIGH,rs-deep-cleaning
floor polishing,4400,HIGH,mastercleaning-services
fridge cleaning,4400,HIGH,alliance-residential
home cleaning charges,4400,MEDIUM,rs-home
home cleaning cost,4400,MEDIUM,beyondcleaningpros-laplata+maids2mop-waldorf+nextday-waldorf
home cleaning costs,4400,MEDIUM,rs-home
home cleaning price,4400,MEDIUM,rs-home
home cleaning prices,4400,MEDIUM,leas-home
house cleaner cost,4400,MEDIUM,leas-home+themaids-laplata
house cleaning charges,4400,MEDIUM,alliance-residential+beyondcleaningpros-home+beyondcleaningpros-laplata+cleaningmaideasy-home+leas-movein-princefrederick+maids2mop-waldorf+merrymaids-waldorf+nextday-waldorf+somdcleaningcrew-home+somdcleaningcrew-stmarys+squeakycleany-princefrederick+streakers-california+streakers-home+sweeney-lexingtonpark
house cleaning cost,4400,MEDIUM,beyondcleaningpros-laplata+maids2mop-waldorf+nextday-waldorf
house cleaning costs,4400,MEDIUM,squeakycleany-princefrederick
house cleaning fee,4400,MEDIUM,maids2mop-waldorf
house cleaning fees,4400,MEDIUM,beyondcleaningpros-home+beyondcleaningpros-laplata+leas-movein-princefrederick+rs-home+squeakycleany-princefrederick
house cleaning price,4400,MEDIUM,maids2mop-waldorf+streakers-home
house cleaning prices,4400,MEDIUM,leas-home+nextday-waldorf
house cleaning rate,4400,MEDIUM,maids2mop-waldorf+nextday-waldorf
house cleaning same day,4400,LOW,alliance-residential+beyondcleaningpros-laplata+leas-movein-princefrederick+sweeney-home
house cleaning services los angeles,4400,HIGH,themaids-laplata
house cleaning supplies,4400,HIGH,alliance-residential+maids2mop-waldorf+streakers-california
housekeeping cleaning supplies,4400,HIGH,maids2mop-waldorf+streakers-california
la cleaning service,4400,HIGH,alliance-home+alliance-residential+beyondcleaningpros-home+themaids-laplata
maid service la,4400,HIGH,beyondcleaningpros-laplata
maid service same day,4400,LOW,nextday-waldorf
maid services los angeles,4400,HIGH,themaids-laplata
mop cleaning,4400,HIGH,maids2mop-waldorf
mopping and cleaning,4400,HIGH,rs-deep-cleaning+rs-move-in-out-cleaning
mopping cleaner,4400,HIGH,rs-deep-cleaning+rs-move-in-out-cleaning+rs-standard-cleaning
mopping cleaners,4400,HIGH,rs-office-cleaning
move in cleaning service,4400,MEDIUM,beyondcleaningpros-home+leas-home+leas-movein-princefrederick+merrymaids-waldorf+nextday-waldorf+rs-deep-cleaning+rs-office-cleaning+streakers-california+streakers-home+sweeney-home+sweeney-lexingtonpark+themaids-laplata
move in home cleaning services,4400,MEDIUM,beyondcleaningpros-laplata+leas-home+leas-movein-princefrederick+merrymaids-waldorf+rs-home+streakers-california+streakers-home+sweeney-lexingtonpark+themaids-laplata
move in house cleaning service,4400,MEDIUM,merrymaids-waldorf+sweeney-home+sweeney-lexingtonpark
move in house cleaning services,4400,MEDIUM,rs-home
move in maid service,4400,MEDIUM,merrymaids-waldorf+streakers-california
moving and cleaning services,4400,MEDIUM,beyondcleaningpros-laplata+leas-movein-princefrederick+rs-move-in-out-cleaning
price for cleaning house,4400,MEDIUM,rs-home
price for house cleaning,4400,MEDIUM,leas-movein-princefrederick+sweeney-home
pricing for house cleaning,4400,MEDIUM,beyondcleaningpros-laplata
rates for house cleaning,4400,MEDIUM,leas-home
same day cleaning service,4400,LOW,leas-home+streakers-california+streakers-home+sweeney-home+themaids-laplata
same day cleaning services,4400,LOW,alliance-residential+beyondcleaningpros-home+beyondcleaningpros-laplata+cleaningmaideasy-home+leas-movein-princefrederick+maids2mop-waldorf+nextday-waldorf+somdcleaningcrew-home+somdcleaningcrew-stmarys
same day home cleaning,4400,LOW,leas-home+sweeney-home+themaids-laplata
same day home cleaning service,4400,LOW,alliance-residential+beyondcleaningpros-home+leas-home+leas-movein-princefrederick+nextday-waldorf+themaids-laplata
same day house cleaning,4400,LOW,beyondcleaningpros-home+leas-home+nextday-waldorf+themaids-laplata
same day house cleaning service,4400,LOW,alliance-residential+beyondcleaningpros-home+beyondcleaningpros-laplata+leas-home+leas-movein-princefrederick+nextday-waldorf+sweeney-home+themaids-laplata
same day maid service,4400,LOW,leas-home+themaids-laplata
sink cleaning,4400,HIGH,rs-home
spring cleaning checklist,4400,MEDIUM,maids2mop-waldorf
tile cleaning services,4400,MEDIUM,alliance-home+alliance-residential
window cleaning solutions,4400,HIGH,alliance-residential
airbnb cleaning,3600,LOW,leas-movein-princefrederick
apartment cleaning,3600,HIGH,alliance-residential+cleaningmaideasy-home+maids2mop-waldorf+nextday-waldorf+themaids-laplata
california cleaning,3600,LOW,somdcleaningcrew-stmarys
carpet cleaning at home,3600,HIGH,bbmaintenance-officecleaning
cleaning apartments,3600,HIGH,rs-home+rs-move-in-out-cleaning
cleaning outside of house,3600,HIGH,alliance-residential
cleaning residential,3600,LOW,cleanupcompany-janitorial+mastercleaning-services+rs-home+sweeney-lexingtonpark
deep cleaners near me,3600,LOW,leas-home+streakers-home+themaids-laplata
deep cleaning checklist,3600,HIGH,cleaningmaideasy-home+maids2mop-waldorf+rs-standard-cleaning
deep cleaning near me,3600,LOW,beyondcleaningpros-laplata
deep cleaning service near me,3600,HIGH,alliance-home+beyondcleaningpros-home+beyondcleaningpros-laplata+leas-home+nextday-waldorf+rs-deep-cleaning+rs-home+rs-office-cleaning+themaids-laplata
deep house cleaning service near me,3600,HIGH,beyondcleaningpros-home
deep house cleaning services near me,3600,HIGH,alliance-home+beyondcleaningpros-laplata+leas-home+maids2mop-waldorf+merrymaids-waldorf+nextday-waldorf+streakers-california+streakers-home+themaids-laplata
exterior home cleaning,3600,HIGH,rs-deep-cleaning
exterior house cleaning,3600,HIGH,nextday-waldorf
fabric cleaning,3600,HIGH,alliance-residential
home carpet cleaning,3600,HIGH,nextday-waldorf+squeakycleany-princefrederick
home cleaning carpets,3600,HIGH,rs-standard-cleaning
home deep cleaning services near me,3600,HIGH,beyondcleaningpros-home+beyondcleaningpros-laplata+maids2mop-waldorf+merrymaids-waldorf+nextday-waldorf+rs-deep-cleaning+rs-home+streakers-california+streakers-home+sweeney-lexingtonpark
house organization service,3600,MEDIUM,maids2mop-waldorf
house outside cleaning,3600,HIGH,nextday-waldorf
interior cleaning,3600,HIGH,alliance-residential+cleanupcompany-janitorial+rs-move-in-out-cleaning
local cleaning service,3600,MEDIUM,rs-office-cleaning
local cleaning services,3600,MEDIUM,alliance-home+beyondcleaningpros-laplata+cleanupcompany-janitorial+leas-home+leas-movein-princefrederick+mastercleaning-home+nextday-waldorf+rs-deep-cleaning+rs-home+rs-standard-cleaning+squeakycleany-princefrederick+streakers-california+streakers-home+sweeney-home+sweeney-lexingtonpark
local house cleaning services,3600,MEDIUM,leas-home+nextday-waldorf+rs-home+squeakycleany-princefrederick+streakers-california+streakers-home+sweeney-home
local maid cleaning services,3600,MEDIUM,nextday-waldorf+streakers-california+streakers-home
local maid service,3600,MEDIUM,nextday-waldorf+streakers-california
local maid services,3600,MEDIUM,leas-home+streakers-home
move in move out cleaning near me,3600,MEDIUM,rs-move-in-out-cleaning+sweeney-lexingtonpark
move out cleaners near me,3600,MEDIUM,beyondcleaningpros-laplata+leas-home+streakers-home+themaids-laplata
move out cleaning near me,3600,MEDIUM,beyondcleaningpros-home+leas-movein-princefrederick+merrymaids-waldorf+rs-move-in-out-cleaning+streakers-california+sweeney-lexingtonpark
office cleaning companies near me,3600,LOW,streakers-home
office cleaning company near me,3600,LOW,alliance-home+bbmaintenance-officecleaning+leas-movein-princefrederick+streakers-california
office cleaning service near me,3600,LOW,beyondcleaningpros-home+cleaningmaideasy-home+leas-movein-princefrederick+mastercleaning-home+rs-home+rs-office-cleaning+somdcleaningcrew-home+squeakycleany-princefrederick+streakers-home
office cleaning services near me,3600,LOW,alliance-home+bbmaintenance-officecleaning+mastercleaning-services+somdcleaningcrew-stmarys+streakers-california
professional mold cleaning services,3600,LOW,squeakycleany-princefrederick
residential cleaners,3600,LOW,merrymaids-waldorf
residential cleaning,3600,LOW,alliance-home+alliance-residential+bbmaintenance-officecleaning+beyondcleaningpros-home+beyondcleaningpros-laplata+cleaningmaideasy-home+leas-home+nextday-waldorf+rs-deep-cleaning+rs-office-cleaning+rs-standard-cleaning+somdcleaningcrew-home+somdcleaningcrew-stmarys+squeakycleany-princefrederick+streakers-california+streakers-home+sweeney-home+themaids-laplata
sofa cleaning company near me,3600,HIGH,alliance-home
sweeping the floors,3600,LOW,rs-standard-cleaning
vacuuming carpets,3600,HIGH,rs-standard-cleaning
bathroom cleaning agency,2900,MEDIUM,rs-home
bathroom cleaning services,2900,MEDIUM,alliance-residential+rs-home+streakers-california
best cleaning products,2900,HIGH,alliance-home
building maintenance,2900,LOW,cleanupcompany-janitorial+mastercleaning-services
business cleaning service,2900,MEDIUM,squeakycleany-princefrederick
business cleaning services,2900,MEDIUM,alliance-home+beyondcleaningpros-home+cleaningmaideasy-home+leas-movein-princefrederick+mastercleaning-services+rs-home+rs-office-cleaning+somdcleaningcrew-stmarys
carpet steam cleaning services near me,2900,MEDIUM,mastercleaning-services
charlotte home cleaning services,2900,HIGH,somdcleaningcrew-stmarys
charlotte house cleaning services,2900,HIGH,somdcleaningcrew-home+somdcleaningcrew-stmarys
clean and move,2900,MEDIUM,rs-deep-cleaning+rs-home+rs-move-in-out-cleaning
cleaning and maid services,2900,HIGH,somdcleaningcrew-stmarys
cleaning bathroom,2900,MEDIUM,squeakycleany-princefrederick
cleaning business logo,2900,HIGH,cleanupcompany-janitorial
cleaning business services,2900,MEDIUM,nextday-waldorf
cleaning companies in my area,2900,HIGH,alliance-home+beyondcleaningpros-laplata+cleaningmaideasy-home+leas-home+leas-movein-princefrederick+merrymaids-waldorf+rs-home+themaids-laplata
cleaning company business,2900,MEDIUM,beyondcleaningpros-home+cleanupcompany-janitorial+rs-home+squeakycleany-princefrederick
cleaning company logo,2900,HIGH,cleanupcompany-janitorial
cleaning company orlando,2900,HIGH,beyondcleaningpros-home
cleaning out vents,2900,HIGH,rs-deep-cleaning
cleaning products best,2900,HIGH,rs-office-cleaning
cleaning service charlotte,2900,HIGH,somdcleaningcrew-stmarys
cleaning service for business,2900,MEDIUM,sweeney-home
cleaning service in my area,2900,HIGH,sweeney-home
cleaning services charlotte,2900,HIGH,somdcleaningcrew-home
cleaning services for businesses,2900,MEDIUM,streakers-california
cleaning services in my area,2900,HIGH,alliance-home+beyondcleaningpros-laplata+cleaningmaideasy-home+leas-home+leas-movein-princefrederick+merrymaids-waldorf+nextday-waldorf+rs-home+sweeney-lexingtonpark+themaids-laplata
cleaning services in orlando fl,2900,HIGH,beyondcleaningpros-home
cleaning services logo,2900,HIGH,cleanupcompany-janitorial
cleaning services orlando,2900,HIGH,beyondcleaningpros-home
floor cleaning services,2900,HIGH,alliance-home+alliance-residential+bbmaintenance-officecleaning+cleanupcompany-janitorial+mastercleaning-services+rs-home+squeakycleany-princefrederick
grout cleaning company,2900,HIGH,alliance-home+alliance-residential
grout cleaning services,2900,HIGH,alliance-home
hardwood floor cleaning services,2900,MEDIUM,alliance-home+alliance-residential
home cleaners,2900,MEDIUM,leas-home+merrymaids-waldorf
home cleaners in my area,2900,HIGH,leas-home+merrymaids-waldorf+themaids-laplata
home cleaning companies in my area,2900,HIGH,cleaningmaideasy-home+merrymaids-waldorf+rs-home
home cleaning professionals,2900,MEDIUM,mastercleaning-home
home cleaning services in my area,2900,HIGH,alliance-home+beyondcleaningpros-laplata+cleaningmaideasy-home+leas-home+leas-movein-princefrederick+merrymaids-waldorf+rs-home+sweeney-lexingtonpark+themaids-laplata
home cleaning services orlando,2900,HIGH,beyondcleaningpros-home+beyondcleaningpros-laplata
home professional cleaning,2900,MEDIUM,alliance-residential+leas-movein-princefrederick+somdcleaningcrew-home+sweeney-home+sweeney-lexingtonpark
homes cleaning,2900,MEDIUM,rs-office-cleaning
house cleaners in my area,2900,HIGH,leas-home+merrymaids-waldorf+themaids-laplata
house cleaning companies in my area,2900,HIGH,beyondcleaningpros-laplata+cleaningmaideasy-home+leas-home+leas-movein-princefrederick+merrymaids-waldorf+nextday-waldorf+rs-home+sweeney-home+sweeney-lexingtonpark+themaids-laplata
house cleaning in my area,2900,HIGH,alliance-home+beyondcleaningpros-laplata+cleaningmaideasy-home+leas-movein-princefrederick+nextday-waldorf+sweeney-home+sweeney-lexingtonpark
house cleaning move in,2900,MEDIUM,beyondcleaningpros-home+maids2mop-waldorf
house cleaning professionals,2900,MEDIUM,leas-movein-princefrederick+rs-home+sweeney-lexingtonpark
house cleaning services in my area,2900,HIGH,alliance-home+alliance-residential+beyondcleaningpros-home+beyondcleaningpros-laplata+cleaningmaideasy-home+leas-home+leas-movein-princefrederick+maids2mop-waldorf+merrymaids-waldorf+nextday-waldorf+somdcleaningcrew-home+somdcleaningcrew-stmarys+squeakycleany-princefrederick+streakers-california+streakers-home+sweeney-home+sweeney-lexingtonpark+themaids-laplata
house cleaning services orlando,2900,HIGH,beyondcleaningpros-home+beyondcleaningpros-laplata
house professional cleaning,2900,MEDIUM,sweeney-home
industrial carpet cleaning,2900,HIGH,alliance-home+alliance-residential
logos for cleaning company,2900,HIGH,mastercleaning-home
maid cleaner,2900,MEDIUM,beyondcleaningpros-laplata+merrymaids-waldorf+nextday-waldorf+themaids-laplata
maid cleaning,2900,MEDIUM,beyondcleaningpros-laplata+cleaningmaideasy-home+cleanupcompany-janitorial+leas-home+maids2mop-waldorf+merrymaids-waldorf+nextday-waldorf+somdcleaningcrew-home+somdcleaningcrew-stmarys+squeakycleany-princefrederick+streakers-california+themaids-laplata
maid cleaning service,2900,HIGH,beyondcleaningpros-laplata+leas-home+maids2mop-waldorf+merrymaids-waldorf+somdcleaningcrew-home+somdcleaningcrew-stmarys+streakers-california+themaids-laplata
maid cleaning services,2900,HIGH,nextday-waldorf+squeakycleany-princefrederick
maid service orlando,2900,HIGH,beyondcleaningpros-laplata
maid to clean,2900,MEDIUM,beyondcleaningpros-laplata+cleaningmaideasy-home+leas-home+merrymaids-waldorf+somdcleaningcrew-stmarys+streakers-california+streakers-home+themaids-laplata
maids cleaning service,2900,HIGH,streakers-home
maids to clean,2900,MEDIUM,maids2mop-waldorf
mirror cleaning,2900,HIGH,rs-move-in-out-cleaning+rs-standard-cleaning
mopping solutions,2900,HIGH,sweeney-home+sweeney-lexingtonpark
move in cleaning,2900,MEDIUM,leas-home+leas-movein-princefrederick+merrymaids-waldorf+rs-deep-cleaning+rs-home+rs-office-cleaning+rs-standard-cleaning+streakers-california+streakers-home+sweeney-home+sweeney-lexingtonpark+themaids-laplata
moving cleaning,2900,MEDIUM,rs-move-in-out-cleaning
professional cleaning home,2900,MEDIUM,rs-home
professional deep cleaning service,2900,MEDIUM,somdcleaningcrew-stmarys
professional deep cleaning services,2900,MEDIUM,alliance-home+bbmaintenance-officecleaning+beyondcleaningpros-home+beyondcleaningpros-laplata+cleaningmaideasy-home+leas-home+leas-movein-princefrederick+maids2mop-waldorf+nextday-waldorf+rs-home+rs-office-cleaning+streakers-california+streakers-home
professional domestic cleaners,2900,MEDIUM,beyondcleaningpros-home+beyondcleaningpros-laplata+maids2mop-waldorf+mastercleaning-services+merrymaids-waldorf+nextday-waldorf+themaids-laplata
professional domestic cleaning,2900,MEDIUM,somdcleaningcrew-stmarys
professional home cleaners,2900,MEDIUM,bbmaintenance-officecleaning+mastercleaning-services
professional house cleaning,2900,MEDIUM,alliance-home+alliance-residential+beyondcleaningpros-home+beyondcleaningpros-laplata+cleaningmaideasy-home+leas-home+maids2mop-waldorf+merrymaids-waldorf+nextday-waldorf+somdcleaningcrew-home+somdcleaningcrew-stmarys+squeakycleany-princefrederick+streakers-california+streakers-home+themaids-laplata
sparkling clean,2900,LOW,cleaningmaideasy-home+streakers-home
tile and grout cleaning company,2900,LOW,alliance-home
tile grout cleaning company,2900,LOW,alliance-home
a+ cleaning,2400,LOW,somdcleaningcrew-stmarys+sweeney-home+sweeney-lexingtonpark
affordable house cleaning near me,2400,HIGH,themaids-laplata
affordable house cleaning services near me,2400,HIGH,leas-home+themaids-laplata
affordable maid service near me,2400,HIGH,themaids-laplata
apartment cleaning service near me,2400,HIGH,nextday-waldorf
apartment cleaning services near me,2400,HIGH,leas-home+themaids-laplata
apt cleaning services near me,2400,HIGH,alliance-home+beyondcleaningpros-laplata+merrymaids-waldorf+streakers-california+streakers-home
best clean,2400,HIGH,sweeney-home
best cleaning,2400,HIGH,alliance-home+cleaningmaideasy-home+cleanupcompany-janitorial+maids2mop-waldorf+nextday-waldorf+rs-deep-cleaning+rs-home+rs-office-cleaning+streakers-home
carpet removal service,2400,MEDIUM,nextday-waldorf+squeakycleany-princefrederick
carpet removal services,2400,MEDIUM,bbmaintenance-officecleaning
cheap cleaning services near me,2400,HIGH,leas-home
cheap house cleaning services near me,2400,HIGH,merrymaids-waldorf+streakers-california+streakers-home+themaids-laplata
cheapest house cleaning services near me,2400,HIGH,leas-home
cleaning company baltimore,2400,HIGH,leas-home
cleaning company move out,2400,MEDIUM,rs-move-in-out-cleaning
cleaning house business,2400,LOW,rs-home
cleaning houses business,2400,LOW,cleanupcompany-janitorial
cleaning images,2400,LOW,sweeney-home
cleaning routine,2400,LOW,rs-deep-cleaning+rs-move-in-out-cleaning
cleaning service business,2400,LOW,leas-home+somdcleaningcrew-home+streakers-home
cleaning services baltimore,2400,HIGH,leas-home
cleaning services baltimore md,2400,HIGH,maids2mop-waldorf
cleaning services business,2400,LOW,cleanupcompany-janitorial
cleaning suggestions,2400,LOW,sweeney-home+sweeney-lexingtonpark
cleaning tips,2400,LOW,alliance-home+alliance-residential+bbmaintenance-officecleaning
commercial cleaning jobs,2400,LOW,somdcleaningcrew-home+squeakycleany-princefrederick
commercial mopping,2400,HIGH,mastercleaning-home+rs-deep-cleaning+rs-office-cleaning
daily weekly monthly cleaning schedule,2400,HIGH,cleanupcompany-janitorial
easier cleaning,2400,LOW,rs-home
easy clean,2400,LOW,cleaningmaideasy-home
easy cleaning,2400,LOW,bbmaintenance-officecleaning
floor cleaning solution,2400,HIGH,alliance-home+alliance-residential
floor cleaning solutions,2400,HIGH,bbmaintenance-officecleaning+mastercleaning-services
home cleaning business,2400,LOW,alliance-home+beyondcleaningpros-home+cleaningmaideasy-home+leas-home+leas-movein-princefrederick+maids2mop-waldorf+mastercleaning-services+nextday-waldorf+rs-home+somdcleaningcrew-home+somdcleaningcrew-stmarys+squeakycleany-princefrederick+streakers-home
home cleaning businesses,2400,LOW,mastercleaning-home
home cleaning companies,2400,LOW,maids2mop-waldorf
home cleaning company,2400,LOW,alliance-home+alliance-residential+bbmaintenance-officecleaning+beyondcleaningpros-home+cleaningmaideasy-home+cleanupcompany-janitorial+leas-home+leas-movein-princefrederick+nextday-waldorf+rs-home+squeakycleany-princefrederick+streakers-california+streakers-home+sweeney-lexingtonpark+themaids-laplata
home cleaning move out,2400,MEDIUM,rs-home
home cleaning service business,2400,LOW,rs-home+somdcleaningcrew-home
house cleaning business,2400,LOW,alliance-home+beyondcleaningpros-home+cleaningmaideasy-home+leas-home+leas-movein-princefrederick+maids2mop-waldorf+nextday-waldorf+somdcleaningcrew-home+somdcleaningcrew-stmarys+squeakycleany-princefrederick+streakers-home+sweeney-home
house cleaning businesses,2400,LOW,alliance-residential+beyondcleaningpros-laplata+merrymaids-waldorf+streakers-california+sweeney-lexingtonpark
house cleaning company,2400,LOW,alliance-home+alliance-residential+beyondcleaningpros-home+cleaningmaideasy-home+leas-movein-princefrederick+nextday-waldorf+rs-home+squeakycleany-princefrederick+streakers-california+streakers-home+sweeney-home+sweeney-lexingtonpark
house cleaning move out,2400,MEDIUM,beyondcleaningpros-home+leas-movein-princefrederick+rs-home
house cleaning routine,2400,LOW,sweeney-home
house cleaning service baltimore,2400,HIGH,leas-home
indoor air quality services,2400,LOW,squeakycleany-princefrederick
maid service baltimore,2400,HIGH,leas-home
mopping the floor,2400,MEDIUM,rs-deep-cleaning
mopping the floors,2400,MEDIUM,rs-standard-cleaning
move in and move out cleaning,2400,MEDIUM,leas-home+leas-movein-princefrederick+merrymaids-waldorf+rs-move-in-out-cleaning+streakers-home+sweeney-lexingtonpark+themaids-laplata
move out cleaning companies,2400,MEDIUM,maids2mop-waldorf
move out cleaning company,2400,MEDIUM,alliance-residential+beyondcleaningpros-home+leas-home+leas-movein-princefrederick+nextday-waldorf+rs-home+streakers-california+streakers-home+sweeney-home+sweeney-lexingtonpark+themaids-laplata
move out cleaning service near me,2400,MEDIUM,beyondcleaningpros-home+leas-movein-princefrederick+nextday-waldorf+rs-home
move out cleaning services near me,2400,MEDIUM,beyondcleaningpros-laplata+leas-home+maids2mop-waldorf+mastercleaning-home+merrymaids-waldorf+rs-move-in-out-cleaning+streakers-california+streakers-home+sweeney-lexingtonpark+themaids-laplata
move out house cleaning services near me,2400,MEDIUM,beyondcleaningpros-home+beyondcleaningpros-laplata+leas-home+leas-movein-princefrederick+maids2mop-waldorf+merrymaids-waldorf+rs-move-in-out-cleaning+streakers-california+streakers-home+sweeney-lexingtonpark+themaids-laplata
professional cleaners near me,2400,MEDIUM,leas-home+streakers-home+themaids-laplata
professional cleaning agency,2400,MEDIUM,mastercleaning-services+rs-home+somdcleaningcrew-stmarys
professional cleaning co,2400,MEDIUM,rs-home
professional cleaning companies,2400,MEDIUM,beyondcleaningpros-laplata+maids2mop-waldorf+mastercleaning-services+merrymaids-waldorf+somdcleaningcrew-home+somdcleaningcrew-stmarys+sweeney-home+themaids-laplata
professional cleaning company,2400,MEDIUM,alliance-home+alliance-residential+bbmaintenance-officecleaning+beyondcleaningpros-home+cleaningmaideasy-home+cleanupcompany-janitorial+leas-home+leas-movein-princefrederick+nextday-waldorf+rs-home+squeakycleany-princefrederick+streakers-california+streakers-home+sweeney-lexingtonpark
professional cleaning company near me,2400,MEDIUM,alliance-home+leas-home+streakers-home+themaids-laplata
professional cleaning near me,2400,MEDIUM,alliance-home+beyondcleaningpros-laplata
professional cleaning services near me,2400,MEDIUM,alliance-home+beyondcleaningpros-home+beyondcleaningpros-laplata+leas-home+mastercleaning-services+merrymaids-waldorf+nextday-waldorf+squeakycleany-princefrederick+streakers-california+streakers-home+themaids-laplata
professional upholstery cleaner,2400,HIGH,alliance-home
professional upholstery cleaning company,2400,HIGH,alliance-home
refrigerator cleaning,2400,HIGH,alliance-residential+rs-move-in-out-cleaning
room clean up,2400,LOW,sweeney-home
sparkle cleaning service,2400,MEDIUM,streakers-home
sparkling clean services,2400,MEDIUM,cleaningmaideasy-home+streakers-california
airbnb cleaning service,1900,MEDIUM,leas-movein-princefrederick
airbnb cleaning services,1900,MEDIUM,beyondcleaningpros-home
all clean,1900,HIGH,rs-deep-cleaning+rs-office-cleaning+rs-standard-cleaning
all cleaning,1900,HIGH,mastercleaning-services+rs-move-in-out-cleaning+squeakycleany-princefrederick+sweeney-home
building services,1900,LOW,mastercleaning-services
clean space,1900,LOW,rs-home
cleaner space,1900,LOW,rs-home
cleaning companies for houses,1900,MEDIUM,somdcleaningcrew-home
cleaning domestic,1900,LOW,alliance-residential+bbmaintenance-officecleaning+beyondcleaningpros-home+cleaningmaideasy-home+cleanupcompany-janitorial+leas-movein-princefrederick+mastercleaning-services+nextday-waldorf+rs-home+somdcleaningcrew-stmarys+squeakycleany-princefrederick+sweeney-lexingtonpark
cleaning houses company,1900,MEDIUM,cleanupcompany-janitorial
cleaning logo,1900,MEDIUM,nextday-waldorf
cleaning products for cleaning business,1900,HIGH,alliance-home+rs-home+rs-office-cleaning
cleaning space,1900,LOW,rs-standard-cleaning+sweeney-home
cleaning spaces,1900,LOW,rs-move-in-out-cleaning+rs-office-cleaning
cleaning supplies for cleaning business,1900,HIGH,alliance-home+beyondcleaningpros-home+maids2mop-waldorf
cleaning team,1900,LOW,alliance-home+bbmaintenance-officecleaning+beyondcleaningpros-home+beyondcleaningpros-laplata+cleaningmaideasy-home+cleanupcompany-janitorial+leas-home+leas-movein-princefrederick+nextday-waldorf+rs-home+rs-standard-cleaning+squeakycleany-princefrederick+streakers-home+sweeney-home+sweeney-lexingtonpark
cleaning teams,1900,LOW,mastercleaning-home+mastercleaning-services+somdcleaningcrew-home+somdcleaningcrew-stmarys
come cleaning,1900,LOW,sweeney-home+rs-home
commercial floor cleaning,1900,HIGH,alliance-home+alliance-residential+bbmaintenance-officecleaning+cleanupcompany-janitorial+squeakycleany-princefrederick
complete cleaning,1900,LOW,maids2mop-waldorf+squeakycleany-princefrederick
daily cleaning checklist,1900,HIGH,cleaningmaideasy-home+maids2mop-waldorf
disinfecting carpets,1900,HIGH,rs-standard-cleaning
domestic cleaners,1900,LOW,leas-home+maids2mop-waldorf+merrymaids-waldorf+somdcleaningcrew-home+streakers-california
eco friendly cleaning company,1900,LOW,bbmaintenance-officecleaning+beyondcleaningpros-home
eco friendly house cleaners,1900,LOW,beyondcleaningpros-home
exterior building cleaning,1900,MEDIUM,cleanupcompany-janitorial
exterior cleaning,1900,MEDIUM,cleanupcompany-janitorial+rs-deep-cleaning+rs-standard-cleaning
exterior cleaning service,1900,LOW,rs-deep-cleaning
exterior cleaning services,1900,LOW,cleanupcompany-janitorial
facility management services,1900,LOW,bbmaintenance-officecleaning+cleanupcompany-janitorial
home cleaning agency,1900,MEDIUM,bbmaintenance-officecleaning+mastercleaning-home+rs-home+somdcleaningcrew-home
house cleaners for seniors,1900,HIGH,merrymaids-waldorf+streakers-california
house cleaning companies,1900,MEDIUM,leas-home+maids2mop-waldorf+themaids-laplata
house cleaning one time,1900,MEDIUM,sweeney-lexingtonpark
house cleaning services for seniors,1900,HIGH,merrymaids-waldorf+streakers-california
house keeping services near me,1900,HIGH,beyondcleaningpros-laplata+themaids-laplata
logo cleaning,1900,MEDIUM,mastercleaning-home
logo of cleaning,1900,MEDIUM,mastercleaning-home
mopping sweeping,1900,HIGH,rs-office-cleaning+rs-standard-cleaning
move out cleaning checklist,1900,MEDIUM,maids2mop-waldorf
one time cleaning,1900,MEDIUM,alliance-home+beyondcleaningpros-laplata+leas-home+mastercleaning-services+merrymaids-waldorf+streakers-home+sweeney-home+themaids-laplata
one time cleaning service,1900,MEDIUM,alliance-home+beyondcleaningpros-laplata+cleaningmaideasy-home+leas-home+mastercleaning-services+merrymaids-waldorf+nextday-waldorf+rs-standard-cleaning+squeakycleany-princefrederick+streakers-home+sweeney-home+themaids-laplata
one time home cleaning,1900,MEDIUM,alliance-home+beyondcleaningpros-laplata+cleaningmaideasy-home+leas-home+merrymaids-waldorf+nextday-waldorf+squeakycleany-princefrederick+streakers-home+sweeney-home+themaids-laplata
one time home cleaning service,1900,MEDIUM,alliance-home+beyondcleaningpros-laplata+cleaningmaideasy-home+mastercleaning-services+merrymaids-waldorf+squeakycleany-princefrederick+sweeney-home
one time house cleaning service,1900,MEDIUM,alliance-residential+beyondcleaningpros-laplata+cleaningmaideasy-home+leas-home+maids2mop-waldorf+merrymaids-waldorf+nextday-waldorf+squeakycleany-princefrederick+streakers-home+sweeney-home+themaids-laplata
one time maid service,1900,MEDIUM,beyondcleaningpros-laplata+leas-home+merrymaids-waldorf+streakers-home+themaids-laplata
power washing orlando,1900,MEDIUM,beyondcleaningpros-home
pressure washing services orlando,1900,MEDIUM,beyondcleaningpros-home
professional steam cleaning,1900,HIGH,mastercleaning-services+nextday-waldorf
quick cleaning,1900,LOW,rs-deep-cleaning+rs-home+rs-move-in-out-cleaning+rs-office-cleaning+rs-standard-cleaning
ready cleaning,1900,HIGH,rs-move-in-out-cleaning+rs-home
retail cleaning service,1900,LOW,alliance-home+alliance-residential+cleaningmaideasy-home+cleanupcompany-janitorial+mastercleaning-home+mastercleaning-services+squeakycleany-princefrederick+streakers-california
service company,1900,LOW,cleanupcompany-janitorial+leas-movein-princefrederick+squeakycleany-princefrederick
steam cleaning services,1900,HIGH,mastercleaning-services+nextday-waldorf
sweeping mopping,1900,HIGH,rs-office-cleaning+rs-standard-cleaning
upholstery cleaning company near me,1900,MEDIUM,alliance-home
upholstery cleaning services near me,1900,MEDIUM,alliance-home
window cleaning charges,1900,MEDIUM,mastercleaning-services
affordable cleaning service,1600,MEDIUM,somdcleaningcrew-home+somdcleaningcrew-stmarys
affordable cleaning services,1600,MEDIUM,beyondcleaningpros-home+beyondcleaningpros-laplata+cleaningmaideasy-home+leas-home+leas-movein-princefrederick+merrymaids-waldorf+nextday-waldorf+streakers-california+streakers-home+themaids-laplata
apartment cleaners near me,1600,HIGH,leas-home+themaids-laplata
apartment move out cleaning,1600,HIGH,maids2mop-waldorf
apartment move out cleaning services,1600,HIGH,alliance-residential+maids2mop-waldorf+nextday-waldorf
average cost of house cleaning,1600,MEDIUM,nextday-waldorf
bed cleaning,1600,HIGH,rs-standard-cleaning
brand cleaning,1600,LOW,rs-home
brooming and mopping,1600,HIGH,rs-office-cleaning
carpet steam cleaner professional,1600,HIGH,mastercleaning-services
clean home,1600,MEDIUM,alliance-residential+beyondcleaningpros-home+beyondcleaningpros-laplata+cleaningmaideasy-home+leas-movein-princefrederick+maids2mop-waldorf+nextday-waldorf+rs-deep-cleaning+rs-home+rs-move-in-out-cleaning+rs-standard-cleaning+squeakycleany-princefrederick+sweeney-home+sweeney-lexingtonpark
cleaning blinds,1600,HIGH,rs-deep-cleaning
cleaning companies dc,1600,HIGH,mastercleaning-services+merrymaids-waldorf
cleaning company costs,1600,MEDIUM,rs-home
cleaning company dc,1600,HIGH,alliance-home+alliance-residential+leas-movein-princefrederick
cleaning company prices,1600,MEDIUM,leas-home
cleaning company pricing,1600,MEDIUM,leas-movein-princefrederick+rs-home
cleaning crew,1600,MEDIUM,alliance-home+somdcleaningcrew-home+somdcleaningcrew-stmarys+squeakycleany-princefrederick+streakers-home+sweeney-home
cleaning home,1600,MEDIUM,alliance-home+alliance-residential+bbmaintenance-officecleaning+beyondcleaningpros-home+beyondcleaningpros-laplata+cleaningmaideasy-home+leas-movein-princefrederick+maids2mop-waldorf+mastercleaning-home+merrymaids-waldorf+nextday-waldorf+rs-deep-cleaning+rs-move-in-out-cleaning+rs-standard-cleaning+somdcleaningcrew-home+somdcleaningcrew-stmarys+squeakycleany-princefrederick+streakers-california+streakers-home+sweeney-home+sweeney-lexingtonpark
cleaning service cost,1600,MEDIUM,leas-home+themaids-laplata
cleaning service dc,1600,HIGH,alliance-home+alliance-residential+leas-movein-princefrederick+maids2mop-waldorf+mastercleaning-services+nextday-waldorf
cleaning service price,1600,MEDIUM,streakers-home
cleaning service washington dc,1600,HIGH,merrymaids-waldorf
cleaning services and prices,1600,MEDIUM,alliance-home
cleaning services dc,1600,HIGH,beyondcleaningpros-home
cleaning services price,1600,MEDIUM,bbmaintenance-officecleaning
cleaning services prices,1600,MEDIUM,alliance-home+leas-home+nextday-waldorf
cleaning services washington dc,1600,HIGH,alliance-home+alliance-residential+leas-home+maids2mop-waldorf+mastercleaning-services+themaids-laplata
cleaning supplies for commercial cleaning,1600,HIGH,alliance-residential+bbmaintenance-officecleaning+maids2mop-waldorf+streakers-california
cleaning the blinds,1600,HIGH,rs-deep-cleaning
cleaning the glass,1600,LOW,rs-standard-cleaning
commercial carpet cleaning equipment,1600,HIGH,bbmaintenance-officecleaning
commercial cleaning supplies,1600,HIGH,alliance-residential+bbmaintenance-officecleaning+streakers-california
commercial cleaning supply,1600,HIGH,rs-office-cleaning
cost of cleaning service,1600,MEDIUM,alliance-home+beyondcleaningpros-laplata+maids2mop-waldorf+nextday-waldorf
dc cleaning service,1600,HIGH,leas-home+merrymaids-waldorf+themaids-laplata
dc home cleaning service,1600,HIGH,merrymaids-waldorf
floor stripping and waxing,1600,MEDIUM,mastercleaning-services
green cleaning companies,1600,LOW,mastercleaning-home
green cleaning company,1600,LOW,beyondcleaningpros-home
green cleaning service,1600,LOW,mastercleaning-services
green cleaning services,1600,LOW,beyondcleaningpros-home+mastercleaning-home
home washing,1600,LOW,beyondcleaningpros-home+cleaningmaideasy-home
house cleaning dc,1600,HIGH,alliance-residential+leas-home+leas-movein-princefrederick+maids2mop-waldorf+merrymaids-waldorf+themaids-laplata
house cleaning services dc,1600,HIGH,alliance-residential+leas-home+leas-movein-princefrederick+maids2mop-waldorf+merrymaids-waldorf+nextday-waldorf+themaids-laplata
house help,1600,LOW,merrymaids-waldorf
house helpers,1600,LOW,alliance-residential+maids2mop-waldorf+merrymaids-waldorf
house move out cleaning services,1600,MEDIUM,alliance-residential+nextday-waldorf
icon cleaning,1600,LOW,mastercleaning-home
maid service dc,1600,HIGH,leas-home+maids2mop-waldorf+merrymaids-waldorf+themaids-laplata
maid service move out cleaning,1600,MEDIUM,beyondcleaningpros-laplata+leas-movein-princefrederick+maids2mop-waldorf+merrymaids-waldorf+streakers-california+streakers-home+sweeney-lexingtonpark+themaids-laplata
maid service washington dc,1600,HIGH,merrymaids-waldorf+themaids-laplata
maintenance services,1600,LOW,alliance-residential+bbmaintenance-officecleaning+cleanupcompany-janitorial+mastercleaning-services+rs-deep-cleaning+rs-home+rs-move-in-out-cleaning+rs-standard-cleaning+somdcleaningcrew-home+squeakycleany-princefrederick+sweeney-lexingtonpark
merry maids near me,1600,LOW,merrymaids-waldorf+themaids-laplata
mold cleaning services,1600,HIGH,squeakycleany-princefrederick
move in and move out cleaning services,1600,MEDIUM,leas-movein-princefrederick+merrymaids-waldorf+rs-home+rs-move-in-out-cleaning+sweeney-lexingtonpark
move in and out cleaning services,1600,MEDIUM,beyondcleaningpros-home+leas-home+leas-movein-princefrederick+merrymaids-waldorf+nextday-waldorf+rs-home+rs-move-in-out-cleaning+streakers-california+streakers-home+sweeney-lexingtonpark+themaids-laplata
move in move out cleaning services,1600,MEDIUM,beyondcleaningpros-home+beyondcleaningpros-laplata+leas-home+leas-movein-princefrederick+maids2mop-waldorf+merrymaids-waldorf+rs-home+rs-move-in-out-cleaning+streakers-california+streakers-home+sweeney-home+sweeney-lexingtonpark+themaids-laplata
move out cleaning charges,1600,HIGH,rs-home+sweeney-lexingtonpark
move out cleaning cost,1600,HIGH,beyondcleaningpros-laplata+maids2mop-waldorf
move out cleaning costs,1600,HIGH,rs-home
move out cleaning crew,1600,MEDIUM,leas-movein-princefrederick+merrymaids-waldorf+rs-home+sweeney-home+sweeney-lexingtonpark
move out cleaning price,1600,HIGH,leas-movein-princefrederick+rs-home+streakers-home
move out cleaning service price,1600,HIGH,rs-home
move out cleaning services cost,1600,HIGH,beyondcleaningpros-laplata+maids2mop-waldorf+nextday-waldorf
move out home cleaning services,1600,MEDIUM,leas-movein-princefrederick+merrymaids-waldorf+rs-home+rs-move-in-out-cleaning+sweeney-home+sweeney-lexingtonpark
move out house cleaning services,1600,MEDIUM,beyondcleaningpros-home+beyondcleaningpros-laplata+leas-home+leas-movein-princefrederick+maids2mop-waldorf+merrymaids-waldorf+rs-home+streakers-california+streakers-home+sweeney-home+sweeney-lexingtonpark+themaids-laplata
move out maid service,1600,MEDIUM,beyondcleaningpros-laplata+leas-home+merrymaids-waldorf+streakers-california+streakers-home+themaids-laplata
moving clean out services,1600,MEDIUM,leas-movein-princefrederick+rs-move-in-out-cleaning
on the spot cleans,1600,LOW,rs-deep-cleaning+rs-move-in-out-cleaning
oven cleaning service,1600,LOW,alliance-residential
oven cleaning services,1600,LOW,rs-move-in-out-cleaning
pressure cleaning,1600,MEDIUM,beyondcleaningpros-home
pricing for cleaning services,1600,MEDIUM,leas-movein-princefrederick+maids2mop-waldorf+rs-home
professional cleaning services home,1600,MEDIUM,mastercleaning-services+rs-home+somdcleaningcrew-home
professional home cleaners near me,1600,HIGH,streakers-home+themaids-laplata
professional home cleaning service,1600,MEDIUM,somdcleaningcrew-home
professional home cleaning services,1600,MEDIUM,alliance-home+alliance-residential+bbmaintenance-officecleaning+beyondcleaningpros-home+beyondcleaningpros-laplata+cleaningmaideasy-home+leas-home+leas-movein-princefrederick+maids2mop-waldorf+merrymaids-waldorf+nextday-waldorf+rs-home+somdcleaningcrew-stmarys+squeakycleany-princefrederick+streakers-california+streakers-home+themaids-laplata
professional home cleaning services near me,1600,HIGH,alliance-home+beyondcleaningpros-laplata+leas-home+maids2mop-waldorf+merrymaids-waldorf+nextday-waldorf+streakers-california+streakers-home+themaids-laplata
professional house cleaners near me,1600,HIGH,leas-home+maids2mop-waldorf+merrymaids-waldorf+streakers-california+streakers-home+themaids-laplata
professional house cleaning near me,1600,HIGH,alliance-home+alliance-residential+beyondcleaningpros-home+beyondcleaningpros-laplata+cleaningmaideasy-home+nextday-waldorf+somdcleaningcrew-stmarys
professional house cleaning service near me,1600,HIGH,beyondcleaningpros-home+cleaningmaideasy-home+nextday-waldorf+squeakycleany-princefrederick
professional house cleaning services near me,1600,HIGH,alliance-home+alliance-residential+beyondcleaningpros-laplata+leas-home+maids2mop-waldorf+merrymaids-waldorf+somdcleaningcrew-home+somdcleaningcrew-stmarys+streakers-california+streakers-home+themaids-laplata
professional window cleaning services,1600,LOW,beyondcleaningpros-home+mastercleaning-services
reliable cleaning,1600,LOW,rs-office-cleaning
residential window cleaning services,1600,LOW,alliance-residential+beyondcleaningpros-home
sofa cleaning service near me,1600,HIGH,alliance-home
sweeping floors,1600,LOW,rs-standard-cleaning
washington dc cleaning service,1600,HIGH,leas-movein-princefrederick+nextday-waldorf
water clean up company,1600,LOW,cleanupcompany-janitorial
weekly cleaning service,1600,LOW,alliance-residential+beyondcleaningpros-home+beyondcleaningpros-laplata+cleanupcompany-janitorial+leas-home+mastercleaning-services+merrymaids-waldorf+rs-standard-cleaning+somdcleaningcrew-home+squeakycleany-princefrederick+streakers-home+sweeney-home+themaids-laplata
affordable home cleaning services,1300,LOW,themaids-laplata
affordable house cleaning service,1300,LOW,themaids-laplata
apartment deep cleaning services,1300,HIGH,cleaningmaideasy-home+leas-home+maids2mop-waldorf+nextday-waldorf+themaids-laplata
best house cleaners near me,1300,MEDIUM,leas-home+streakers-home+themaids-laplata
best house cleaning near me,1300,MEDIUM,beyondcleaningpros-laplata
best maids,1300,HIGH,maids2mop-waldorf+merrymaids-waldorf+streakers-california
building maintenance services,1300,LOW,cleanupcompany-janitorial+mastercleaning-services
business carpet cleaning,1300,MEDIUM,alliance-home+mastercleaning-services+squeakycleany-princefrederick
business cleaning contracts,1300,MEDIUM,mastercleaning-services
carpet cleaning businesses,1300,MEDIUM,alliance-home+alliance-residential+bbmaintenance-officecleaning+mastercleaning-services+nextday-waldorf+squeakycleany-princefrederick
carpet cleaning services in my area,1300,HIGH,alliance-home+alliance-residential+bbmaintenance-officecleaning+mastercleaning-services+nextday-waldorf+squeakycleany-princefrederick
carpet maintenance,1300,HIGH,bbmaintenance-officecleaning+mastercleaning-services
cheap cleaning company,1300,HIGH,leas-home
cheap home cleaning services,1300,HIGH,merrymaids-waldorf+streakers-california+themaids-laplata
cheap house cleaning services,1300,HIGH,merrymaids-waldorf+streakers-california+themaids-laplata
clean out services,1300,MEDIUM,alliance-residential+beyondcleaningpros-home+beyondcleaningpros-laplata+leas-movein-princefrederick+nextday-waldorf+rs-deep-cleaning+rs-home+rs-move-in-out-cleaning+rs-standard-cleaning+squeakycleany-princefrederick+sweeney-lexingtonpark
cleaner work,1300,LOW,rs-home
cleaning and maintenance,1300,LOW,bbmaintenance-officecleaning+cleanupcompany-janitorial+mastercleaning-services+rs-deep-cleaning+rs-home
cleaning authority near me,1300,LOW,leas-home+streakers-home
cleaning care,1300,LOW,bbmaintenance-officecleaning+cleanupcompany-janitorial+rs-home+rs-office-cleaning+somdcleaningcrew-stmarys
cleaning crews,1300,LOW,alliance-residential+bbmaintenance-officecleaning+beyondcleaningpros-home+beyondcleaningpros-laplata+cleaningmaideasy-home+cleanupcompany-janitorial+leas-movein-princefrederick+maids2mop-waldorf+mastercleaning-home+mastercleaning-services+nextday-waldorf+rs-home+streakers-california+sweeney-lexingtonpark
cleaning desks,1300,LOW,rs-office-cleaning
cleaning equipment,1300,HIGH,bbmaintenance-officecleaning+rs-home
cleaning general,1300,LOW,rs-deep-cleaning+rs-office-cleaning+rs-standard-cleaning
cleaning los angeles,1300,HIGH,themaids-laplata
cleaning maintenance,1300,LOW,alliance-residential+bbmaintenance-officecleaning+cleanupcompany-janitorial+mastercleaning-services+rs-deep-cleaning+rs-home+rs-move-in-out-cleaning+rs-standard-cleaning+somdcleaningcrew-home+squeakycleany-princefrederick+sweeney-home+sweeney-lexingtonpark
cleaning quote,1300,LOW,alliance-home+beyondcleaningpros-laplata+cleaningmaideasy-home+cleanupcompany-janitorial+leas-movein-princefrederick+mastercleaning-home+rs-deep-cleaning+rs-home+rs-move-in-out-cleaning+rs-office-cleaning+rs-standard-cleaning+streakers-california+streakers-home+sweeney-home+sweeney-lexingtonpark
cleaning service deep clean,1300,HIGH,cleaningmaideasy-home+leas-home+sweeney-home
cleaning services deep clean,1300,HIGH,alliance-home+bbmaintenance-officecleaning+cleanupcompany-janitorial+leas-movein-princefrederick+rs-home
cleaning services deep cleaning,1300,HIGH,rs-move-in-out-cleaning+somdcleaningcrew-home+somdcleaningcrew-stmarys+sweeney-lexingtonpark
cleaning services tucson,1300,HIGH,leas-home
cleaning stuffs,1300,HIGH,rs-home
cleaning work,1300,LOW,alliance-home+alliance-residential+bbmaintenance-officecleaning+cleaningmaideasy-home+cleanupcompany-janitorial+leas-movein-princefrederick+maids2mop-waldorf+nextday-waldorf+rs-home+squeakycleany-princefrederick
cleaning works,1300,LOW,sweeney-home
cleanout service,1300,MEDIUM,mastercleaning-home+mastercleaning-services+rs-office-cleaning
commercial carpet shampooer,1300,HIGH,alliance-home
commercial cleaning contracts,1300,MEDIUM,cleaningmaideasy-home
commercial office cleaning contracts,1300,MEDIUM,somdcleaningcrew-home+somdcleaningcrew-stmarys
daily cleaning services,1300,MEDIUM,cleaningmaideasy-home+cleanupcompany-janitorial+leas-home+maids2mop-waldorf+mastercleaning-services+nextday-waldorf+squeakycleany-princefrederick+streakers-home
deep apartment cleaning services,1300,HIGH,maids2mop-waldorf
deep clean cleaning service,1300,HIGH,maids2mop-waldorf+merrymaids-waldorf+rs-standard-cleaning+streakers-home
deep cleaning cleaning service,1300,HIGH,beyondcleaningpros-home+rs-deep-cleaning+rs-office-cleaning
deep cleaning maid service,1300,HIGH,beyondcleaningpros-laplata+cleaningmaideasy-home+leas-home+maids2mop-waldorf+merrymaids-waldorf+nextday-waldorf+streakers-california+streakers-home+themaids-laplata
deep cleaning supplies,1300,HIGH,maids2mop-waldorf+rs-home
degreasing an oven,1300,HIGH,rs-move-in-out-cleaning
domestic cleaning service,1300,LOW,alliance-residential+beyondcleaningpros-home+beyondcleaningpros-laplata+cleaningmaideasy-home+leas-home+leas-movein-princefrederick+maids2mop-waldorf+nextday-waldorf+somdcleaningcrew-home+somdcleaningcrew-stmarys+squeakycleany-princefrederick+streakers-california+streakers-home+sweeney-home+sweeney-lexingtonpark
general cleaning,1300,LOW,alliance-residential+rs-deep-cleaning+rs-standard-cleaning
hard water cleaning,1300,HIGH,rs-deep-cleaning
hardwood cleaning,1300,HIGH,alliance-home+alliance-residential
home cleaning products,1300,HIGH,alliance-home+alliance-residential
house clean out services,1300,MEDIUM,alliance-residential+beyondcleaningpros-home+beyondcleaningpros-laplata+cleaningmaideasy-home+leas-movein-princefrederick+maids2mop-waldorf+nextday-waldorf+rs-home+squeakycleany-princefrederick+sweeney-home+sweeney-lexingtonpark
house cleaning and maid service,1300,LOW,beyondcleaningpros-laplata+maids2mop-waldorf+nextday-waldorf+somdcleaningcrew-stmarys
house cleaning franchises,1300,MEDIUM,somdcleaningcrew-home
house cleaning maid service,1300,LOW,cleaningmaideasy-home+maids2mop-waldorf+somdcleaningcrew-home+somdcleaningcrew-stmarys
house cleaning services cheap,1300,HIGH,streakers-home
house wash service,1300,LOW,alliance-residential+cleaningmaideasy-home+squeakycleany-princefrederick
house washing services,1300,LOW,beyondcleaningpros-home+beyondcleaningpros-laplata
industrial floor cleaning,1300,HIGH,cleanupcompany-janitorial
inexpensive house cleaning,1300,HIGH,leas-home
local cleaning service near me,1300,HIGH,merrymaids-waldorf
local cleaning services near me,1300,HIGH,alliance-home+beyondcleaningpros-laplata+leas-home+mastercleaning-home+nextday-waldorf+rs-home+streakers-california+streakers-home
local house cleaners near me,1300,HIGH,leas-home+mastercleaning-home+streakers-california+streakers-home
local house cleaning services near me,1300,HIGH,leas-home+nextday-waldorf+streakers-california+streakers-home
local maid services near me,1300,HIGH,streakers-california+streakers-home
maid cleaning service near me,1300,HIGH,beyondcleaningpros-laplata+cleaningmaideasy-home+leas-home+merrymaids-waldorf+nextday-waldorf+somdcleaningcrew-stmarys+streakers-california+streakers-home+themaids-laplata
maid companies near me,1300,HIGH,beyondcleaningpros-laplata+themaids-laplata
maid company near me,1300,HIGH,leas-home+streakers-home
maids cleaning service near me,1300,HIGH,mastercleaning-home
maintenance cleaner,1300,LOW,rs-standard-cleaning+rs-deep-cleaning
move cleaning services,1300,HIGH,rs-home+rs-move-in-out-cleaning
move in home cleaning,1300,HIGH,leas-movein-princefrederick+rs-deep-cleaning+rs-home+sweeney-home+sweeney-lexingtonpark
moving cleaning service,1300,HIGH,beyondcleaningpros-laplata
moving house cleaning service,1300,HIGH,beyondcleaningpros-laplata+leas-home+leas-movein-princefrederick
my clean,1300,LOW,rs-home
my cleaning,1300,LOW,alliance-home+cleaningmaideasy-home+rs-home+sweeney-home+sweeney-lexingtonpark
office cleaning contracts,1300,MEDIUM,cleaningmaideasy-home
orlando cleaning,1300,MEDIUM,beyondcleaningpros-home
premium service,1300,LOW,rs-home
recurring cleaning service,1300,LOW,rs-deep-cleaning+rs-office-cleaning+rs-standard-cleaning
recurring cleaning services,1300,LOW,beyondcleaningpros-home+beyondcleaningpros-laplata+cleanupcompany-janitorial+themaids-laplata
refrigerator clean out,1300,LOW,rs-move-in-out-cleaning
rental house cleaning,1300,HIGH,cleaningmaideasy-home+merrymaids-waldorf+sweeney-home+sweeney-lexingtonpark
residential cleaning business,1300,LOW,alliance-home+cleaningmaideasy-home+leas-movein-princefrederick+somdcleaningcrew-home+somdcleaningcrew-stmarys+squeakycleany-princefrederick
soap scum cleaner,1300,HIGH,rs-deep-cleaning
start cleaning business,1300,MEDIUM,leas-movein-princefrederick
sweeping and mopping,1300,HIGH,rs-office-cleaning
the cleaning company,1300,LOW,alliance-home+alliance-residential+beyondcleaningpros-home+cleaningmaideasy-home+cleanupcompany-janitorial+leas-movein-princefrederick+nextday-waldorf+rs-home+squeakycleany-princefrederick+streakers-california
tidy cleaning,1300,HIGH,sweeney-home
tucson house cleaning,1300,HIGH,leas-home
weekly home cleaning services,1300,LOW,merrymaids-waldorf+somdcleaningcrew-home+streakers-home+themaids-laplata
weekly house cleaning service,1300,LOW,alliance-residential+beyondcleaningpros-home+beyondcleaningpros-laplata+leas-home+merrymaids-waldorf+somdcleaningcrew-home+streakers-california+streakers-home+themaids-laplata
weekly maid service,1300,LOW,beyondcleaningpros-laplata+merrymaids-waldorf+somdcleaningcrew-home+streakers-home+themaids-laplata
window cleaning business,1300,MEDIUM,beyondcleaningpros-home
window cleaning businesses,1300,MEDIUM,mastercleaning-services
affordable house cleaning,1000,MEDIUM,themaids-laplata
apartment deep cleaning,1000,MEDIUM,cleaningmaideasy-home+maids2mop-waldorf+nextday-waldorf
bathroom deep cleaning,1000,MEDIUM,rs-deep-cleaning+rs-home
bathroom floor cleaner,1000,HIGH,rs-home
beyond cleaning,1000,LOW,beyondcleaningpros-home+rs-deep-cleaning
carpet cleaning expert,1000,MEDIUM,bbmaintenance-officecleaning
clean & cleaner,1000,MEDIUM,mastercleaning-home+rs-deep-cleaning+rs-move-in-out-cleaning+rs-office-cleaning+rs-standard-cleaning+rs-home
clean cleaners,1000,MEDIUM,bbmaintenance-officecleaning+maids2mop-waldorf
clean cleaning,1000,MEDIUM,alliance-residential+cleaningmaideasy-home+cleanupcompany-janitorial+mastercleaning-services+rs-deep-cleaning+rs-home+rs-move-in-out-cleaning+rs-standard-cleaning+squeakycleany-princefrederick+sweeney-home+sweeney-lexingtonpark
clean maid,1000,MEDIUM,cleaningmaideasy-home+merrymaids-waldorf
clean your room,1000,LOW,sweeney-home
cleaning corp,1000,LOW,alliance-home+bbmaintenance-officecleaning+cleanupcompany-janitorial+leas-movein-princefrederick+mastercleaning-services+rs-home+sweeney-lexingtonpark
cleaning home supplies,1000,HIGH,rs-home
cleaning kitchen services,1000,LOW,rs-home+rs-standard-cleaning
cleaning maid,1000,MEDIUM,beyondcleaningpros-laplata+cleaningmaideasy-home+cleanupcompany-janitorial+leas-home+nextday-waldorf+somdcleaningcrew-home+somdcleaningcrew-stmarys+squeakycleany-princefrederick+streakers-california+streakers-home
cleaning maids,1000,MEDIUM,alliance-home+alliance-residential+bbmaintenance-officecleaning+beyondcleaningpros-home+leas-movein-princefrederick+maids2mop-waldorf+mastercleaning-home+mastercleaning-services+merrymaids-waldorf+rs-home+sweeney-lexingtonpark+themaids-laplata
cleaning photographs,1000,LOW,mastercleaning-home
cleaning photos,1000,LOW,sweeney-home
cleaning professional,1000,MEDIUM,cleanupcompany-janitorial
cleaning service jobs,1000,MEDIUM,squeakycleany-princefrederick
cleaning services fort worth,1000,HIGH,leas-home+themaids-laplata
cleaning services kitchen,1000,LOW,rs-home
cleaning start,1000,LOW,rs-move-in-out-cleaning
commercial carpet cleaning near me,1000,LOW,alliance-home
commercial janitorial cleaning services,1000,LOW,bbmaintenance-officecleaning
commercial property maintenance,1000,LOW,cleanupcompany-janitorial
daily cleaning,1000,LOW,cleaningmaideasy-home+cleanupcompany-janitorial+maids2mop-waldorf+mastercleaning-services+nextday-waldorf+squeakycleany-princefrederick
deep clean bathroom,1000,MEDIUM,rs-standard-cleaning
deep clean cost,1000,LOW,maids2mop-waldorf
deep clean the bathroom,1000,MEDIUM,rs-deep-cleaning+rs-home+rs-standard-cleaning
deep cleaning bathroom,1000,MEDIUM,rs-move-in-out-cleaning
deep cleaning charges,1000,LOW,merrymaids-waldorf+rs-home+sweeney-lexingtonpark
deep cleaning companies,1000,MEDIUM,beyondcleaningpros-laplata+maids2mop-waldorf+merrymaids-waldorf+themaids-laplata
deep cleaning company,1000,MEDIUM,alliance-home+bbmaintenance-officecleaning+beyondcleaningpros-home+cleaningmaideasy-home+cleanupcompany-janitorial+leas-home+leas-movein-princefrederick+nextday-waldorf+rs-home+streakers-california+streakers-home+sweeney-home+sweeney-lexingtonpark
deep cleaning costs,1000,LOW,rs-home
deep cleaning house cost,1000,MEDIUM,maids2mop-waldorf
deep cleaning of bathrooms,1000,MEDIUM,rs-home+rs-deep-cleaning
deep cleaning the bathroom,1000,MEDIUM,rs-deep-cleaning+rs-home+rs-standard-cleaning
deep house cleaning cost,1000,MEDIUM,nextday-waldorf
dental office cleaning services,1000,LOW,cleanupcompany-janitorial
expert carpet cleaning,1000,MEDIUM,alliance-home
floor stripping,1000,HIGH,mastercleaning-services
fresh cleans,1000,MEDIUM,rs-move-in-out-cleaning
hardwood floor professional cleaning,1000,HIGH,alliance-residential
hire a cleaner,1000,MEDIUM,leas-home
hire cleaners,1000,MEDIUM,maids2mop-waldorf
hire cleaning,1000,MEDIUM,squeakycleany-princefrederick
hiring cleaners,1000,MEDIUM,beyondcleaningpros-home
home cleaning supplies,1000,HIGH,maids2mop-waldorf+rs-home+streakers-california
home deep cleaning cost,1000,MEDIUM,maids2mop-waldorf
home maid,1000,LOW,beyondcleaningpros-laplata+cleaningmaideasy-home+somdcleaningcrew-home+somdcleaningcrew-stmarys
home maids,1000,LOW,maids2mop-waldorf+merrymaids-waldorf+themaids-laplata
house cleaning how to,1000,LOW,somdcleaningcrew-home+somdcleaningcrew-stmarys+sweeney-home+sweeney-lexingtonpark
house cleaning photos,1000,LOW,sweeney-home
house cleaning service fort worth,1000,HIGH,leas-home+themaids-laplata
house wash solution,1000,HIGH,alliance-residential
janitorial services inc,1000,LOW,mastercleaning-home+mastercleaning-services
job cleaning service,1000,MEDIUM,rs-home
kitchen cleaner service,1000,LOW,merrymaids-waldorf
kitchen cleaning services,1000,LOW,alliance-residential+rs-home
local power washing,1000,HIGH,rs-home
maid service fort worth,1000,HIGH,leas-home+themaids-laplata
move in cleaners near me,1000,LOW,streakers-home+themaids-laplata
move out professional cleaning,1000,MEDIUM,rs-home+sweeney-home+sweeney-lexingtonpark
moving cleaners near me,1000,LOW,leas-home
professional carpet cleaning companies,1000,LOW,mastercleaning-services
professional carpet cleaning company,1000,LOW,alliance-home+alliance-residential+bbmaintenance-officecleaning+nextday-waldorf+squeakycleany-princefrederick
professional cleaning services move out,1000,MEDIUM,beyondcleaningpros-home+maids2mop-waldorf+rs-home+sweeney-lexingtonpark
professional cleaning supplies,1000,HIGH,alliance-residential+bbmaintenance-officecleaning+maids2mop-waldorf+rs-home+streakers-california
professional cleaning supply,1000,HIGH,rs-office-cleaning
professional hardwood floor cleaning,1000,HIGH,alliance-home
professional mold cleaner,1000,HIGH,squeakycleany-princefrederick
professional move out cleaning,1000,MEDIUM,beyondcleaningpros-home+beyondcleaningpros-laplata+leas-home+leas-movein-princefrederick+maids2mop-waldorf+merrymaids-waldorf+nextday-waldorf+rs-office-cleaning+streakers-california+streakers-home+themaids-laplata
reliable services,1000,MEDIUM,cleanupcompany-janitorial
room clean,1000,LOW,rs-home
room cleaning,1000,LOW,alliance-residential+beyondcleaningpros-laplata+leas-movein-princefrederick+merrymaids-waldorf+nextday-waldorf+squeakycleany-princefrederick+sweeney-home
standard cleaning service,1000,LOW,rs-deep-cleaning+rs-office-cleaning
standard cleaning services,1000,LOW,beyondcleaningpros-home+beyondcleaningpros-laplata+maids2mop-waldorf+rs-home+rs-move-in-out-cleaning+rs-standard-cleaning+sweeney-home+sweeney-lexingtonpark
the maid cleaning service,1000,HIGH,beyondcleaningpros-laplata+cleaningmaideasy-home+nextday-waldorf+somdcleaningcrew-stmarys+squeakycleany-princefrederick+streakers-california
the maids cleaning service,1000,HIGH,alliance-home+maids2mop-waldorf+merrymaids-waldorf+somdcleaningcrew-home+themaids-laplata
thorough cleaning,1000,LOW,rs-move-in-out-cleaning+squeakycleany-princefrederick
vacuuming the floor,1000,HIGH,rs-deep-cleaning
5 star cleaning services,880,MEDIUM,streakers-home
alexandria cleaning service,880,HIGH,alliance-residential
apartment clean out,880,LOW,maids2mop-waldorf+nextday-waldorf
appliance cleaning service,880,MEDIUM,rs-deep-cleaning+rs-standard-cleaning
best cleaning service,880,HIGH,cleaningmaideasy-home+rs-deep-cleaning+rs-office-cleaning+sweeney-home
best home cleaning services,880,HIGH,alliance-residential+cleaningmaideasy-home+leas-home+rs-home+streakers-home+themaids-laplata
best house cleaning products,880,HIGH,alliance-residential+beyondcleaningpros-home+beyondcleaningpros-laplata
best household cleaning products,880,HIGH,alliance-residential
best maid service,880,HIGH,themaids-laplata
best service cleaning,880,HIGH,rs-deep-cleaning
biweekly house cleaning,880,LOW,beyondcleaningpros-laplata+merrymaids-waldorf
carpet and floor cleaning,880,HIGH,bbmaintenance-officecleaning+mastercleaning-services
carpet cleaning equipment,880,HIGH,bbmaintenance-officecleaning
carpet cleaning firms,880,MEDIUM,bbmaintenance-officecleaning
carpet cleaning jobs,880,LOW,nextday-waldorf+squeakycleany-princefrederick
carpet cleaning residential,880,MEDIUM,mastercleaning-services
carpet floor cleaning,880,HIGH,mastercleaning-services
carpet flooring cleaning,880,HIGH,bbmaintenance-officecleaning+mastercleaning-services
cheap cleaner near me,880,HIGH,leas-home
clean all,880,LOW,rs-deep-cleaning
clean all services,880,LOW,rs-deep-cleaning
clean oven interior,880,MEDIUM,rs-move-in-out-cleaning
clean up service,880,MEDIUM,alliance-home+alliance-residential+beyondcleaningpros-home+beyondcleaningpros-laplata+cleaningmaideasy-home+leas-movein-princefrederick+maids2mop-waldorf+mastercleaning-services+nextday-waldorf+rs-home+squeakycleany-princefrederick+sweeney-home+sweeney-lexingtonpark
clean up services,880,MEDIUM,bbmaintenance-officecleaning+cleanupcompany-janitorial
cleaner cleaning,880,LOW,rs-deep-cleaning+rs-move-in-out-cleaning+rs-standard-cleaning
cleaning all,880,LOW,mastercleaning-services+rs-home+rs-move-in-out-cleaning+rs-office-cleaning+rs-standard-cleaning+sweeney-home+sweeney-lexingtonpark
cleaning companies in california,880,LOW,streakers-california+streakers-home
cleaning company alexandria va,880,HIGH,alliance-home+alliance-residential
cleaning go,880,LOW,rs-home
cleaning house quote,880,MEDIUM,rs-home
cleaning ladies,880,HIGH,alliance-home+cleaningmaideasy-home+maids2mop-waldorf+streakers-california+themaids-laplata
cleaning maids near me,880,MEDIUM,alliance-home+streakers-home+themaids-laplata
cleaning remedies,880,LOW,sweeney-home+sweeney-lexingtonpark
cleaning scrubbing,880,HIGH,rs-deep-cleaning
cleaning service photo,880,LOW,mastercleaning-home
cleaning services alexandria va,880,HIGH,alliance-home+alliance-residential+maids2mop-waldorf
cleaning services in california,880,LOW,somdcleaningcrew-stmarys+streakers-california+streakers-home
cleaning services virginia beach,880,HIGH,leas-home
cleaning vacation rentals,880,LOW,cleaningmaideasy-home
cleans all,880,LOW,rs-move-in-out-cleaning+rs-office-cleaning+rs-standard-cleaning+rs-deep-cleaning
commercial business cleaning,880,MEDIUM,rs-office-cleaning+somdcleaningcrew-stmarys
commercial cleaning business,880,MEDIUM,alliance-home+beyondcleaningpros-home+cleaningmaideasy-home+leas-movein-princefrederick+somdcleaningcrew-home+squeakycleany-princefrederick
commercial cleaning businesses,880,MEDIUM,alliance-residential+bbmaintenance-officecleaning+cleanupcompany-janitorial+mastercleaning-home+rs-home+streakers-california
commercial cleaning kitchen,880,MEDIUM,rs-deep-cleaning+rs-standard-cleaning
commercial office cleaning business,880,MEDIUM,rs-office-cleaning+somdcleaningcrew-home
company services,880,LOW,cleanupcompany-janitorial+leas-movein-princefrederick
deep carpet cleaning services,880,HIGH,alliance-home+bbmaintenance-officecleaning+nextday-waldorf
deep clean carpet cleaning,880,HIGH,alliance-home
deep clean kitchen,880,MEDIUM,rs-standard-cleaning
deep clean the kitchen,880,MEDIUM,rs-standard-cleaning
deep cleaning kitchen,880,MEDIUM,rs-home+rs-move-in-out-cleaning
deep cleaning the kitchen,880,MEDIUM,rs-deep-cleaning+rs-move-in-out-cleaning+rs-home
detail cleaning,880,MEDIUM,rs-home
detailed cleaning,880,MEDIUM,alliance-residential+beyondcleaningpros-home+beyondcleaningpros-laplata+cleaningmaideasy-home+leas-movein-princefrederick+maids2mop-waldorf+nextday-waldorf+rs-deep-cleaning+rs-move-in-out-cleaning+somdcleaningcrew-home+somdcleaningcrew-stmarys+streakers-california+streakers-home+sweeney-home+sweeney-lexingtonpark
floor and carpet cleaning,880,HIGH,squeakycleany-princefrederick
floor care services near me,880,HIGH,bbmaintenance-officecleaning+cleanupcompany-janitorial
floor cleaning services near me,880,HIGH,alliance-home+mastercleaning-services
heavy duty cleaning,880,HIGH,rs-deep-cleaning+rs-office-cleaning+streakers-california
home cleaning logos,880,HIGH,mastercleaning-home
home cleaning quote,880,MEDIUM,leas-movein-princefrederick+mastercleaning-home+merrymaids-waldorf+rs-home+rs-move-in-out-cleaning+rs-standard-cleaning+sweeney-home
home cleaning quotes,880,MEDIUM,beyondcleaningpros-laplata+rs-deep-cleaning
home cleaning services alexandria va,880,HIGH,maids2mop-waldorf
home move out cleaning,880,HIGH,beyondcleaningpros-home+beyondcleaningpros-laplata+leas-home+leas-movein-princefrederick+maids2mop-waldorf+merrymaids-waldorf+rs-deep-cleaning+rs-move-in-out-cleaning+rs-standard-cleaning+streakers-california+streakers-home+sweeney-home+sweeney-lexingtonpark+themaids-laplata
hospitality cleaning service,880,HIGH,mastercleaning-home+rs-office-cleaning+somdcleaningcrew-stmarys
hourly rate for house cleaning,880,MEDIUM,nextday-waldorf
house cleaning alexandria va,880,HIGH,alliance-home+alliance-residential+maids2mop-waldorf
house cleaning hourly rate,880,MEDIUM,maids2mop-waldorf
house cleaning quote,880,MEDIUM,alliance-residential+cleaningmaideasy-home+leas-home+leas-movein-princefrederick+streakers-california+streakers-home+sweeney-home+sweeney-lexingtonpark
house cleaning quotes,880,MEDIUM,beyondcleaningpros-laplata
house cleaning service cost,880,MEDIUM,themaids-laplata
house cleaning service virginia beach,880,HIGH,leas-home
house cleaning services alexandria va,880,HIGH,alliance-home+alliance-residential+maids2mop-waldorf
house cleaning services cost,880,MEDIUM,beyondcleaningpros-laplata+leas-home+maids2mop-waldorf+nextday-waldorf
house cleaning services in california,880,LOW,somdcleaningcrew-home+somdcleaningcrew-stmarys+streakers-california
house cleaning tips,880,LOW,alliance-residential
house cleaning tools,880,HIGH,maids2mop-waldorf
house keeping services,880,HIGH,alliance-residential+beyondcleaningpros-home+beyondcleaningpros-laplata+cleaningmaideasy-home+leas-movein-princefrederick+maids2mop-waldorf+merrymaids-waldorf+nextday-waldorf+somdcleaningcrew-home+squeakycleany-princefrederick+streakers-california+streakers-home
industrial cleaning company,880,LOW,cleanupcompany-janitorial
inside oven cleaning,880,MEDIUM,rs-move-in-out-cleaning
janitorial work,880,LOW,bbmaintenance-officecleaning+cleanupcompany-janitorial+leas-movein-princefrederick
janitorial works,880,LOW,mastercleaning-home
kitchen cleaning commercial,880,MEDIUM,rs-deep-cleaning
kitchen deep cleaning,880,MEDIUM,merrymaids-waldorf+rs-deep-cleaning
local power washing services,880,MEDIUM,rs-home
logo for cleaning services,880,HIGH,mastercleaning-home+mastercleaning-services
maid agencies,880,LOW,beyondcleaningpros-laplata+cleaningmaideasy-home
maid cleaners near me,880,MEDIUM,leas-home+streakers-home+themaids-laplata
maid cleaning near me,880,MEDIUM,beyondcleaningpros-laplata
maid cleaning service cost,880,MEDIUM,maids2mop-waldorf+nextday-waldorf
maid for you,880,LOW,merrymaids-waldorf+themaids-laplata
maid near me for cleaning,880,HIGH,beyondcleaningpros-laplata
maid service alexandria va,880,HIGH,maids2mop-waldorf
merry maids cost,880,MEDIUM,themaids-laplata
merry maids fees,880,MEDIUM,merrymaids-waldorf
merry maids pricing,880,MEDIUM,merrymaids-waldorf+themaids-laplata
more cleaning,880,HIGH,rs-deep-cleaning+rs-home+rs-move-in-out-cleaning+rs-standard-cleaning
move in cleaning service near me,880,MEDIUM,leas-movein-princefrederick+merrymaids-waldorf+rs-move-in-out-cleaning+streakers-california+streakers-home+themaids-laplata
moving cleaning services near me,880,MEDIUM,leas-home
office cleaning business,880,MEDIUM,alliance-home+beyondcleaningpros-home+cleaningmaideasy-home+cleanupcompany-janitorial+leas-movein-princefrederick+mastercleaning-services+somdcleaningcrew-home+somdcleaningcrew-stmarys+squeakycleany-princefrederick
office cleaning businesses,880,MEDIUM,bbmaintenance-officecleaning+mastercleaning-home+rs-office-cleaning
office cleaning products,880,LOW,rs-office-cleaning
office cleans,880,MEDIUM,bbmaintenance-officecleaning+mastercleaning-home+mastercleaning-services+rs-office-cleaning+somdcleaningcrew-home+somdcleaningcrew-stmarys
professional residential cleaning service,880,LOW,rs-office-cleaning
professional residential cleaning services,880,LOW,alliance-home+alliance-residential+bbmaintenance-officecleaning+beyondcleaningpros-home+beyondcleaningpros-laplata+cleaningmaideasy-home+maids2mop-waldorf+merrymaids-waldorf+nextday-waldorf+somdcleaningcrew-home+somdcleaningcrew-stmarys+squeakycleany-princefrederick+streakers-california+streakers-home+themaids-laplata
quote for house cleaning,880,MEDIUM,merrymaids-waldorf+themaids-laplata
residential carpet cleaning,880,MEDIUM,alliance-home+alliance-residential+bbmaintenance-officecleaning+nextday-waldorf+squeakycleany-princefrederick
scrubbing cleaning,880,HIGH,rs-deep-cleaning
spring cleaning companies,880,LOW,bbmaintenance-officecleaning
spring cleaning services,880,LOW,bbmaintenance-officecleaning+maids2mop-waldorf+nextday-waldorf
stays clean,880,LOW,rs-standard-cleaning
the cleaning team,880,LOW,alliance-home+cleaningmaideasy-home+cleanupcompany-janitorial+rs-home+rs-standard-cleaning+squeakycleany-princefrederick+sweeney-home+sweeney-lexingtonpark
vacation rental cleaning,880,LOW,beyondcleaningpros-home+leas-movein-princefrederick
weekly house cleaner,880,LOW,merrymaids-waldorf+themaids-laplata
weekly house cleaning,880,LOW,beyondcleaningpros-home+beyondcleaningpros-laplata+somdcleaningcrew-home
well cleaning services,880,LOW,squeakycleany-princefrederick
wipe cleaning,880,HIGH,rs-deep-cleaning+rs-move-in-out-cleaning+rs-standard-cleaning
airbnb cleaning service near me,720,LOW,beyondcleaningpros-home
apartment carpet cleaning,720,HIGH,alliance-residential+nextday-waldorf
appliance cleaning,720,HIGH,rs-deep-cleaning+rs-standard-cleaning
apt cleaning,720,MEDIUM,alliance-residential+beyondcleaningpros-home+beyondcleaningpros-laplata+cleaningmaideasy-home+maids2mop-waldorf+nextday-waldorf+somdcleaningcrew-home+somdcleaningcrew-stmarys+streakers-california+sweeney-home+sweeney-lexingtonpark+themaids-laplata
best kitchen cleaning,720,HIGH,rs-deep-cleaning
carpet cleaning alexandria va,720,HIGH,alliance-home+alliance-residential
carpet solutions,720,HIGH,alliance-home
carpet steam,720,HIGH,mastercleaning-services
carpet steam cleaning service,720,MEDIUM,mastercleaning-services
carpet steam cleaning services,720,MEDIUM,nextday-waldorf
clean my house,720,MEDIUM,cleaningmaideasy-home+rs-home+sweeney-home+sweeney-lexingtonpark
cleaner for my house,720,MEDIUM,merrymaids-waldorf+rs-home
cleaners nearby,720,MEDIUM,streakers-home
cleaning agencies,720,MEDIUM,alliance-home+alliance-residential+bbmaintenance-officecleaning+beyondcleaningpros-home+beyondcleaningpros-laplata+cleaningmaideasy-home+cleanupcompany-janitorial+leas-movein-princefrederick+mastercleaning-services+nextday-waldorf+rs-home+somdcleaningcrew-stmarys+squeakycleany-princefrederick+streakers-california+sweeney-lexingtonpark
cleaning airbnb,720,MEDIUM,beyondcleaningpros-home
cleaning clear,720,HIGH,rs-home
cleaning companies in la,720,MEDIUM,beyondcleaningpros-laplata
cleaning companies services,720,LOW,mastercleaning-home+mastercleaning-services
cleaning company la,720,MEDIUM,alliance-home
cleaning company service,720,LOW,maids2mop-waldorf+merrymaids-waldorf+somdcleaningcrew-stmarys+sweeney-lexingtonpark
cleaning company services,720,LOW,alliance-home+alliance-residential+beyondcleaningpros-home+cleaningmaideasy-home+leas-movein-princefrederick+nextday-waldorf+streakers-california
cleaning for free,720,MEDIUM,mastercleaning-home
cleaning my house,720,MEDIUM,beyondcleaningpros-laplata+nextday-waldorf
cleaning operations,720,LOW,rs-office-cleaning
cleaning people near me,720,HIGH,themaids-laplata
cleaning person,720,LOW,alliance-home+cleaningmaideasy-home+leas-home+maids2mop-waldorf
cleaning service arlington va,720,HIGH,maids2mop-waldorf
cleaning service company,720,LOW,leas-home+squeakycleany-princefrederick+themaids-laplata
cleaning service local,720,HIGH,mastercleaning-home+rs-deep-cleaning+rs-office-cleaning+sweeney-home
cleaning services company,720,LOW,cleanupcompany-janitorial
cleaning services local,720,HIGH,rs-home
cleaning vents in home,720,HIGH,rs-deep-cleaning
cleaning way,720,LOW,rs-home
commercial disinfection,720,HIGH,mastercleaning-home
commercial janitorial companies near me,720,LOW,mastercleaning-home
commercial janitorial services near me,720,LOW,cleanupcompany-janitorial+mastercleaning-home
commercial window cleaning services,720,LOW,beyondcleaningpros-home
construction clean up,720,MEDIUM,cleanupcompany-janitorial+mastercleaning-services
contract cleaners near me,720,MEDIUM,leas-home+streakers-home
cost of home cleaning service,720,MEDIUM,maids2mop-waldorf
deep carpet cleaning near me,720,HIGH,alliance-home
deep cleaning house service near me,720,HIGH,sweeney-home
deep cleaning house services near me,720,HIGH,beyondcleaningpros-laplata+streakers-california+streakers-home
deep cleaning kitchen services,720,LOW,rs-move-in-out-cleaning+rs-standard-cleaning
deep cleaning products,720,HIGH,rs-home+rs-office-cleaning
floor cleaning professional,720,HIGH,cleanupcompany-janitorial+rs-home
floor tile cleaning services,720,HIGH,alliance-home
floor waxing services,720,MEDIUM,mastercleaning-services
free clean,720,MEDIUM,sweeney-home+sweeney-lexingtonpark
free cleaning,720,MEDIUM,cleaningmaideasy-home+leas-movein-princefrederick+mastercleaning-home+mastercleaning-services+merrymaids-waldorf+squeakycleany-princefrederick+streakers-california+sweeney-home+sweeney-lexingtonpark
general cleaning services,720,MEDIUM,alliance-residential
grout cleaning services near me,720,HIGH,alliance-home
hardwood floor cleaning solution,720,HIGH,alliance-home
hire a maid service,720,HIGH,squeakycleany-princefrederick
hire cleaning service,720,HIGH,beyondcleaningpros-home+leas-home+maids2mop-waldorf+nextday-waldorf+squeakycleany-princefrederick
hire maid service,720,HIGH,maids2mop-waldorf+nextday-waldorf
home cleaning services arlington va,720,HIGH,maids2mop-waldorf
home cleaning services price,720,MEDIUM,leas-movein-princefrederick+rs-home
house cleaners near me prices,720,HIGH,leas-home
house cleaning la,720,HIGH,alliance-residential+beyondcleaningpros-laplata
house cleaning lexington,720,HIGH,somdcleaningcrew-stmarys+sweeney-lexingtonpark
house cleaning los angeles,720,HIGH,themaids-laplata
house cleaning service price,720,MEDIUM,leas-movein-princefrederick+maids2mop-waldorf+rs-home+streakers-home
house cleaning services arlington va,720,HIGH,maids2mop-waldorf
house cleaning services charges,720,MEDIUM,rs-home
house cleaning services prices,720,MEDIUM,alliance-home+leas-home+nextday-waldorf
house maid cost,720,MEDIUM,maids2mop-waldorf
house power washing services,720,LOW,beyondcleaningpros-home+beyondcleaningpros-laplata
house pressure washing services,720,LOW,beyondcleaningpros-home
house window cleaning,720,HIGH,alliance-residential+beyondcleaningpros-home
janitor service company,720,LOW,squeakycleany-princefrederick
janitorial services company,720,LOW,bbmaintenance-officecleaning+beyondcleaningpros-home+cleaningmaideasy-home+cleanupcompany-janitorial+leas-movein-princefrederick
janitorial services for offices,720,LOW,bbmaintenance-officecleaning+cleanupcompany-janitorial+mastercleaning-home+mastercleaning-services
kitchen deep cleaning services,720,LOW,merrymaids-waldorf+rs-deep-cleaning+rs-home
leaf cleaning,720,HIGH,bbmaintenance-officecleaning
local cleaning companies,720,HIGH,leas-home+squeakycleany-princefrederick
local cleaning company,720,HIGH,alliance-home+cleanupcompany-janitorial+leas-movein-princefrederick+nextday-waldorf+rs-home+streakers-california+streakers-home+sweeney-lexingtonpark
local home cleaning services,720,HIGH,beyondcleaningpros-laplata+leas-home+mastercleaning-home+rs-home+streakers-california+streakers-home
local house cleaners,720,HIGH,leas-home+squeakycleany-princefrederick+streakers-california+streakers-home
local house cleaning companies,720,HIGH,nextday-waldorf+rs-home+squeakycleany-princefrederick+streakers-california+sweeney-home
local residential cleaning services,720,HIGH,nextday-waldorf+rs-home+streakers-california+streakers-home
long beach cleaning services,720,HIGH,leas-home
maid service cost,720,MEDIUM,themaids-laplata
maid services cost,720,MEDIUM,nextday-waldorf
mary cleaning services,720,LOW,somdcleaningcrew-home+streakers-california+streakers-home+themaids-laplata
mary's cleaning service,720,LOW,rs-office-cleaning+sweeney-lexingtonpark
merry maids house cleaning,720,LOW,merrymaids-waldorf+streakers-home+themaids-laplata
monthly home cleaning service,720,LOW,merrymaids-waldorf+somdcleaningcrew-home+streakers-home
monthly house cleaner,720,LOW,merrymaids-waldorf
monthly house cleaning,720,LOW,alliance-residential+beyondcleaningpros-laplata+somdcleaningcrew-home
monthly house cleaning service,720,LOW,alliance-residential+beyondcleaningpros-laplata+merrymaids-waldorf+somdcleaningcrew-home+streakers-home
monthly maid service,720,LOW,beyondcleaningpros-laplata+somdcleaningcrew-home
my house clean,720,MEDIUM,sweeney-home+rs-home
office and cleaning supplies,720,HIGH,rs-office-cleaning
office cleaning materials,720,HIGH,bbmaintenance-officecleaning
office cleaning supplies,720,HIGH,bbmaintenance-officecleaning+streakers-california
office cleaning supply,720,HIGH,rs-office-cleaning
office janitorial services,720,LOW,bbmaintenance-officecleaning+beyondcleaningpros-home+cleaningmaideasy-home+cleanupcompany-janitorial+mastercleaning-home+mastercleaning-services+streakers-california
one time deep cleaning,720,LOW,beyondcleaningpros-laplata+cleaningmaideasy-home+merrymaids-waldorf+nextday-waldorf+rs-standard-cleaning+streakers-home+sweeney-home+themaids-laplata
one time deep house cleaning,720,LOW,alliance-home+beyondcleaningpros-laplata+cleaningmaideasy-home+leas-home+merrymaids-waldorf+nextday-waldorf+streakers-home+sweeney-home+themaids-laplata
post construction cleaning services near me,720,MEDIUM,beyondcleaningpros-home
professional power washing,720,HIGH,beyondcleaningpros-laplata
residential carpet cleaning near me,720,LOW,alliance-home
restroom cleanliness,720,LOW,rs-office-cleaning
room by room cleaning services,720,HIGH,rs-home
room cleaning service,720,HIGH,leas-movein-princefrederick+merrymaids-waldorf+squeakycleany-princefrederick+streakers-home+sweeney-home
room cleaning services,720,HIGH,alliance-residential+beyondcleaningpros-laplata+nextday-waldorf+rs-home
same day cleaning service near me,720,HIGH,beyondcleaningpros-home+beyondcleaningpros-laplata+leas-home+leas-movein-princefrederick+merrymaids-waldorf+nextday-waldorf+streakers-california+streakers-home+themaids-laplata
service cleaning company,720,LOW,alliance-home+alliance-residential+beyondcleaningpros-home+cleaningmaideasy-home+cleanupcompany-janitorial+leas-home+leas-movein-princefrederick+nextday-waldorf+rs-home+squeakycleany-princefrederick+streakers-california+streakers-home+sweeney-lexingtonpark
spotless cleaning services,720,LOW,streakers-california
standard cleaning,720,LOW,beyondcleaningpros-home+beyondcleaningpros-laplata+maids2mop-waldorf+rs-deep-cleaning+rs-home+rs-move-in-out-cleaning+rs-office-cleaning+rs-standard-cleaning+sweeney-home+sweeney-lexingtonpark
the cleaning spot,720,LOW,rs-deep-cleaning
tile floor cleaning services,720,HIGH,cleanupcompany-janitorial
window cleaning services commercial,720,LOW,beyondcleaningpros-home
yelp house cleaners near me,720,HIGH,streakers-california
a and a cleaning services,590,LOW,bbmaintenance-officecleaning+cleanupcompany-janitorial+mastercleaning-home+mastercleaning-services+rs-home+somdcleaningcrew-stmarys+sweeney-lexingtonpark
best cleaning products for home,590,HIGH,alliance-home
best cleaning services,590,MEDIUM,alliance-home+alliance-residential+beyondcleaningpros-home+beyondcleaningpros-laplata+cleanupcompany-janitorial+leas-home+leas-movein-princefrederick+maids2mop-waldorf+nextday-waldorf+rs-home+squeakycleany-princefrederick+streakers-home+themaids-laplata
best floor cleaning solution,590,HIGH,alliance-home
best house cleaning service,590,HIGH,beyondcleaningpros-laplata+cleaningmaideasy-home+leas-home+leas-movein-princefrederick+maids2mop-waldorf+nextday-waldorf+squeakycleany-princefrederick+streakers-home+themaids-laplata
best house cleaning services,590,HIGH,alliance-home+alliance-residential+beyondcleaningpros-home
best things to clean walls with,590,HIGH,rs-deep-cleaning
building cleaning services,590,MEDIUM,bbmaintenance-officecleaning+cleanupcompany-janitorial+mastercleaning-services+somdcleaningcrew-stmarys+squeakycleany-princefrederick
business janitorial services,590,LOW,cleanupcompany-janitorial+leas-movein-princefrederick
carpet care,590,MEDIUM,bbmaintenance-officecleaning+squeakycleany-princefrederick
carpet restoration,590,MEDIUM,squeakycleany-princefrederick
clean up company,590,MEDIUM,bbmaintenance-officecleaning+cleanupcompany-janitorial+mastercleaning-services+rs-home+squeakycleany-princefrederick
cleaning a carpet,590,HIGH,bbmaintenance-officecleaning
cleaning booking,590,MEDIUM,rs-home
cleaning company frederick md,590,HIGH,leas-movein-princefrederick+merrymaids-waldorf+squeakycleany-princefrederick
cleaning company hiring,590,MEDIUM,squeakycleany-princefrederick
cleaning company supplies,590,HIGH,rs-home+streakers-california
cleaning crew near me,590,HIGH,leas-home+streakers-home+themaids-laplata
cleaning day,590,MEDIUM,nextday-waldorf
cleaning days,590,MEDIUM,sweeney-home
cleaning essentials,590,HIGH,rs-home
cleaning kitchen floors,590,HIGH,rs-standard-cleaning
cleaning la,590,LOW,alliance-home+alliance-residential+beyondcleaningpros-laplata
cleaning living,590,MEDIUM,sweeney-home+rs-home
cleaning my space,590,LOW,rs-home
cleaning residential and commercial,590,LOW,rs-deep-cleaning+rs-office-cleaning+somdcleaningcrew-stmarys
cleaning reviews,590,LOW,nextday-waldorf+streakers-california+streakers-home+sweeney-home+sweeney-lexingtonpark
cleaning service about us,590,LOW,sweeney-lexingtonpark
cleaning service frederick md,590,HIGH,sweeney-lexingtonpark
cleaning service rates,590,MEDIUM,leas-home
cleaning service reviews,590,MEDIUM,leas-home+leas-movein-princefrederick+streakers-california+streakers-home
cleaning service us,590,LOW,rs-office-cleaning+sweeney-home
cleaning services frederick md,590,HIGH,beyondcleaningpros-home+beyondcleaningpros-laplata+leas-home+leas-movein-princefrederick+merrymaids-waldorf+somdcleaningcrew-home+squeakycleany-princefrederick+streakers-home
cleaning services in america,590,LOW,merrymaids-waldorf
cleaning services in us,590,LOW,alliance-home+bbmaintenance-officecleaning+beyondcleaningpros-home+beyondcleaningpros-laplata+leas-movein-princefrederick+maids2mop-waldorf+mastercleaning-home+mastercleaning-services+merrymaids-waldorf+nextday-waldorf+rs-home+somdcleaningcrew-home+somdcleaningcrew-stmarys+themaids-laplata
cleaning services in usa,590,LOW,leas-home+streakers-california+streakers-home
cleaning services reviews,590,MEDIUM,nextday-waldorf+sweeney-home+sweeney-lexingtonpark
cleaning services us,590,LOW,alliance-residential
cleaning store,590,LOW,alliance-residential
cleaning supplies for cleaning company,590,HIGH,alliance-home+alliance-residential+bbmaintenance-officecleaning+maids2mop-waldorf+rs-home
cleaning the inside of a refrigerator,590,HIGH,rs-move-in-out-cleaning
cleaning website,590,MEDIUM,leas-home+streakers-home
cleaning websites,590,MEDIUM,alliance-residential+beyondcleaningpros-home+cleanupcompany-janitorial+leas-movein-princefrederick+mastercleaning-services+merrymaids-waldorf+nextday-waldorf+rs-home+streakers-california+themaids-laplata
cleanup company,590,MEDIUM,rs-office-cleaning
commercial & residential cleaning,590,LOW,rs-office-cleaning+somdcleaningcrew-stmarys+rs-deep-cleaning
commercial and residential cleaning,590,LOW,somdcleaningcrew-stmarys+streakers-california
commercial cleaning charges,590,MEDIUM,cleanupcompany-janitorial
commercial cleaning equipment,590,HIGH,bbmaintenance-officecleaning
commercial cleaning products,590,HIGH,alliance-home+alliance-residential+beyondcleaningpros-home+rs-home+rs-office-cleaning
commercial cleaning services prices,590,MEDIUM,alliance-home
commercial maintenance,590,MEDIUM,rs-standard-cleaning
commercial residential cleaning,590,LOW,rs-deep-cleaning+rs-office-cleaning+somdcleaningcrew-home+somdcleaningcrew-stmarys
company cleaning supplies,590,HIGH,bbmaintenance-officecleaning
couch cleaning company,590,HIGH,alliance-home+alliance-residential
dc cleaners,590,LOW,merrymaids-waldorf+themaids-laplata
deep cleaner near me,590,HIGH,leas-home+streakers-home+themaids-laplata
deep cleaning floors,590,HIGH,rs-standard-cleaning
deep floor cleaning,590,HIGH,rs-deep-cleaning
deep professional cleaning,590,LOW,rs-home
dishwashing services,590,HIGH,mastercleaning-home+mastercleaning-services+merrymaids-waldorf+rs-deep-cleaning+rs-office-cleaning+rs-standard-cleaning+streakers-california
facility maintenance services,590,LOW,bbmaintenance-officecleaning+cleanupcompany-janitorial+mastercleaning-services
fall cleaning,590,HIGH,bbmaintenance-officecleaning
floor care,590,MEDIUM,bbmaintenance-officecleaning+cleanupcompany-janitorial
floor cleaning companies,590,HIGH,mastercleaning-services
floor cleaning company,590,HIGH,alliance-home+alliance-residential+bbmaintenance-officecleaning+cleanupcompany-janitorial+leas-movein-princefrederick+rs-home+squeakycleany-princefrederick
floor deep cleaning,590,HIGH,rs-home
frederick cleaning service,590,HIGH,beyondcleaningpros-home+beyondcleaningpros-laplata+leas-movein-princefrederick+merrymaids-waldorf+squeakycleany-princefrederick+streakers-home
fresh start cleaning services,590,MEDIUM,merrymaids-waldorf
fridge cleaning service,590,MEDIUM,alliance-residential
full cleaning services,590,HIGH,cleanupcompany-janitorial+leas-home+nextday-waldorf+rs-home+streakers-california+streakers-home
full home cleaning service,590,HIGH,themaids-laplata
full home cleaning services,590,HIGH,leas-movein-princefrederick+merrymaids-waldorf+streakers-california+streakers-home
full house cleaning service,590,HIGH,leas-home
full house cleaning services,590,HIGH,beyondcleaningpros-home+nextday-waldorf+streakers-california+streakers-home
full service home cleaning,590,HIGH,mastercleaning-home
full service house cleaning,590,HIGH,merrymaids-waldorf+somdcleaningcrew-home+somdcleaningcrew-stmarys+themaids-laplata
good cleaning services,590,MEDIUM,rs-home+squeakycleany-princefrederick
hardwood floor cleaning service near me,590,HIGH,alliance-home
home cleaning services frederick md,590,HIGH,leas-movein-princefrederick+merrymaids-waldorf+somdcleaningcrew-home+squeakycleany-princefrederick
home decluttering services,590,LOW,bbmaintenance-officecleaning
home deep cleaning company,590,MEDIUM,rs-home
house cleaners frederick md,590,HIGH,merrymaids-waldorf+streakers-home
house cleaning frederick md,590,HIGH,beyondcleaningpros-home+beyondcleaningpros-laplata+leas-movein-princefrederick+somdcleaningcrew-home+squeakycleany-princefrederick+sweeney-lexingtonpark
house cleaning items,590,HIGH,alliance-residential
house cleaning local,590,HIGH,rs-home+squeakycleany-princefrederick+sweeney-home+sweeney-lexingtonpark
house cleaning orlando,590,MEDIUM,beyondcleaningpros-home+beyondcleaningpros-laplata
house cleaning services frederick md,590,HIGH,beyondcleaningpros-home+beyondcleaningpros-laplata+leas-home+leas-movein-princefrederick+merrymaids-waldorf+somdcleaningcrew-home+squeakycleany-princefrederick+streakers-home+sweeney-lexingtonpark
house cleaning services near me prices,590,HIGH,leas-home+nextday-waldorf
house cleaning services orlando fl,590,MEDIUM,beyondcleaningpros-home
house cleaning services reviews,590,MEDIUM,sweeney-home+sweeney-lexingtonpark
house deep cleaning company,590,MEDIUM,leas-movein-princefrederick+rs-home+sweeney-home+sweeney-lexingtonpark
house house maid,590,LOW,somdcleaningcrew-stmarys
industrial cleaning service near me,590,MEDIUM,alliance-home+mastercleaning-home+streakers-california
industrial cleaning services near me,590,MEDIUM,cleanupcompany-janitorial
inside refrigerator cleaner,590,HIGH,rs-move-in-out-cleaning
janitorial cleaning supplies,590,HIGH,bbmaintenance-officecleaning
janitorial services for businesses,590,LOW,mastercleaning-services
kitchen floor cleaning,590,HIGH,rs-home
living room cleaning,590,LOW,rs-home+sweeney-home
local cleaners,590,HIGH,beyondcleaningpros-laplata+leas-home+maids2mop-waldorf+merrymaids-waldorf+somdcleaningcrew-home+streakers-california+streakers-home+themaids-laplata
local commercial cleaning companies,590,MEDIUM,cleanupcompany-janitorial+mastercleaning-home+streakers-california
local commercial cleaning company,590,MEDIUM,rs-home
local home cleaners,590,HIGH,streakers-california+streakers-home
local home cleaning,590,HIGH,mastercleaning-home+rs-deep-cleaning+rs-home+rs-move-in-out-cleaning+rs-standard-cleaning+sweeney-home
local house cleaning,590,HIGH,nextday-waldorf+rs-home+sweeney-home
maid easy,590,LOW,cleaningmaideasy-home
maid house,590,LOW,somdcleaningcrew-home+somdcleaningcrew-stmarys
maid of house,590,LOW,somdcleaningcrew-stmarys
maid service frederick md,590,HIGH,beyondcleaningpros-laplata+leas-home+merrymaids-waldorf+somdcleaningcrew-home+squeakycleany-princefrederick+streakers-home
master cleaning service,590,LOW,mastercleaning-home+mastercleaning-services
monthly cleaning service,590,HIGH,beyondcleaningpros-home+beyondcleaningpros-laplata+cleanupcompany-janitorial+mastercleaning-services+merrymaids-waldorf+rs-standard-cleaning+somdcleaningcrew-home
monthly cleaning services,590,HIGH,alliance-residential+leas-home+rs-home+streakers-home
mopping carpets,590,HIGH,rs-standard-cleaning
mopping water,590,HIGH,rs-deep-cleaning
parking lot cleaning,590,HIGH,bbmaintenance-officecleaning
parking lot cleaning services,590,MEDIUM,bbmaintenance-officecleaning
pressure cleaning services,590,HIGH,beyondcleaningpros-home
professional deep clean,590,LOW,alliance-home+leas-home+merrymaids-waldorf
professional deep cleaning,590,LOW,bbmaintenance-officecleaning+beyondcleaningpros-home+beyondcleaningpros-laplata+cleaningmaideasy-home+leas-movein-princefrederick+maids2mop-waldorf+nextday-waldorf+rs-office-cleaning+somdcleaningcrew-stmarys+streakers-california+streakers-home
professional floor cleaning,590,HIGH,alliance-home+bbmaintenance-officecleaning+mastercleaning-services+squeakycleany-princefrederick
professional janitorial services,590,MEDIUM,bbmaintenance-officecleaning+beyondcleaningpros-home+beyondcleaningpros-laplata+mastercleaning-services
professional power washing services,590,LOW,beyondcleaningpros-home+beyondcleaningpros-laplata
property clean out,590,LOW,rs-move-in-out-cleaning
refrigerator cleaning service,590,MEDIUM,alliance-residential
removing hard water build up,590,HIGH,rs-deep-cleaning
removing stains from walls,590,HIGH,rs-deep-cleaning
residential & commercial cleaning,590,LOW,rs-deep-cleaning+rs-office-cleaning+rs-standard-cleaning+somdcleaningcrew-stmarys
residential and commercial cleaning,590,LOW,alliance-home+beyondcleaningpros-home+rs-deep-cleaning+rs-office-cleaning
residential cleaning services orlando,590,MEDIUM,beyondcleaningpros-home
residential commercial cleaning,590,LOW,rs-standard-cleaning
residential deep cleaning service,590,MEDIUM,rs-home
residential deep cleaning services,590,MEDIUM,alliance-home+bbmaintenance-officecleaning+beyondcleaningpros-home+beyondcleaningpros-laplata+cleaningmaideasy-home+leas-home+nextday-waldorf+rs-deep-cleaning+rs-office-cleaning+rs-standard-cleaning+streakers-california+streakers-home+sweeney-home+themaids-laplata
residential house cleaning,590,MEDIUM,alliance-residential+beyondcleaningpros-home+beyondcleaningpros-laplata+cleaningmaideasy-home+leas-home+nextday-waldorf+somdcleaningcrew-home+somdcleaningcrew-stmarys+squeakycleany-princefrederick+streakers-california+streakers-home+sweeney-home+themaids-laplata
residential power washing services,590,LOW,beyondcleaningpros-home+beyondcleaningpros-laplata
same day cleaning,590,MEDIUM,alliance-residential+beyondcleaningpros-home+beyondcleaningpros-laplata+leas-home+leas-movein-princefrederick+nextday-waldorf+streakers-california+streakers-home+sweeney-home+themaids-laplata
sofa cleaning company,590,HIGH,alliance-home+alliance-residential
steam cleaning companies,590,MEDIUM,mastercleaning-services+nextday-waldorf
the cleaning people,590,HIGH,cleaningmaideasy-home+rs-home+sweeney-home
the maids near me,590,LOW,themaids-laplata
wall cleaning services,590,HIGH,squeakycleany-princefrederick
walls cleaning service,590,HIGH,rs-deep-cleaning
water mopping,590,HIGH,rs-deep-cleaning
affordable cleaning,480,MEDIUM,alliance-residential+beyondcleaningpros-laplata+cleaningmaideasy-home+leas-movein-princefrederick+nextday-waldorf+streakers-california+sweeney-home+sweeney-lexingtonpark+themaids-laplata
affordable cleaning service near me,480,HIGH,merrymaids-waldorf+streakers-california+streakers-home
affordable cleaning services near me,480,HIGH,beyondcleaningpros-laplata+leas-home+themaids-laplata
all cleaning service,480,LOW,rs-deep-cleaning+rs-office-cleaning+rs-standard-cleaning
all cleaning services,480,LOW,alliance-residential+mastercleaning-services+rs-home+squeakycleany-princefrederick+streakers-home+sweeney-lexingtonpark
all natural cleaning,480,HIGH,alliance-residential
apartment cleaning jobs,480,LOW,nextday-waldorf
bathroom deep cleaning services,480,HIGH,rs-home
best house cleaners,480,HIGH,leas-home+maids2mop-waldorf+streakers-home+themaids-laplata
best house cleaning,480,HIGH,alliance-residential+beyondcleaningpros-home+beyondcleaningpros-laplata+cleaningmaideasy-home+leas-movein-princefrederick+nextday-waldorf+squeakycleany-princefrederick+sweeney-home
best household cleaning,480,HIGH,rs-home
best soap for mopping,480,HIGH,rs-deep-cleaning
best spot cleaner,480,HIGH,rs-deep-cleaning
book cleaning,480,MEDIUM,leas-movein-princefrederick+maids2mop-waldorf
building maintenance company,480,LOW,cleanupcompany-janitorial
carpet cleaning office,480,LOW,mastercleaning-services
carpet cleaning washington dc,480,HIGH,alliance-home+alliance-residential+bbmaintenance-officecleaning+mastercleaning-services+nextday-waldorf
cleaners in the area,480,LOW,streakers-california+streakers-home
cleaning advertisement,480,LOW,cleaningmaideasy-home+somdcleaningcrew-home
cleaning agencies near me,480,HIGH,alliance-home+leas-home+streakers-home+themaids-laplata
cleaning area,480,LOW,mastercleaning-home+mastercleaning-services+sweeney-home+sweeney-lexingtonpark
cleaning areas,480,LOW,rs-deep-cleaning+rs-home+rs-move-in-out-cleaning+rs-office-cleaning+rs-standard-cleaning
cleaning company home,480,HIGH,alliance-residential+bbmaintenance-officecleaning+beyondcleaningpros-home+cleaningmaideasy-home+leas-movein-princefrederick+maids2mop-waldorf+mastercleaning-home+mastercleaning-services+rs-home+somdcleaningcrew-home+somdcleaningcrew-stmarys+squeakycleany-princefrederick+sweeney-home+sweeney-lexingtonpark
cleaning company website,480,HIGH,leas-home+streakers-home+themaids-laplata
cleaning corner,480,LOW,sweeney-home
cleaning corners,480,LOW,rs-deep-cleaning
cleaning corporations,480,LOW,cleanupcompany-janitorial+leas-movein-princefrederick
cleaning fresh,480,LOW,rs-move-in-out-cleaning
cleaning home service,480,HIGH,rs-deep-cleaning+rs-move-in-out-cleaning+rs-standard-cleaning
cleaning house maid,480,HIGH,somdcleaningcrew-home+somdcleaningcrew-stmarys
cleaning laundry service,480,MEDIUM,rs-home
cleaning park,480,LOW,somdcleaningcrew-stmarys+sweeney-lexingtonpark
cleaning price,480,MEDIUM,leas-movein-princefrederick+maids2mop-waldorf+rs-home
cleaning prices,480,MEDIUM,nextday-waldorf
cleaning pricing,480,MEDIUM,rs-deep-cleaning
cleaning services website,480,HIGH,leas-home+streakers-home+themaids-laplata
cleaning solutions llc,480,LOW,alliance-home
cleaning time,480,LOW,mastercleaning-services+rs-deep-cleaning+rs-home+rs-standard-cleaning+sweeney-home
cleaning zones,480,HIGH,rs-home
commercial building maintenance services,480,LOW,cleanupcompany-janitorial+squeakycleany-princefrederick
commercial cleaning orlando,480,MEDIUM,beyondcleaningpros-home
commercial cleaning services orlando,480,MEDIUM,beyondcleaningpros-home
construction clean up company,480,MEDIUM,cleanupcompany-janitorial
construction clean up services,480,MEDIUM,cleanupcompany-janitorial+mastercleaning-services
corporate cleaning service,480,MEDIUM,alliance-home+alliance-residential+beyondcleaningpros-home+cleaningmaideasy-home+cleanupcompany-janitorial+leas-movein-princefrederick+mastercleaning-home+mastercleaning-services+somdcleaningcrew-home+somdcleaningcrew-stmarys+squeakycleany-princefrederick+streakers-california
deep bathroom cleaning services,480,HIGH,rs-home
deep clean bathroom service,480,HIGH,rs-deep-cleaning+streakers-home
deep cleaning an oven,480,MEDIUM,rs-move-in-out-cleaning
deep cleaning bathroom services,480,HIGH,rs-move-in-out-cleaning+rs-standard-cleaning
deep cleaning oven,480,MEDIUM,rs-move-in-out-cleaning
deep cleaning services for apartments,480,LOW,rs-home
deep house cleaning near me,480,MEDIUM,beyondcleaningpros-laplata+leas-home+themaids-laplata
environment cleaning services,480,MEDIUM,alliance-residential+bbmaintenance-officecleaning+mastercleaning-services
exterior house cleaning services,480,MEDIUM,nextday-waldorf
floor care equipment,480,HIGH,bbmaintenance-officecleaning
floor cleaning equipment,480,HIGH,bbmaintenance-officecleaning
get clean,480,LOW,alliance-residential+bbmaintenance-officecleaning+cleaningmaideasy-home+rs-deep-cleaning+rs-home+rs-move-in-out-cleaning+rs-standard-cleaning+squeakycleany-princefrederick+sweeney-home
get cleaner,480,LOW,rs-deep-cleaning+rs-standard-cleaning
get cleaning,480,LOW,rs-office-cleaning
home cleaning maid,480,HIGH,beyondcleaningpros-laplata+cleaningmaideasy-home+maids2mop-waldorf+mastercleaning-home+mastercleaning-services+nextday-waldorf+rs-home+somdcleaningcrew-home+somdcleaningcrew-stmarys+squeakycleany-princefrederick+sweeney-lexingtonpark
house clean out services near me,480,MEDIUM,beyondcleaningpros-laplata
house cleaning maid,480,HIGH,beyondcleaningpros-laplata+cleaningmaideasy-home+maids2mop-waldorf+nextday-waldorf+somdcleaningcrew-home+somdcleaningcrew-stmarys+squeakycleany-princefrederick
house cleaning maids,480,HIGH,alliance-residential+beyondcleaningpros-home+leas-home+leas-movein-princefrederick+streakers-home+sweeney-lexingtonpark
house cleaning tucson,480,HIGH,leas-home
house keepers,480,MEDIUM,merrymaids-waldorf+somdcleaningcrew-home+somdcleaningcrew-stmarys+streakers-california+themaids-laplata
house maid service,480,MEDIUM,maids2mop-waldorf+merrymaids-waldorf+somdcleaningcrew-home+squeakycleany-princefrederick+streakers-california
house maid services,480,MEDIUM,beyondcleaningpros-laplata+cleaningmaideasy-home+nextday-waldorf+somdcleaningcrew-stmarys
house mop,480,HIGH,maids2mop-waldorf
house mopping,480,HIGH,sweeney-home
house of maids,480,LOW,maids2mop-waldorf+somdcleaningcrew-home
household maid service,480,MEDIUM,somdcleaningcrew-home+somdcleaningcrew-stmarys
housekeeping maid service,480,MEDIUM,somdcleaningcrew-home
in home cleaning services,480,MEDIUM,alliance-home+alliance-residential+bbmaintenance-officecleaning+beyondcleaningpros-home+beyondcleaningpros-laplata+cleaningmaideasy-home+leas-home+leas-movein-princefrederick+maids2mop-waldorf+mastercleaning-home+mastercleaning-services+merrymaids-waldorf+nextday-waldorf+rs-home+somdcleaningcrew-home+somdcleaningcrew-stmarys+squeakycleany-princefrederick+streakers-california+streakers-home+sweeney-lexingtonpark+themaids-laplata
in home maid service,480,MEDIUM,beyondcleaningpros-laplata+cleaningmaideasy-home+leas-home+maids2mop-waldorf+merrymaids-waldorf+nextday-waldorf+somdcleaningcrew-home+somdcleaningcrew-stmarys+squeakycleany-princefrederick+streakers-california+streakers-home+themaids-laplata
janitor equipment,480,HIGH,bbmaintenance-officecleaning
maid cleaning house,480,HIGH,cleaningmaideasy-home+maids2mop-waldorf+somdcleaningcrew-home+somdcleaningcrew-stmarys
maid for home cleaning,480,HIGH,beyondcleaningpros-laplata+cleaningmaideasy-home+maids2mop-waldorf+somdcleaningcrew-home+somdcleaningcrew-stmarys
maid home cleaning,480,HIGH,somdcleaningcrew-stmarys
maintenance office,480,LOW,bbmaintenance-officecleaning
master clean carpet,480,LOW,mastercleaning-services
medical facility cleaning services,480,LOW,mastercleaning-services
merry maids cleaning,480,MEDIUM,merrymaids-waldorf+streakers-home+themaids-laplata
merry maids cleaning company,480,MEDIUM,merrymaids-waldorf
merry maids deep cleaning cost,480,MEDIUM,themaids-laplata
mop for house,480,HIGH,maids2mop-waldorf
office carpet cleaning,480,LOW,alliance-home+alliance-residential+bbmaintenance-officecleaning+squeakycleany-princefrederick
office maintenance,480,LOW,bbmaintenance-officecleaning+cleanupcompany-janitorial+mastercleaning-services+somdcleaningcrew-home
online cleaning services,480,HIGH,bbmaintenance-officecleaning+beyondcleaningpros-home+beyondcleaningpros-laplata+rs-home
online house cleaning services,480,HIGH,beyondcleaningpros-home
price cleaning,480,MEDIUM,rs-home
professional apartment cleaning services,480,LOW,alliance-residential+cleaningmaideasy-home+maids2mop-waldorf+nextday-waldorf
professional carpet removal,480,LOW,bbmaintenance-officecleaning+squeakycleany-princefrederick
professional cleaning materials,480,HIGH,rs-home
professional cleaning products,480,HIGH,alliance-home+alliance-residential+beyondcleaningpros-home+rs-home+rs-office-cleaning
professional deep cleaning checklist,480,HIGH,cleaningmaideasy-home+maids2mop-waldorf
professional home cleaning,480,MEDIUM,alliance-home+beyondcleaningpros-home+beyondcleaningpros-laplata+cleaningmaideasy-home+leas-home+maids2mop-waldorf+merrymaids-waldorf+nextday-waldorf+somdcleaningcrew-stmarys+squeakycleany-princefrederick+streakers-california+streakers-home+themaids-laplata
professional maid service,480,LOW,beyondcleaningpros-laplata+cleaningmaideasy-home+maids2mop-waldorf+merrymaids-waldorf+nextday-waldorf+somdcleaningcrew-home+somdcleaningcrew-stmarys+squeakycleany-princefrederick+streakers-california+themaids-laplata
professional maintenance,480,LOW,mastercleaning-services
professional office cleaning services,480,LOW,alliance-home+bbmaintenance-officecleaning+beyondcleaningpros-home+cleaningmaideasy-home+cleanupcompany-janitorial+mastercleaning-services+rs-office-cleaning+somdcleaningcrew-home+somdcleaningcrew-stmarys+squeakycleany-princefrederick+streakers-california
regular cleaning,480,LOW,alliance-residential+leas-movein-princefrederick+maids2mop-waldorf+merrymaids-waldorf+rs-standard-cleaning+squeakycleany-princefrederick
restroom cleaning,480,HIGH,rs-office-cleaning+rs-standard-cleaning
solutions service,480,LOW,mastercleaning-home+rs-office-cleaning+rs-standard-cleaning+rs-deep-cleaning
steam cleaning services near me,480,HIGH,mastercleaning-services
top cleaning,480,MEDIUM,alliance-home+rs-deep-cleaning+rs-home
top to bottom cleaning,480,MEDIUM,sweeney-home
types of cleaning,480,LOW,mastercleaning-services
vacation rental cleaning companies,480,LOW,beyondcleaningpros-home+leas-movein-princefrederick
vacation rental cleaning services,480,LOW,beyondcleaningpros-home+leas-movein-princefrederick
vacuuming rugs,480,HIGH,rs-standard-cleaning
villa cleaning,480,LOW,alliance-residential+beyondcleaningpros-laplata+cleaningmaideasy-home+maids2mop-waldorf+nextday-waldorf+somdcleaningcrew-home+somdcleaningcrew-stmarys+sweeney-home+sweeney-lexingtonpark
washing companies,480,LOW,rs-home
washing company,480,LOW,cleanupcompany-janitorial
we clean,480,LOW,alliance-residential+cleaningmaideasy-home+mastercleaning-services+rs-home+rs-standard-cleaning+squeakycleany-princefrederick+streakers-home+sweeney-home+sweeney-lexingtonpark
we cleaners,480,LOW,rs-standard-cleaning
we cleaning,480,LOW,mastercleaning-home+rs-deep-cleaning+somdcleaningcrew-home+somdcleaningcrew-stmarys
white cleaning,480,MEDIUM,mastercleaning-home
whole house cleaning service,480,HIGH,beyondcleaningpros-laplata+leas-home+leas-movein-princefrederick+maids2mop-waldorf+merrymaids-waldorf+streakers-california+streakers-home+themaids-laplata
whole house cleaning services,480,HIGH,nextday-waldorf
window cleaning home,480,HIGH,rs-move-in-out-cleaning
your local,480,LOW,mastercleaning-home+rs-home
2 maids,390,HIGH,maids2mop-waldorf
2 maids and a mop,390,MEDIUM,maids2mop-waldorf
after clean,390,LOW,rs-deep-cleaning+rs-office-cleaning+rs-standard-cleaning
all about cleaning,390,HIGH,mastercleaning-services+rs-deep-cleaning+rs-move-in-out-cleaning+rs-office-cleaning+rs-standard-cleaning
bathroom cleaning services near me,390,HIGH,rs-home
bathroom wash,390,HIGH,rs-home
bedroom cleaning,390,MEDIUM,maids2mop-waldorf
best cleaning agency,390,MEDIUM,rs-home
best cleaning companies,390,MEDIUM,alliance-residential+cleaningmaideasy-home+leas-home+maids2mop-waldorf+streakers-home+themaids-laplata
best cleaning company,390,MEDIUM,alliance-home+beyondcleaningpros-home+cleanupcompany-janitorial+leas-movein-princefrederick+nextday-waldorf+rs-home
best cleaning team,390,LOW,rs-home
budget services,390,LOW,mastercleaning-services
building cleaning jobs,390,LOW,squeakycleany-princefrederick
business cleaners near me,390,LOW,leas-home+streakers-home
care cleaning,390,LOW,bbmaintenance-officecleaning+cleanupcompany-janitorial+rs-office-cleaning+squeakycleany-princefrederick
care cleans,390,LOW,rs-office-cleaning
carpet cleaning companies in my area,390,HIGH,alliance-home
carpet cleaning frederick md,390,HIGH,squeakycleany-princefrederick
carpet service,390,LOW,alliance-home+alliance-residential+mastercleaning-services+squeakycleany-princefrederick
carpet services,390,LOW,bbmaintenance-officecleaning
carpets service,390,LOW,rs-standard-cleaning
charlotte cleaning,390,HIGH,somdcleaningcrew-stmarys
clean & fresh,390,LOW,rs-move-in-out-cleaning
clean can,390,LOW,alliance-residential
cleaners in my area,390,LOW,leas-home
cleaning can,390,LOW,bbmaintenance-officecleaning+rs-home+somdcleaningcrew-stmarys
cleaning charlotte,390,HIGH,somdcleaningcrew-stmarys
cleaning commercial buildings,390,LOW,cleanupcompany-janitorial
cleaning cost,390,LOW,maids2mop-waldorf+nextday-waldorf
cleaning costs,390,LOW,rs-home
cleaning facility services,390,LOW,bbmaintenance-officecleaning+cleanupcompany-janitorial+mastercleaning-services
cleaning now,390,LOW,cleaningmaideasy-home
cleaning one,390,LOW,rs-standard-cleaning
cleaning service estimate,390,HIGH,leas-movein-princefrederick+nextday-waldorf+rs-deep-cleaning+rs-office-cleaning+rs-standard-cleaning
cleaning service quote,390,HIGH,leas-home+mastercleaning-home+merrymaids-waldorf+rs-deep-cleaning+rs-standard-cleaning+themaids-laplata
cleaning services columbia md,390,HIGH,leas-home
cleaning services commercial and residential,390,LOW,somdcleaningcrew-stmarys
cleaning services estimate,390,HIGH,mastercleaning-services
cleaning services for business near me,390,LOW,mastercleaning-services
cleaning services for businesses near me,390,LOW,alliance-home
cleaning services for commercial buildings,390,MEDIUM,cleanupcompany-janitorial
cleaning services in florida,390,MEDIUM,beyondcleaningpros-home
cleaning services job near me,390,MEDIUM,rs-home
cleaning services llc,390,LOW,cleanupcompany-janitorial
cleaning services near me prices,390,HIGH,alliance-home+leas-home
cleaning services quote,390,HIGH,alliance-home+sweeney-lexingtonpark
cleaning services quotes,390,HIGH,rs-home
cleaning spot,390,LOW,rs-deep-cleaning+rs-move-in-out-cleaning
cleaning the trash,390,LOW,rs-deep-cleaning+rs-move-in-out-cleaning+rs-office-cleaning+rs-standard-cleaning
commercial and residential cleaning company,390,LOW,somdcleaningcrew-stmarys
commercial and residential cleaning service,390,LOW,rs-deep-cleaning
commercial and residential cleaning services,390,LOW,somdcleaningcrew-stmarys+streakers-california+streakers-home
commercial building cleaning,390,LOW,bbmaintenance-officecleaning+somdcleaningcrew-stmarys+squeakycleany-princefrederick
commercial building cleaning services,390,MEDIUM,bbmaintenance-officecleaning+somdcleaningcrew-stmarys+squeakycleany-princefrederick
commercial cleaning suppliers near me,390,HIGH,rs-office-cleaning
commercial cleaning supplies near me,390,HIGH,streakers-california
commercial hard floor cleaner,390,HIGH,alliance-home
commercial office cleaning companies,390,LOW,mastercleaning-home
commercial office cleaning company,390,LOW,cleanupcompany-janitorial+somdcleaningcrew-home+somdcleaningcrew-stmarys+squeakycleany-princefrederick
condo cleaning service,390,MEDIUM,alliance-residential+beyondcleaningpros-home+beyondcleaningpros-laplata+cleaningmaideasy-home+leas-movein-princefrederick+maids2mop-waldorf+nextday-waldorf+somdcleaningcrew-home+somdcleaningcrew-stmarys+squeakycleany-princefrederick+streakers-california+streakers-home+sweeney-lexingtonpark
condo cleaning services,390,MEDIUM,leas-home
condominium cleaning services,390,MEDIUM,alliance-residential+beyondcleaningpros-home+beyondcleaningpros-laplata+cleaningmaideasy-home+maids2mop-waldorf+nextday-waldorf+somdcleaningcrew-home+somdcleaningcrew-stmarys+sweeney-lexingtonpark
customized cleaning,390,LOW,rs-deep-cleaning+rs-move-in-out-cleaning+rs-standard-cleaning
customized cleaning service,390,LOW,rs-office-cleaning+rs-standard-cleaning+rs-deep-cleaning
daily janitorial services,390,LOW,cleanupcompany-janitorial+mastercleaning-services
deep cleaning price,390,MEDIUM,leas-movein-princefrederick+maids2mop-waldorf+nextday-waldorf+rs-home
deep cleaning services los angeles,390,HIGH,themaids-laplata
deep washing,390,LOW,rs-home
detail cleaning service,390,MEDIUM,mastercleaning-services+rs-home
detailed cleaning service,390,MEDIUM,rs-deep-cleaning+rs-move-in-out-cleaning+somdcleaningcrew-home+somdcleaningcrew-stmarys+sweeney-home+sweeney-lexingtonpark
eco cleaning,390,HIGH,beyondcleaningpros-home
eco cleaning services,390,MEDIUM,beyondcleaningpros-home
estimate cleaning services,390,HIGH,rs-home
estimate for cleaning services,390,HIGH,somdcleaningcrew-home
estimate house cleaning services,390,HIGH,leas-movein-princefrederick+rs-home+somdcleaningcrew-home
exterior services,390,LOW,cleanupcompany-janitorial
facility cleaning,390,LOW,alliance-home+bbmaintenance-officecleaning+cleaningmaideasy-home+cleanupcompany-janitorial+mastercleaning-services+squeakycleany-princefrederick
facility cleaning companies,390,LOW,alliance-home+bbmaintenance-officecleaning+cleaningmaideasy-home+cleanupcompany-janitorial+mastercleaning-home+mastercleaning-services+somdcleaningcrew-stmarys+squeakycleany-princefrederick
facility cleaning services,390,LOW,alliance-home+bbmaintenance-officecleaning+cleaningmaideasy-home+cleanupcompany-janitorial+mastercleaning-home+mastercleaning-services+rs-office-cleaning+somdcleaningcrew-home+somdcleaningcrew-stmarys+squeakycleany-princefrederick+streakers-california
family cleaning services,390,LOW,beyondcleaningpros-home
florida cleaning services,390,MEDIUM,beyondcleaningpros-home
good cleaning,390,HIGH,rs-home+rs-move-in-out-cleaning
grass cleaning,390,MEDIUM,bbmaintenance-officecleaning
green maids,390,LOW,themaids-laplata
help service,390,LOW,mastercleaning-home+rs-office-cleaning
hire a house cleaner,390,HIGH,nextday-waldorf
hire house cleaner,390,HIGH,leas-home
home cleaning estimate,390,HIGH,rs-deep-cleaning+rs-home+rs-move-in-out-cleaning
house cleaners for hire,390,HIGH,maids2mop-waldorf
house cleaning estimate,390,HIGH,cleaningmaideasy-home+leas-home+leas-movein-princefrederick+rs-home+somdcleaningcrew-home+sweeney-lexingtonpark
house cleaning service columbia md,390,HIGH,leas-home
house cleaning solutions,390,HIGH,alliance-home+alliance-residential+nextday-waldorf+sweeney-home+sweeney-lexingtonpark
house help services,390,MEDIUM,alliance-residential+beyondcleaningpros-laplata+merrymaids-waldorf
janitorial maintenance,390,LOW,bbmaintenance-officecleaning+cleanupcompany-janitorial+mastercleaning-services
job cleaning company,390,LOW,rs-home
lavatory cleaning,390,HIGH,rs-move-in-out-cleaning+rs-standard-cleaning+rs-home
light cleaning,390,MEDIUM,rs-move-in-out-cleaning
maid service estimate,390,HIGH,merrymaids-waldorf
maid this cleaning,390,LOW,beyondcleaningpros-laplata+cleaningmaideasy-home+maids2mop-waldorf+merrymaids-waldorf+somdcleaningcrew-home+somdcleaningcrew-stmarys+streakers-california
maids 2 clean,390,LOW,maids2mop-waldorf
main cleaning solutions,390,LOW,sweeney-home
make cleaning,390,LOW,rs-home+sweeney-home
make it clean,390,LOW,rs-home
mopping bathroom,390,HIGH,rs-deep-cleaning+rs-move-in-out-cleaning+rs-standard-cleaning
move in deep cleaning service,390,MEDIUM,beyondcleaningpros-home+beyondcleaningpros-laplata+leas-home+leas-movein-princefrederick+maids2mop-waldorf+merrymaids-waldorf+nextday-waldorf+rs-deep-cleaning+rs-home+rs-move-in-out-cleaning+rs-office-cleaning+rs-standard-cleaning+streakers-california+streakers-home+sweeney-home+sweeney-lexingtonpark+themaids-laplata
move out clean near me,390,HIGH,leas-home+merrymaids-waldorf+rs-move-in-out-cleaning+streakers-home+sweeney-lexingtonpark+themaids-laplata
moving in deep cleaning service,390,MEDIUM,leas-movein-princefrederick+rs-move-in-out-cleaning
new home cleaning service,390,HIGH,alliance-home+cleaningmaideasy-home+leas-home+leas-movein-princefrederick+mastercleaning-home+merrymaids-waldorf+streakers-california+streakers-home+themaids-laplata
new home cleaning services,390,HIGH,rs-home
new house cleaning service,390,HIGH,somdcleaningcrew-home
new house cleaning services,390,HIGH,alliance-home+alliance-residential+beyondcleaningpros-home+beyondcleaningpros-laplata+cleaningmaideasy-home+leas-movein-princefrederick+maids2mop-waldorf+merrymaids-waldorf+nextday-waldorf+somdcleaningcrew-stmarys+squeakycleany-princefrederick+streakers-california+streakers-home+sweeney-lexingtonpark+themaids-laplata
office and commercial cleaning services,390,LOW,bbmaintenance-officecleaning+cleanupcompany-janitorial+mastercleaning-home+rs-office-cleaning+somdcleaningcrew-stmarys
office building cleaning,390,MEDIUM,bbmaintenance-officecleaning+cleanupcompany-janitorial+mastercleaning-services+somdcleaningcrew-stmarys+squeakycleany-princefrederick
one time cleaning service near me,390,HIGH,alliance-home+beyondcleaningpros-laplata+leas-home+streakers-home+themaids-laplata
one time cleaning services near me,390,HIGH,mastercleaning-services+merrymaids-waldorf
one time house cleaning,390,HIGH,alliance-home+alliance-residential+beyondcleaningpros-laplata+cleaningmaideasy-home+leas-home+maids2mop-waldorf+merrymaids-waldorf+nextday-waldorf+squeakycleany-princefrederick+streakers-home+sweeney-home+themaids-laplata
perfectly cleaning services,390,MEDIUM,rs-home
professional apartment cleaning,390,HIGH,alliance-residential+cleaningmaideasy-home+leas-home+maids2mop-waldorf+nextday-waldorf+themaids-laplata
professional business cleaning services,390,LOW,alliance-home+beyondcleaningpros-home+mastercleaning-services+rs-office-cleaning+somdcleaningcrew-home+somdcleaningcrew-stmarys+squeakycleany-princefrederick+streakers-home
professional carpet shampooer,390,HIGH,alliance-home
professional carpet shampooing,390,HIGH,mastercleaning-services
professional cleaning service for moving out,390,LOW,beyondcleaningpros-laplata+leas-home+leas-movein-princefrederick+sweeney-home
professional cleaning services commercial,390,LOW,alliance-home+alliance-residential+bbmaintenance-officecleaning+beyondcleaningpros-home+beyondcleaningpros-laplata+cleaningmaideasy-home+somdcleaningcrew-home+somdcleaningcrew-stmarys+squeakycleany-princefrederick+streakers-california
professional cleaning services for businesses,390,LOW,cleanupcompany-janitorial+leas-movein-princefrederick+rs-home
professional commercial cleaning company,390,LOW,alliance-home+somdcleaningcrew-stmarys
professional commercial cleaning services,390,LOW,alliance-home+beyondcleaningpros-home+beyondcleaningpros-laplata+cleaningmaideasy-home+cleanupcompany-janitorial+somdcleaningcrew-home+somdcleaningcrew-stmarys+squeakycleany-princefrederick+streakers-california
professional housekeeping services,390,LOW,nextday-waldorf+themaids-laplata
professional services cleaning,390,HIGH,mastercleaning-services
professional upholstery cleaning service,390,MEDIUM,alliance-home
property clean up,390,MEDIUM,cleanupcompany-janitorial+squeakycleany-princefrederick
quotation cleaning services,390,HIGH,mastercleaning-home+rs-home
re cleaning,390,LOW,mastercleaning-home+rs-move-in-out-cleaning
recurring cleaning,390,LOW,rs-deep-cleaning+rs-office-cleaning+rs-standard-cleaning+rs-home
residential and commercial cleaning services,390,LOW,alliance-home+bbmaintenance-officecleaning+beyondcleaningpros-home+cleanupcompany-janitorial+rs-office-cleaning+squeakycleany-princefrederick
residential commercial cleaning services,390,LOW,alliance-home+alliance-residential+beyondcleaningpros-home+cleaningmaideasy-home+rs-office-cleaning+somdcleaningcrew-home+somdcleaningcrew-stmarys
same day house cleaners near me,390,HIGH,leas-home+themaids-laplata
same day house cleaning near me,390,HIGH,nextday-waldorf+sweeney-home
short term rental cleaners,390,MEDIUM,beyondcleaningpros-home
short term rental cleaning service,390,MEDIUM,beyondcleaningpros-home+sweeney-home+sweeney-lexingtonpark
star cleaning service,390,MEDIUM,streakers-california
start up cleaning business,390,MEDIUM,leas-movein-princefrederick
sweeping clean,390,MEDIUM,rs-standard-cleaning
the cleaning crew,390,LOW,alliance-home+somdcleaningcrew-home+somdcleaningcrew-stmarys+squeakycleany-princefrederick+streakers-home
tile cleaning services near me,390,HIGH,alliance-home
top rated cleaning services near me,390,HIGH,leas-home+streakers-home+themaids-laplata
trash cleaning,390,LOW,rs-deep-cleaning+rs-move-in-out-cleaning+rs-office-cleaning+rs-standard-cleaning
vacuum cleaning service,390,LOW,alliance-residential+squeakycleany-princefrederick
washing services near me,390,MEDIUM,beyondcleaningpros-laplata
weekly cleaners,390,LOW,merrymaids-waldorf+streakers-home+themaids-laplata
weekly cleaning,390,LOW,beyondcleaningpros-home+beyondcleaningpros-laplata+cleanupcompany-janitorial+mastercleaning-services+rs-standard-cleaning+somdcleaningcrew-home
whole house cleaning,390,MEDIUM,nextday-waldorf
window cleaning orlando,390,HIGH,beyondcleaningpros-home
advertisement cleaning service,320,MEDIUM,mastercleaning-home
air cleaning service,320,MEDIUM,squeakycleany-princefrederick
airbnb cleaning company,320,MEDIUM,beyondcleaningpros-home+leas-movein-princefrederick
alliance cleaning company,320,LOW,alliance-home+alliance-residential
alliance cleaning services,320,LOW,alliance-home+alliance-residential
apartment clean out services,320,HIGH,alliance-residential+nextday-waldorf
apartment maid,320,MEDIUM,cleaningmaideasy-home+nextday-waldorf
apartment maids,320,MEDIUM,maids2mop-waldorf
aq cleaning,320,LOW,mastercleaning-home+rs-deep-cleaning+rs-move-in-out-cleaning+rs-office-cleaning+rs-standard-cleaning
b&b maintenance,320,LOW,bbmaintenance-officecleaning
basic cleaning services,320,MEDIUM,squeakycleany-princefrederick
bathroom cleanliness,320,HIGH,rs-move-in-out-cleaning+rs-standard-cleaning+rs-home
best cleaning solution,320,MEDIUM,alliance-home
best sweeping,320,HIGH,rs-office-cleaning
biweekly cleaning service,320,MEDIUM,beyondcleaningpros-laplata+merrymaids-waldorf
building cleaning,320,LOW,mastercleaning-services+somdcleaningcrew-stmarys+squeakycleany-princefrederick
business cleaning,320,LOW,cleaningmaideasy-home+cleanupcompany-janitorial+rs-office-cleaning+somdcleaningcrew-home+somdcleaningcrew-stmarys+squeakycleany-princefrederick+sweeney-home
business cleaning companies,320,HIGH,somdcleaningcrew-home
business cleaning company,320,HIGH,alliance-home+beyondcleaningpros-home+cleaningmaideasy-home+cleanupcompany-janitorial+leas-movein-princefrederick+squeakycleany-princefrederick+streakers-home
call cleaning,320,HIGH,rs-home
carpet and upholstery cleaning services,320,MEDIUM,alliance-home
carpet cleaning in my area,320,HIGH,alliance-home
carpet cleaning place,320,HIGH,alliance-home+alliance-residential+squeakycleany-princefrederick
carpet cleaning places,320,HIGH,mastercleaning-services
carpet drying,320,LOW,bbmaintenance-officecleaning
carpet steam cleaning company,320,HIGH,mastercleaning-services
clean trash,320,LOW,rs-move-in-out-cleaning+rs-standard-cleaning
clean up after construction,320,MEDIUM,cleanupcompany-janitorial
clean up houses,320,MEDIUM,cleanupcompany-janitorial
cleaning business company,320,HIGH,leas-movein-princefrederick
cleaning companies for businesses,320,HIGH,mastercleaning-services+rs-home+somdcleaningcrew-stmarys+streakers-california
cleaning companies in washington dc,320,HIGH,alliance-home+alliance-residential+mastercleaning-services+merrymaids-waldorf
cleaning lady photo,320,LOW,mastercleaning-home
cleaning md,320,LOW,alliance-home+alliance-residential+bbmaintenance-officecleaning+beyondcleaningpros-laplata+cleaningmaideasy-home+leas-movein-princefrederick+maids2mop-waldorf+mastercleaning-home+mastercleaning-services+nextday-waldorf+rs-deep-cleaning+rs-home+rs-move-in-out-cleaning+rs-office-cleaning+rs-standard-cleaning+somdcleaningcrew-home+somdcleaningcrew-stmarys+squeakycleany-princefrederick+sweeney-lexingtonpark
cleaning net,320,LOW,mastercleaning-home
cleaning places,320,LOW,alliance-home+alliance-residential+bbmaintenance-officecleaning+beyondcleaningpros-home+cleaningmaideasy-home+cleanupcompany-janitorial+leas-movein-princefrederick+maids2mop-waldorf+mastercleaning-services+nextday-waldorf+rs-home+somdcleaningcrew-home+somdcleaningcrew-stmarys+squeakycleany-princefrederick+sweeney-home+sweeney-lexingtonpark
cleaning pros,320,MEDIUM,beyondcleaningpros-home+beyondcleaningpros-laplata
cleaning services advertisement,320,MEDIUM,cleaningmaideasy-home
cleaning services for office buildings,320,LOW,cleanupcompany-janitorial
cleaning services green bay,320,HIGH,leas-home
cleaning services kissimmee,320,HIGH,beyondcleaningpros-home
cleaning services silver spring,320,HIGH,maids2mop-waldorf
cleaning services silver spring md,320,HIGH,maids2mop-waldorf
cleaning services washington,320,HIGH,alliance-home+alliance-residential+leas-home+merrymaids-waldorf+themaids-laplata
cleaning staff,320,LOW,alliance-residential+beyondcleaningpros-home+cleaningmaideasy-home+nextday-waldorf+squeakycleany-princefrederick
cleaning touch,320,LOW,rs-move-in-out-cleaning+rs-standard-cleaning+rs-home
cleaning trash,320,LOW,rs-deep-cleaning+rs-office-cleaning
cleaning white,320,LOW,mastercleaning-home
commercial building maintenance,320,LOW,cleanupcompany-janitorial
commercial building services,320,LOW,cleanupcompany-janitorial
commercial carpet cleaning solution,320,HIGH,alliance-home+alliance-residential
commercial cleaning co,320,LOW,bbmaintenance-officecleaning+cleanupcompany-janitorial+somdcleaningcrew-home+somdcleaningcrew-stmarys
commercial cleaning corp,320,LOW,alliance-home+alliance-residential+bbmaintenance-officecleaning+beyondcleaningpros-home+cleaningmaideasy-home+cleanupcompany-janitorial+leas-movein-princefrederick+streakers-california
commercial cleaning corporation,320,LOW,alliance-home+alliance-residential+bbmaintenance-officecleaning+beyondcleaningpros-home+cleanupcompany-janitorial+leas-movein-princefrederick+streakers-california
commercial cleaning services charlotte,320,MEDIUM,somdcleaningcrew-stmarys
commercial cleaning solution,320,HIGH,mastercleaning-home
commercial cleaning solutions,320,HIGH,alliance-home+alliance-residential+bbmaintenance-officecleaning+beyondcleaningpros-home+cleaningmaideasy-home+cleanupcompany-janitorial+streakers-california+sweeney-home
commercial deep cleaning services,320,LOW,alliance-home+beyondcleaningpros-home+beyondcleaningpros-laplata+cleaningmaideasy-home+cleanupcompany-janitorial+leas-movein-princefrederick+maids2mop-waldorf+rs-deep-cleaning+rs-home+rs-office-cleaning+streakers-california
commercial maintenance services,320,LOW,alliance-residential+cleanupcompany-janitorial
company clean,320,MEDIUM,cleanupcompany-janitorial+sweeney-home
company cleaning,320,MEDIUM,bbmaintenance-officecleaning+sweeney-home
complete cleaning services,320,LOW,cleanupcompany-janitorial+leas-home+leas-movein-princefrederick+maids2mop-waldorf+squeakycleany-princefrederick
deep cleaning mop,320,HIGH,maids2mop-waldorf
floor buffing service,320,MEDIUM,mastercleaning-services
floor cleaning and waxing,320,HIGH,mastercleaning-services
floor cleaning company near me,320,HIGH,alliance-home
floor maintenance,320,LOW,bbmaintenance-officecleaning+cleanupcompany-janitorial+mastercleaning-services
full house clean,320,HIGH,leas-home+rs-deep-cleaning+streakers-home
full house cleaning,320,HIGH,nextday-waldorf+streakers-california
home window cleaning services,320,MEDIUM,alliance-residential+beyondcleaningpros-home+beyondcleaningpros-laplata+mastercleaning-services
house carpet cleaning,320,HIGH,alliance-residential+nextday-waldorf+squeakycleany-princefrederick
house clean out near me,320,MEDIUM,beyondcleaningpros-laplata
house clean up,320,MEDIUM,alliance-residential+cleaningmaideasy-home+maids2mop-waldorf+merrymaids-waldorf+squeakycleany-princefrederick+sweeney-home+sweeney-lexingtonpark
house cleaning services silver spring,320,HIGH,maids2mop-waldorf
house cleaning services silver spring md,320,HIGH,maids2mop-waldorf
house cleaning services tucson,320,HIGH,leas-home
house cleaning up,320,MEDIUM,sweeney-home+sweeney-lexingtonpark+rs-home
house cleaning washington dc,320,MEDIUM,alliance-home+alliance-residential+leas-movein-princefrederick+maids2mop-waldorf+merrymaids-waldorf+nextday-waldorf
house cleanup,320,MEDIUM,squeakycleany-princefrederick+streakers-california
house wash company,320,LOW,cleaningmaideasy-home+squeakycleany-princefrederick
house window cleaning services,320,MEDIUM,alliance-residential+beyondcleaningpros-home
housekeeping company,320,MEDIUM,leas-movein-princefrederick+nextday-waldorf
janitor business,320,MEDIUM,rs-office-cleaning+somdcleaningcrew-stmarys
janitorial business,320,MEDIUM,cleanupcompany-janitorial
janitorial businesses,320,MEDIUM,mastercleaning-home+mastercleaning-services
janitorial cleaning services near me,320,MEDIUM,cleanupcompany-janitorial+mastercleaning-home+mastercleaning-services
janitorial services in washington dc,320,LOW,mastercleaning-services
leaf cleaning services,320,MEDIUM,bbmaintenance-officecleaning
local cleaners near me,320,MEDIUM,leas-home
master maintenance,320,LOW,mastercleaning-services
mcs cleaning services,320,LOW,mastercleaning-home+mastercleaning-services
md cleaning,320,LOW,alliance-residential+bbmaintenance-officecleaning+leas-movein-princefrederick+maids2mop-waldorf+mastercleaning-home+mastercleaning-services+rs-deep-cleaning+rs-move-in-out-cleaning+rs-office-cleaning+rs-standard-cleaning+somdcleaningcrew-stmarys+sweeney-lexingtonpark
mold cleaner company,320,HIGH,squeakycleany-princefrederick
move in cleaning cost,320,HIGH,leas-home
move in cleaning service cost,320,HIGH,leas-home
move out deep cleaning services,320,HIGH,beyondcleaningpros-home+beyondcleaningpros-laplata+leas-movein-princefrederick+maids2mop-waldorf+merrymaids-waldorf+rs-deep-cleaning+rs-home+rs-move-in-out-cleaning+streakers-california+streakers-home+sweeney-home+sweeney-lexingtonpark
new cleaning,320,LOW,rs-deep-cleaning+rs-move-in-out-cleaning
next day cleaner,320,HIGH,leas-home
office building cleaning services,320,LOW,bbmaintenance-officecleaning+mastercleaning-services+somdcleaningcrew-stmarys+squeakycleany-princefrederick
office clean out,320,LOW,rs-move-in-out-cleaning+rs-standard-cleaning
office cleaning charges,320,MEDIUM,bbmaintenance-officecleaning+mastercleaning-services+somdcleaningcrew-home+somdcleaningcrew-stmarys
office cleaning price,320,MEDIUM,bbmaintenance-officecleaning
office cleaning services prices,320,MEDIUM,alliance-home
office wastebasket,320,HIGH,rs-office-cleaning
premium clean,320,LOW,rs-deep-cleaning+rs-home+rs-standard-cleaning
premium cleaning,320,LOW,rs-move-in-out-cleaning+rs-office-cleaning
premium cleaning service,320,MEDIUM,rs-office-cleaning
premium cleaning services,320,MEDIUM,rs-home
professional carpet cleaning solution,320,HIGH,alliance-home
professional floor cleaning company,320,MEDIUM,alliance-home+bbmaintenance-officecleaning+cleanupcompany-janitorial+mastercleaning-services
professional floor cleaning service,320,MEDIUM,alliance-home+alliance-residential+cleanupcompany-janitorial+mastercleaning-services+squeakycleany-princefrederick
professional floor cleaning services,320,MEDIUM,bbmaintenance-officecleaning
property clean up services,320,MEDIUM,beyondcleaningpros-laplata+cleanupcompany-janitorial+squeakycleany-princefrederick
quotes cleanliness,320,LOW,rs-deep-cleaning
recurring house cleaning,320,LOW,sweeney-home
regular cleaning service,320,MEDIUM,alliance-residential+leas-movein-princefrederick+maids2mop-waldorf+rs-standard-cleaning+squeakycleany-princefrederick
residential cleaning companies near me,320,HIGH,leas-home+streakers-home+themaids-laplata
residential cleaning company near me,320,HIGH,alliance-home
small business cleaning,320,HIGH,rs-office-cleaning
small business cleaning services,320,HIGH,cleaningmaideasy-home
someone cleaning,320,LOW,rs-home
space cleaning,320,LOW,rs-home
standard house cleaning services,320,LOW,rs-home+sweeney-home+sweeney-lexingtonpark
supplies housekeeping,320,HIGH,rs-office-cleaning
tile cleaning company,320,MEDIUM,alliance-home
top cleaning service,320,MEDIUM,rs-deep-cleaning
top cleaning services,320,MEDIUM,alliance-home+alliance-residential+beyondcleaningpros-home+leas-home+nextday-waldorf+rs-home+streakers-home
washing service,320,LOW,squeakycleany-princefrederick
washing services,320,LOW,alliance-residential+beyondcleaningpros-home+beyondcleaningpros-laplata+cleanupcompany-janitorial+rs-home
weekly house cleaning cost,320,MEDIUM,beyondcleaningpros-laplata
a clean home,260,LOW,rs-deep-cleaning+rs-home+rs-move-in-out-cleaning+rs-standard-cleaning
a cleaner house,260,LOW,rs-home
a house cleaner,260,LOW,maids2mop-waldorf+mastercleaning-home+sweeney-home
a house cleaning,260,LOW,somdcleaningcrew-home+somdcleaningcrew-stmarys+sweeney-lexingtonpark
basic house cleaning services,260,LOW,merrymaids-waldorf+squeakycleany-princefrederick+streakers-california
best cleaner for bathroom,260,HIGH,rs-home
best cleaner for bathroom grout,260,HIGH,rs-home
best commercial cleaning,260,LOW,cleanupcompany-janitorial+rs-deep-cleaning+rs-office-cleaning
best commercial cleaning services,260,LOW,alliance-home+cleanupcompany-janitorial
best deep cleaning services near me,260,HIGH,leas-home+rs-deep-cleaning+streakers-home+themaids-laplata
best home cleaners near me,260,LOW,leas-home+streakers-home+themaids-laplata
better cleaner,260,LOW,rs-office-cleaning
business looking for cleaning services,260,MEDIUM,squeakycleany-princefrederick
business office cleaning,260,LOW,alliance-home+cleanupcompany-janitorial+leas-movein-princefrederick+mastercleaning-services+rs-office-cleaning+somdcleaningcrew-home+somdcleaningcrew-stmarys+squeakycleany-princefrederick
business office cleaning services,260,LOW,cleanupcompany-janitorial+leas-movein-princefrederick+mastercleaning-services+rs-home+rs-office-cleaning+somdcleaningcrew-home+somdcleaningcrew-stmarys+squeakycleany-princefrederick
businesses looking for cleaning services,260,MEDIUM,alliance-home
carpet cleaning services for office,260,LOW,bbmaintenance-officecleaning+mastercleaning-services
carpet shampoo cleaners,260,HIGH,bbmaintenance-officecleaning
clean and care,260,LOW,cleanupcompany-janitorial
clean home power washing,260,MEDIUM,rs-home
clean it supplies,260,HIGH,rs-home
clean your house,260,MEDIUM,alliance-residential+beyondcleaningpros-laplata+cleaningmaideasy-home+maids2mop-waldorf+nextday-waldorf+rs-home+squeakycleany-princefrederick+sweeney-home+sweeney-lexingtonpark
cleaners dc,260,HIGH,leas-home+merrymaids-waldorf+themaids-laplata
cleaners washington dc,260,HIGH,merrymaids-waldorf
cleaning and carpet cleaning,260,HIGH,alliance-home+bbmaintenance-officecleaning+mastercleaning-services+squeakycleany-princefrederick
cleaning away,260,LOW,rs-home
cleaning building,260,LOW,mastercleaning-services+somdcleaningcrew-stmarys+squeakycleany-princefrederick
cleaning buildings,260,LOW,cleanupcompany-janitorial
cleaning clinics,260,LOW,rs-office-cleaning
cleaning gallery,260,LOW,rs-deep-cleaning+rs-move-in-out-cleaning+rs-office-cleaning+rs-standard-cleaning
cleaning llc,260,LOW,alliance-home+leas-home+mastercleaning-home+mastercleaning-services+merrymaids-waldorf+somdcleaningcrew-home+squeakycleany-princefrederick+streakers-california+streakers-home
cleaning restoration,260,LOW,alliance-residential+beyondcleaningpros-home+cleaningmaideasy-home+cleanupcompany-janitorial+mastercleaning-services+nextday-waldorf+rs-home+squeakycleany-princefrederick+sweeney-lexingtonpark
cleaning service gift card,260,HIGH,leas-movein-princefrederick
cleaning services annapolis,260,HIGH,beyondcleaningpros-home+cleaningmaideasy-home+leas-home+leas-movein-princefrederick
cleaning services in annapolis md,260,HIGH,leas-movein-princefrederick
cleaning services in maryland,260,MEDIUM,alliance-residential+bbmaintenance-officecleaning+beyondcleaningpros-home+beyondcleaningpros-laplata+cleaningmaideasy-home+leas-home+leas-movein-princefrederick+maids2mop-waldorf+mastercleaning-home+mastercleaning-services+merrymaids-waldorf+nextday-waldorf+somdcleaningcrew-home+squeakycleany-princefrederick+streakers-california+streakers-home+themaids-laplata
cleaning services rockville,260,HIGH,leas-home
cleaning up job,260,LOW,rs-home
cleaning your house,260,MEDIUM,somdcleaningcrew-home+somdcleaningcrew-stmarys
commercial carpet cleaning company,260,MEDIUM,alliance-home+alliance-residential+bbmaintenance-officecleaning+cleanupcompany-janitorial+squeakycleany-princefrederick
commercial cleaning and janitorial,260,LOW,mastercleaning-home
commercial cleaning quote,260,MEDIUM,alliance-home+cleaningmaideasy-home+cleanupcompany-janitorial+leas-movein-princefrederick+mastercleaning-home+rs-office-cleaning+streakers-california
commercial cleaning quotes,260,MEDIUM,rs-deep-cleaning
commercial deep cleaning,260,MEDIUM,cleaningmaideasy-home+rs-deep-cleaning+rs-office-cleaning+streakers-california
commercial floor cleaning near me,260,LOW,alliance-home
commercial floor cleaning services near me,260,MEDIUM,alliance-home+cleanupcompany-janitorial
commercial office cleaning services near me,260,MEDIUM,alliance-home+alliance-residential+beyondcleaningpros-home+mastercleaning-home+rs-office-cleaning+somdcleaningcrew-home+somdcleaningcrew-stmarys+squeakycleany-princefrederick+streakers-california
companies looking for cleaning services,260,MEDIUM,squeakycleany-princefrederick
company looking for cleaning services,260,MEDIUM,alliance-home+cleanupcompany-janitorial+leas-movein-princefrederick+streakers-california
construction clean,260,MEDIUM,mastercleaning-services
corporate cleaning companies,260,MEDIUM,cleanupcompany-janitorial+mastercleaning-home+somdcleaningcrew-home+streakers-california
corporate cleaning company,260,MEDIUM,alliance-home+alliance-residential+bbmaintenance-officecleaning+beyondcleaningpros-home+cleaningmaideasy-home+leas-movein-princefrederick+rs-home+squeakycleany-princefrederick
decluttering and cleaning,260,MEDIUM,bbmaintenance-officecleaning
deep clean bathtub,260,HIGH,rs-home
deep cleaning a room,260,LOW,rs-home
deep cleaning commercial,260,MEDIUM,cleaningmaideasy-home+maids2mop-waldorf+rs-deep-cleaning+rs-home+rs-office-cleaning+somdcleaningcrew-home+somdcleaningcrew-stmarys+sweeney-home
deep cleaning move in,260,HIGH,beyondcleaningpros-home+beyondcleaningpros-laplata+leas-movein-princefrederick+maids2mop-waldorf+nextday-waldorf+rs-deep-cleaning+rs-home+rs-move-in-out-cleaning+rs-office-cleaning+rs-standard-cleaning+streakers-california+sweeney-home+sweeney-lexingtonpark
deep cleaning room,260,LOW,sweeney-home
deep cleaning rooms,260,LOW,rs-move-in-out-cleaning
deep commercial cleaning,260,MEDIUM,bbmaintenance-officecleaning+rs-deep-cleaning+rs-office-cleaning
deep home cleaning services near me,260,HIGH,merrymaids-waldorf+streakers-california
deep move out cleaning,260,HIGH,beyondcleaningpros-home+leas-movein-princefrederick+maids2mop-waldorf+merrymaids-waldorf+rs-deep-cleaning+rs-home+rs-move-in-out-cleaning+rs-office-cleaning+rs-standard-cleaning+streakers-california+streakers-home+sweeney-home+sweeney-lexingtonpark
exterior cleaning company,260,LOW,cleanupcompany-janitorial
gallery cleaning,260,LOW,rs-move-in-out-cleaning+rs-office-cleaning+rs-standard-cleaning+rs-deep-cleaning
happy maids,260,LOW,themaids-laplata
heavy duty cleaning service,260,HIGH,mastercleaning-services
heavy duty cleaning services,260,HIGH,alliance-home+beyondcleaningpros-home+cleanupcompany-janitorial+mastercleaning-home+rs-deep-cleaning+rs-office-cleaning+streakers-california+streakers-home
help cleaning house,260,HIGH,merrymaids-waldorf
high cleaning,260,MEDIUM,rs-home+rs-standard-cleaning
home clean out service,260,HIGH,sweeney-home
home clean out services,260,HIGH,beyondcleaningpros-home+beyondcleaningpros-laplata+leas-movein-princefrederick+rs-home+rs-move-in-out-cleaning+rs-standard-cleaning+squeakycleany-princefrederick+sweeney-lexingtonpark
home cleaning help,260,HIGH,alliance-residential+bbmaintenance-officecleaning+beyondcleaningpros-laplata+maids2mop-waldorf+merrymaids-waldorf+rs-home+squeakycleany-princefrederick
home maid cleaning service,260,LOW,cleaningmaideasy-home+merrymaids-waldorf+somdcleaningcrew-stmarys+squeakycleany-princefrederick
home maid cleaning services,260,LOW,beyondcleaningpros-laplata+maids2mop-waldorf+nextday-waldorf+somdcleaningcrew-home
home maid service,260,HIGH,beyondcleaningpros-laplata+cleaningmaideasy-home+maids2mop-waldorf+nextday-waldorf+somdcleaningcrew-home+squeakycleany-princefrederick
home maid services,260,HIGH,merrymaids-waldorf+somdcleaningcrew-stmarys+streakers-california
homemaid cleaning service,260,LOW,streakers-california+streakers-home+sweeney-lexingtonpark
homemaid cleaning services,260,LOW,alliance-residential
house cleaning agencies,260,MEDIUM,leas-home+merrymaids-waldorf+sweeney-lexingtonpark+themaids-laplata
house cleaning agency,260,MEDIUM,alliance-home+alliance-residential+beyondcleaningpros-home+beyondcleaningpros-laplata+cleaningmaideasy-home+leas-movein-princefrederick+maids2mop-waldorf+nextday-waldorf+somdcleaningcrew-home+somdcleaningcrew-stmarys+squeakycleany-princefrederick+streakers-california+streakers-home
house cleaning charlotte,260,HIGH,somdcleaningcrew-home+somdcleaningcrew-stmarys
house cleaning help,260,HIGH,alliance-residential+beyondcleaningpros-home+beyondcleaningpros-laplata+leas-home+maids2mop-waldorf+squeakycleany-princefrederick+themaids-laplata
house cleaning services in maryland,260,MEDIUM,alliance-residential+beyondcleaningpros-home+beyondcleaningpros-laplata+cleaningmaideasy-home+leas-movein-princefrederick+maids2mop-waldorf+merrymaids-waldorf+nextday-waldorf+somdcleaningcrew-home+squeakycleany-princefrederick+sweeney-home+sweeney-lexingtonpark
house move cleaning,260,HIGH,rs-home
house power washing companies,260,HIGH,beyondcleaningpros-home+beyondcleaningpros-laplata
house power washing services near me,260,HIGH,beyondcleaningpros-laplata
house window cleaning near me,260,MEDIUM,beyondcleaningpros-laplata
household checklist,260,MEDIUM,rs-standard-cleaning
household cleaning help,260,HIGH,rs-deep-cleaning+rs-home+rs-office-cleaning+rs-standard-cleaning+somdcleaningcrew-stmarys
housekeeping logo,260,HIGH,mastercleaning-home
industrial cleaning solutions,260,HIGH,cleanupcompany-janitorial
insured cleaning company,260,MEDIUM,rs-home
janitorial office cleaning,260,LOW,bbmaintenance-officecleaning+cleanupcompany-janitorial+leas-movein-princefrederick+mastercleaning-home+mastercleaning-services
local carpet cleaning companies,260,MEDIUM,alliance-home
maid brigade near me,260,LOW,themaids-laplata
maid cleaning the house,260,HIGH,somdcleaningcrew-stmarys
maid service annapolis,260,HIGH,cleaningmaideasy-home
maid service maryland,260,MEDIUM,somdcleaningcrew-home
maintenance and cleaning services,260,MEDIUM,bbmaintenance-officecleaning+cleanupcompany-janitorial+mastercleaning-services+rs-home
merry maids packages,260,MEDIUM,merrymaids-waldorf+streakers-home+themaids-laplata
mobile cleaning service,260,HIGH,themaids-laplata
monthly house cleaning cost,260,MEDIUM,beyondcleaningpros-laplata
mopping service,260,MEDIUM,mastercleaning-home
mopping services,260,MEDIUM,rs-deep-cleaning+rs-home+rs-move-in-out-cleaning+rs-office-cleaning+rs-standard-cleaning
move in deep cleaning,260,HIGH,merrymaids-waldorf+streakers-home
move in house cleaning,260,HIGH,beyondcleaningpros-laplata+leas-home+leas-movein-princefrederick+merrymaids-waldorf+nextday-waldorf+streakers-california+streakers-home+sweeney-home+sweeney-lexingtonpark+themaids-laplata
move out deep cleaning,260,HIGH,beyondcleaningpros-home+beyondcleaningpros-laplata+leas-home+leas-movein-princefrederick+maids2mop-waldorf+merrymaids-waldorf+rs-deep-cleaning+rs-home+rs-move-in-out-cleaning+rs-office-cleaning+rs-standard-cleaning+streakers-california+streakers-home+sweeney-home+sweeney-lexingtonpark+themaids-laplata
moving home cleaning,260,HIGH,rs-move-in-out-cleaning
natural cleaning service,260,LOW,merrymaids-waldorf
need cleaning,260,LOW,beyondcleaningpros-laplata+cleaningmaideasy-home+cleanupcompany-janitorial+leas-movein-princefrederick+rs-home+rs-move-in-out-cleaning+somdcleaningcrew-home+squeakycleany-princefrederick+sweeney-home+sweeney-lexingtonpark
new construction cleaning company,260,MEDIUM,leas-movein-princefrederick
new construction cleaning services,260,MEDIUM,alliance-residential+beyondcleaningpros-home+beyondcleaningpros-laplata+cleaningmaideasy-home+leas-movein-princefrederick
new home cleaning,260,MEDIUM,cleaningmaideasy-home+leas-movein-princefrederick+rs-deep-cleaning+rs-move-in-out-cleaning
new house cleaning,260,MEDIUM,cleaningmaideasy-home+leas-movein-princefrederick+sweeney-home
office carpet cleaning service,260,LOW,mastercleaning-services
office carpet cleaning services,260,LOW,alliance-home+alliance-residential+bbmaintenance-officecleaning+squeakycleany-princefrederick
office cleaning quotation,260,MEDIUM,mastercleaning-home+rs-deep-cleaning+rs-office-cleaning
office cleaning quote,260,MEDIUM,cleaningmaideasy-home+cleanupcompany-janitorial+leas-movein-princefrederick+mastercleaning-home+rs-office-cleaning+streakers-california
office cleaning quotes,260,MEDIUM,rs-deep-cleaning
one cleaning,260,MEDIUM,mastercleaning-services+rs-standard-cleaning+sweeney-home
one time cleaning near me,260,LOW,mastercleaning-services+merrymaids-waldorf+streakers-home+themaids-laplata
one time deep clean service,260,MEDIUM,alliance-home+cleaningmaideasy-home+leas-home+merrymaids-waldorf+streakers-home+themaids-laplata
one time deep cleaning service,260,MEDIUM,rs-standard-cleaning
one time deep cleaning services,260,MEDIUM,beyondcleaningpros-laplata+maids2mop-waldorf+nextday-waldorf+sweeney-home
over cleaning,260,LOW,mastercleaning-home+sweeney-home+sweeney-lexingtonpark
professional bathroom cleaning,260,HIGH,rs-home
professional carpet cleaning equipment,260,HIGH,bbmaintenance-officecleaning
professional cleaning services company,260,LOW,cleanupcompany-janitorial+rs-home+squeakycleany-princefrederick
professional deep cleaning house,260,LOW,rs-home
professional home cleaning company,260,LOW,rs-home
professional home deep cleaning,260,LOW,maids2mop-waldorf+rs-home
professional house deep cleaning,260,LOW,beyondcleaningpros-home+beyondcleaningpros-laplata+leas-home+maids2mop-waldorf+merrymaids-waldorf+nextday-waldorf+streakers-california+streakers-home
professional housekeeper,260,MEDIUM,beyondcleaningpros-laplata+maids2mop-waldorf+somdcleaningcrew-stmarys+streakers-california+themaids-laplata
professional housekeeping,260,MEDIUM,mastercleaning-services+nextday-waldorf+squeakycleany-princefrederick
regular home cleaning,260,MEDIUM,rs-standard-cleaning
regular home cleaning services,260,MEDIUM,maids2mop-waldorf+streakers-california+streakers-home
regular house cleaning,260,MEDIUM,merrymaids-waldorf
residential house cleaning services near me,260,HIGH,alliance-home+alliance-residential+beyondcleaningpros-home+beyondcleaningpros-laplata+cleaningmaideasy-home+leas-home+nextday-waldorf+somdcleaningcrew-home+somdcleaningcrew-stmarys+streakers-california+streakers-home+themaids-laplata
residential power washing services near me,260,MEDIUM,beyondcleaningpros-laplata
restroom cleaning services,260,MEDIUM,cleanupcompany-janitorial
retail cleaning companies,260,LOW,mastercleaning-home+squeakycleany-princefrederick
rugs for cleaning,260,MEDIUM,rs-standard-cleaning
southern cleaning service,260,LOW,mastercleaning-home+mastercleaning-services+somdcleaningcrew-home+somdcleaningcrew-stmarys+sweeney-home
spot mopping,260,HIGH,rs-deep-cleaning+rs-move-in-out-cleaning
start cleaning,260,LOW,rs-move-in-out-cleaning
the maids house cleaning,260,HIGH,maids2mop-waldorf+somdcleaningcrew-home
tidy house cleaning,260,MEDIUM,sweeney-home+sweeney-lexingtonpark
top rated house cleaners near me,260,HIGH,leas-home+streakers-home+themaids-laplata
trim cleaning,260,HIGH,rs-deep-cleaning+rs-move-in-out-cleaning
types of cleaning services,260,LOW,leas-home+mastercleaning-services
up cleaning,260,MEDIUM,cleanupcompany-janitorial+mastercleaning-services+rs-home+sweeney-home+sweeney-lexingtonpark
us cleaning,260,MEDIUM,mastercleaning-home+mastercleaning-services+rs-home+rs-office-cleaning+somdcleaningcrew-stmarys
washington dc cleaning,260,HIGH,mastercleaning-services
we do windows,260,MEDIUM,alliance-residential
your house clean,260,MEDIUM,sweeney-lexingtonpark
advertisement for house cleaning,210,HIGH,somdcleaningcrew-stmarys
after construction cleaning services,210,HIGH,beyondcleaningpros-home+leas-movein-princefrederick
average cost of cleaning service,210,MEDIUM,nextday-waldorf
baseboard cleaning service,210,MEDIUM,rs-home
bathroom scrub cleaner,210,HIGH,rs-home+rs-move-in-out-cleaning+rs-standard-cleaning
bay area cleaning services,210,HIGH,cleaningmaideasy-home+leas-home+somdcleaningcrew-home
before after cleaning,210,LOW,rs-standard-cleaning
before and after cleaning,210,LOW,rs-home
best cleaning products for deep cleaning,210,HIGH,rs-home
book a cleaning service,210,HIGH,leas-home+leas-movein-princefrederick+maids2mop-waldorf+streakers-home
book cleaning service,210,HIGH,leas-home+leas-movein-princefrederick+maids2mop-waldorf+streakers-home
book home cleaning services,210,HIGH,maids2mop-waldorf
booking cleaning services,210,HIGH,rs-home
care cleaning services,210,MEDIUM,bbmaintenance-officecleaning+cleanupcompany-janitorial+rs-home+squeakycleany-princefrederick
carpet cleaning waldorf md,210,HIGH,alliance-home+alliance-residential+nextday-waldorf
charles cleaning,210,LOW,rs-deep-cleaning+rs-office-cleaning+rs-standard-cleaning
clean house today,210,HIGH,cleaningmaideasy-home+merrymaids-waldorf
clean out company,210,MEDIUM,leas-movein-princefrederick
cleaners around me,210,HIGH,streakers-home+themaids-laplata
cleaners for hire,210,HIGH,leas-home
cleaning before after,210,LOW,rs-standard-cleaning
cleaning california,210,LOW,somdcleaningcrew-stmarys
cleaning careers,210,LOW,cleaningmaideasy-home
cleaning commercial,210,MEDIUM,alliance-home+alliance-residential+beyondcleaningpros-home+beyondcleaningpros-laplata+cleaningmaideasy-home+cleanupcompany-janitorial+leas-movein-princefrederick+maids2mop-waldorf+mastercleaning-home+rs-deep-cleaning+rs-home+rs-office-cleaning+rs-standard-cleaning+somdcleaningcrew-home+somdcleaningcrew-stmarys+squeakycleany-princefrederick+streakers-california+sweeney-home
cleaning companies in america,210,MEDIUM,merrymaids-waldorf
cleaning companies in maryland,210,MEDIUM,mastercleaning-services+rs-home+sweeney-home
cleaning company quotation,210,MEDIUM,mastercleaning-home
cleaning company quote,210,MEDIUM,cleanupcompany-janitorial+leas-movein-princefrederick+mastercleaning-home
cleaning company quotes,210,MEDIUM,rs-home
cleaning company us,210,MEDIUM,alliance-home+alliance-residential+beyondcleaningpros-home+leas-movein-princefrederick+maids2mop-waldorf+mastercleaning-home+mastercleaning-services+merrymaids-waldorf+rs-home+somdcleaningcrew-home+somdcleaningcrew-stmarys+streakers-california+streakers-home
cleaning company usa,210,MEDIUM,leas-home+streakers-california+streakers-home
cleaning contractors,210,LOW,alliance-home+alliance-residential+bbmaintenance-officecleaning+beyondcleaningpros-home+beyondcleaningpros-laplata+cleaningmaideasy-home+cleanupcompany-janitorial+leas-movein-princefrederick+maids2mop-waldorf+mastercleaning-services+nextday-waldorf+rs-home+somdcleaningcrew-stmarys+squeakycleany-princefrederick+streakers-california+streakers-home+sweeney-lexingtonpark
cleaning help,210,MEDIUM,alliance-residential+bbmaintenance-officecleaning+beyondcleaningpros-home+beyondcleaningpros-laplata+cleanupcompany-janitorial+leas-home+maids2mop-waldorf+merrymaids-waldorf+rs-home+squeakycleany-princefrederick+themaids-laplata
cleaning helps,210,MEDIUM,rs-standard-cleaning
cleaning hours,210,LOW,rs-office-cleaning
cleaning lady logo,210,MEDIUM,mastercleaning-home
cleaning packages and prices,210,LOW,leas-home
cleaning persons,210,LOW,mastercleaning-services+rs-home
cleaning plans,210,MEDIUM,cleanupcompany-janitorial+rs-home
cleaning service maryland,210,MEDIUM,sweeney-home+sweeney-lexingtonpark
cleaning service st george,210,HIGH,rs-office-cleaning
cleaning service today,210,HIGH,alliance-home+beyondcleaningpros-laplata+cleaningmaideasy-home+leas-home+leas-movein-princefrederick+maids2mop-waldorf+mastercleaning-home+mastercleaning-services+merrymaids-waldorf+nextday-waldorf+squeakycleany-princefrederick+streakers-home+themaids-laplata
cleaning services bowie md,210,HIGH,leas-home+maids2mop-waldorf
cleaning services in md,210,MEDIUM,alliance-home+alliance-residential+bbmaintenance-officecleaning+leas-movein-princefrederick+maids2mop-waldorf+mastercleaning-home+mastercleaning-services+nextday-waldorf+somdcleaningcrew-home+somdcleaningcrew-stmarys+squeakycleany-princefrederick+sweeney-lexingtonpark
cleaning services maryland,210,MEDIUM,cleanupcompany-janitorial
cleaning services today,210,HIGH,bbmaintenance-officecleaning
cleaning services waldorf md,210,HIGH,alliance-home+alliance-residential+beyondcleaningpros-home+beyondcleaningpros-laplata+leas-home+maids2mop-waldorf+merrymaids-waldorf+nextday-waldorf+somdcleaningcrew-home+somdcleaningcrew-stmarys+themaids-laplata
cleaning specialist,210,MEDIUM,alliance-home+alliance-residential+beyondcleaningpros-home+cleaningmaideasy-home+cleanupcompany-janitorial+leas-movein-princefrederick+mastercleaning-home+mastercleaning-services+nextday-waldorf+rs-home+somdcleaningcrew-home+somdcleaningcrew-stmarys+squeakycleany-princefrederick+streakers-california+streakers-home+sweeney-lexingtonpark
cleaning supplies for move out,210,LOW,rs-home
cleaning your bathroom,210,LOW,rs-home
commercial cleaning contractors near me,210,LOW,mastercleaning-home+rs-office-cleaning+streakers-california
commercial maintenance company,210,MEDIUM,cleanupcompany-janitorial
commercial property maintenance company,210,MEDIUM,cleanupcompany-janitorial
contractor cleaning services,210,HIGH,alliance-residential+beyondcleaningpros-home+cleaningmaideasy-home+cleanupcompany-janitorial+leas-movein-princefrederick+mastercleaning-home+streakers-california
cottage cleaning,210,MEDIUM,alliance-residential+cleaningmaideasy-home+maids2mop-waldorf+somdcleaningcrew-home+somdcleaningcrew-stmarys+sweeney-home+sweeney-lexingtonpark
daily maid service,210,MEDIUM,nextday-waldorf
day maid service,210,MEDIUM,nextday-waldorf
deep cleaning home service near me,210,HIGH,rs-deep-cleaning+rs-home+rs-move-in-out-cleaning+rs-standard-cleaning+sweeney-home+sweeney-lexingtonpark
deep cleaning home services near me,210,HIGH,beyondcleaningpros-laplata+leas-home+merrymaids-waldorf+streakers-california+streakers-home+themaids-laplata
deep cleaning house near me,210,HIGH,merrymaids-waldorf+streakers-california+streakers-home
deep cleaning office services,210,LOW,bbmaintenance-officecleaning+beyondcleaningpros-home+cleaningmaideasy-home+leas-movein-princefrederick+rs-deep-cleaning+rs-move-in-out-cleaning+rs-office-cleaning+rs-standard-cleaning+streakers-california+streakers-home
deep cleaning residential,210,MEDIUM,alliance-residential+bbmaintenance-officecleaning+beyondcleaningpros-home+beyondcleaningpros-laplata+cleaningmaideasy-home+leas-movein-princefrederick+maids2mop-waldorf+merrymaids-waldorf+nextday-waldorf+rs-deep-cleaning+rs-home+rs-office-cleaning+rs-standard-cleaning+somdcleaningcrew-home+somdcleaningcrew-stmarys+sweeney-home+sweeney-lexingtonpark
deep cleaning services for homes,210,MEDIUM,cleanupcompany-janitorial+rs-move-in-out-cleaning+rs-office-cleaning
deep cleaning services orlando,210,MEDIUM,beyondcleaningpros-home+beyondcleaningpros-laplata
deep cleaning services residential,210,MEDIUM,alliance-residential+bbmaintenance-officecleaning+beyondcleaningpros-home+cleaningmaideasy-home+nextday-waldorf+rs-deep-cleaning+rs-office-cleaning+rs-standard-cleaning+somdcleaningcrew-home+somdcleaningcrew-stmarys+sweeney-home
family cleaning,210,LOW,maids2mop-waldorf+squeakycleany-princefrederick
floor carpet cleaning,210,HIGH,bbmaintenance-officecleaning
floor stripping services,210,LOW,cleanupcompany-janitorial+mastercleaning-services
free house cleaning for seniors near me,210,MEDIUM,streakers-california
general house cleaning services,210,MEDIUM,alliance-residential
happy cleaning services,210,LOW,themaids-laplata
hard water build up cleaner,210,HIGH,rs-deep-cleaning
hardwood floor cleaning company,210,HIGH,alliance-home+alliance-residential
help clean,210,LOW,mastercleaning-home+rs-deep-cleaning+rs-office-cleaning
home clean out services near me,210,HIGH,beyondcleaningpros-laplata
home cleaning essentials,210,HIGH,rs-home
home cleaning services quotes,210,MEDIUM,rs-home
home cleaning today,210,HIGH,cleaningmaideasy-home+maids2mop-waldorf+mastercleaning-home+merrymaids-waldorf+streakers-home+themaids-laplata
house cleaning advertisement,210,HIGH,cleaningmaideasy-home+somdcleaningcrew-home
house cleaning bay area,210,HIGH,cleaningmaideasy-home
house cleaning prices near me,210,HIGH,leas-home
house cleaning services bowie md,210,HIGH,beyondcleaningpros-home+maids2mop-waldorf+nextday-waldorf
house cleaning services in charlotte,210,HIGH,somdcleaningcrew-stmarys
house cleaning services waldorf md,210,HIGH,alliance-home+alliance-residential+beyondcleaningpros-home+beyondcleaningpros-laplata+maids2mop-waldorf+merrymaids-waldorf+nextday-waldorf+somdcleaningcrew-home+somdcleaningcrew-stmarys+sweeney-lexingtonpark+themaids-laplata
house cleaning today,210,HIGH,beyondcleaningpros-laplata+cleaningmaideasy-home+leas-home+leas-movein-princefrederick+maids2mop-waldorf+merrymaids-waldorf+nextday-waldorf+streakers-home+themaids-laplata
house cleaning waldorf md,210,HIGH,alliance-residential+maids2mop-waldorf+nextday-waldorf+somdcleaningcrew-home+somdcleaningcrew-stmarys
house detailers,210,MEDIUM,sweeney-home
house tidying,210,LOW,somdcleaningcrew-stmarys+sweeney-lexingtonpark
housekeeping cleaning services,210,MEDIUM,leas-home+leas-movein-princefrederick+nextday-waldorf+squeakycleany-princefrederick+themaids-laplata
houses that need cleaning,210,HIGH,cleanupcompany-janitorial+somdcleaningcrew-home
industrial carpet cleaning solution,210,HIGH,alliance-home
industrial cleaning agent,210,HIGH,mastercleaning-home
industrial floor cleaning services,210,MEDIUM,cleanupcompany-janitorial
janitorial services orlando,210,LOW,beyondcleaningpros-home
janitorial solutions,210,LOW,cleanupcompany-janitorial
kitchen cleaning company,210,LOW,alliance-residential+rs-home
lexington cleaning service,210,MEDIUM,somdcleaningcrew-home+somdcleaningcrew-stmarys+streakers-california+streakers-home+sweeney-lexingtonpark
local carpet cleaning services,210,HIGH,alliance-home+squeakycleany-princefrederick
local home service,210,MEDIUM,rs-home
looking for a house cleaner,210,HIGH,beyondcleaningpros-laplata+merrymaids-waldorf
looking for house cleaner,210,HIGH,leas-home+themaids-laplata
looking for house cleaning,210,HIGH,alliance-residential+squeakycleany-princefrederick+sweeney-home
maid companies,210,MEDIUM,maids2mop-waldorf+merrymaids-waldorf+somdcleaningcrew-home+themaids-laplata
maid company,210,MEDIUM,cleaningmaideasy-home+cleanupcompany-janitorial+nextday-waldorf+squeakycleany-princefrederick+streakers-california
maid easy cleaning,210,MEDIUM,cleaningmaideasy-home
maid for cleaning house,210,HIGH,beyondcleaningpros-laplata+cleaningmaideasy-home+maids2mop-waldorf+merrymaids-waldorf+nextday-waldorf+somdcleaningcrew-home+somdcleaningcrew-stmarys+streakers-california
maid for you cleaning service,210,MEDIUM,merrymaids-waldorf+streakers-california+streakers-home+themaids-laplata
maid hire,210,LOW,beyondcleaningpros-laplata+maids2mop-waldorf+nextday-waldorf
maid house cleaning,210,HIGH,merrymaids-waldorf+streakers-california+themaids-laplata
maid service bowie md,210,HIGH,maids2mop-waldorf
maid service charlotte,210,HIGH,somdcleaningcrew-home+somdcleaningcrew-stmarys
mary cleaning,210,LOW,rs-deep-cleaning+rs-standard-cleaning
mary maid,210,MEDIUM,somdcleaningcrew-home
mary's cleaning,210,LOW,rs-office-cleaning+somdcleaningcrew-home+sweeney-lexingtonpark
maryland house cleaning,210,MEDIUM,alliance-residential+maids2mop-waldorf+somdcleaningcrew-home+sweeney-lexingtonpark
merry maids locations,210,MEDIUM,merrymaids-waldorf+themaids-laplata
merry maids phone number,210,HIGH,merrymaids-waldorf+themaids-laplata
monthly cleaner,210,LOW,merrymaids-waldorf
monthly cleaning,210,LOW,beyondcleaningpros-laplata+cleanupcompany-janitorial+mastercleaning-services+rs-home+rs-standard-cleaning+somdcleaningcrew-home
move out cleaning services los angeles,210,MEDIUM,beyondcleaningpros-laplata+themaids-laplata
move out cleaning supplies,210,LOW,rs-home
move out house,210,LOW,sweeney-home+sweeney-lexingtonpark
need house cleaner,210,HIGH,beyondcleaningpros-home+beyondcleaningpros-laplata+leas-home+merrymaids-waldorf+nextday-waldorf+squeakycleany-princefrederick+themaids-laplata
need house cleaning,210,HIGH,alliance-residential+sweeney-home+sweeney-lexingtonpark
off cleaning,210,HIGH,rs-home+rs-move-in-out-cleaning
office commercial cleaning,210,LOW,bbmaintenance-officecleaning+cleanupcompany-janitorial+mastercleaning-home+rs-office-cleaning+somdcleaningcrew-home+somdcleaningcrew-stmarys
office commercial cleaning services,210,MEDIUM,alliance-home+alliance-residential+bbmaintenance-officecleaning+beyondcleaningpros-home+cleaningmaideasy-home+cleanupcompany-janitorial+mastercleaning-home+rs-office-cleaning+somdcleaningcrew-home+somdcleaningcrew-stmarys+squeakycleany-princefrederick+streakers-california
office deep cleaning services,210,LOW,bbmaintenance-officecleaning+beyondcleaningpros-home+cleaningmaideasy-home+leas-movein-princefrederick+streakers-california+streakers-home
office janitorial,210,LOW,bbmaintenance-officecleaning+cleanupcompany-janitorial+mastercleaning-home+mastercleaning-services
one time house cleaning near me,210,HIGH,beyondcleaningpros-laplata+merrymaids-waldorf+sweeney-home+themaids-laplata
professional carpet cleaning services near me,210,MEDIUM,alliance-home
professional cleaning services move in,210,LOW,beyondcleaningpros-home+rs-home+sweeney-home+sweeney-lexingtonpark
professional mop,210,HIGH,maids2mop-waldorf
professional move in cleaning services,210,LOW,leas-movein-princefrederick+merrymaids-waldorf+streakers-california+streakers-home
professional office cleaning,210,LOW,alliance-home+bbmaintenance-officecleaning+beyondcleaningpros-home+cleaningmaideasy-home+mastercleaning-services+rs-office-cleaning+somdcleaningcrew-home+somdcleaningcrew-stmarys+squeakycleany-princefrederick+streakers-california
quote for cleaning services,210,MEDIUM,beyondcleaningpros-laplata+cleanupcompany-janitorial+leas-movein-princefrederick+streakers-california+streakers-home
regular house cleaning service,210,MEDIUM,alliance-residential+beyondcleaningpros-laplata+leas-home+leas-movein-princefrederick+maids2mop-waldorf+merrymaids-waldorf+nextday-waldorf+somdcleaningcrew-home+squeakycleany-princefrederick+streakers-california+streakers-home+themaids-laplata
reliable cleaning services,210,MEDIUM,beyondcleaningpros-laplata+cleanupcompany-janitorial+rs-office-cleaning
residential carpet cleaning services,210,MEDIUM,alliance-home+alliance-residential+bbmaintenance-officecleaning+nextday-waldorf+squeakycleany-princefrederick
residential deep cleaning,210,MEDIUM,streakers-california+streakers-home
residential house cleaners near me,210,HIGH,mastercleaning-home+merrymaids-waldorf+streakers-california+streakers-home
residential house cleaning jobs,210,LOW,nextday-waldorf+somdcleaningcrew-home
residential house cleaning near me,210,HIGH,beyondcleaningpros-laplata+somdcleaningcrew-home+somdcleaningcrew-stmarys
sanitize service,210,LOW,cleanupcompany-janitorial
sanitizing service,210,LOW,mastercleaning-home
sanitizing services,210,LOW,alliance-home+alliance-residential+bbmaintenance-officecleaning+beyondcleaningpros-home+cleaningmaideasy-home+leas-movein-princefrederick+mastercleaning-services+nextday-waldorf+rs-deep-cleaning+rs-home+rs-move-in-out-cleaning+rs-office-cleaning+rs-standard-cleaning+somdcleaningcrew-home+somdcleaningcrew-stmarys+squeakycleany-princefrederick+streakers-california+sweeney-lexingtonpark
sanitizing services near me,210,LOW,alliance-home
service master carpet cleaning,210,HIGH,mastercleaning-services
southern cleaning,210,LOW,bbmaintenance-officecleaning+mastercleaning-home+somdcleaningcrew-home+somdcleaningcrew-stmarys+sweeney-home
st cleaning,210,LOW,rs-move-in-out-cleaning+rs-office-cleaning+rs-standard-cleaning+somdcleaningcrew-home+somdcleaningcrew-stmarys+rs-deep-cleaning
standard cleaning checklist,210,HIGH,rs-standard-cleaning
start a cleaning company,210,MEDIUM,rs-home
start cleaning company,210,MEDIUM,leas-movein-princefrederick
start your own cleaning business,210,MEDIUM,streakers-home
the cleaning ladies,210,LOW,streakers-california
the cleaning solution,210,LOW,alliance-home
the cleaning solutions,210,LOW,sweeney-home+sweeney-lexingtonpark
tidy house,210,LOW,sweeney-home
tidying home,210,LOW,rs-deep-cleaning+rs-move-in-out-cleaning+rs-standard-cleaning
top rated house cleaning services near me,210,HIGH,streakers-home+themaids-laplata
trashout service,210,MEDIUM,mastercleaning-home+mastercleaning-services+rs-deep-cleaning+rs-office-cleaning+rs-standard-cleaning
trusted cleaning services,210,MEDIUM,alliance-home+beyondcleaningpros-home
turnover cleaning,210,LOW,cleanupcompany-janitorial+sweeney-lexingtonpark
washing floors,210,HIGH,rs-home
weekly cleaning service cost,210,MEDIUM,themaids-laplata
weekly cleaning service near me,210,MEDIUM,beyondcleaningpros-home+beyondcleaningpros-laplata+leas-home+mastercleaning-services+merrymaids-waldorf+nextday-waldorf+somdcleaningcrew-home+streakers-california+streakers-home+themaids-laplata
weekly maid service cost,210,MEDIUM,themaids-laplata
wiping walls,210,HIGH,rs-deep-cleaning+rs-move-in-out-cleaning
yelp house cleaning services near me,210,HIGH,streakers-california+streakers-home
2 maids cleaning,170,HIGH,maids2mop-waldorf
affordable move out cleaning services,170,MEDIUM,beyondcleaningpros-laplata+leas-home+leas-movein-princefrederick+themaids-laplata
airbnb house cleaning,170,MEDIUM,beyondcleaningpros-home+leas-movein-princefrederick
apartment cleaning cost,170,MEDIUM,maids2mop-waldorf+nextday-waldorf
apartment cleaning prices,170,MEDIUM,maids2mop-waldorf
best apartment cleaning service,170,HIGH,maids2mop-waldorf
best cleaner for,170,LOW,rs-deep-cleaning
best cleaning service los angeles,170,HIGH,themaids-laplata
best for cleaning,170,LOW,rs-deep-cleaning+rs-home+rs-office-cleaning
best housekeeping services near me,170,HIGH,themaids-laplata
best things to clean walls,170,HIGH,rs-deep-cleaning
bi weekly cleaning,170,LOW,cleanupcompany-janitorial+rs-standard-cleaning+somdcleaningcrew-home
build cleaning,170,MEDIUM,rs-office-cleaning
build cleans,170,MEDIUM,rs-office-cleaning
building cleaner,170,MEDIUM,mastercleaning-services
care and cleaning,170,LOW,rs-office-cleaning+rs-home
carpet and home cleaning services,170,HIGH,bbmaintenance-officecleaning
carpet cleaning cleaners,170,MEDIUM,bbmaintenance-officecleaning
clean clean services,170,MEDIUM,rs-deep-cleaning+rs-move-in-out-cleaning+rs-standard-cleaning
clean for you,170,LOW,cleaningmaideasy-home+rs-standard-cleaning+squeakycleany-princefrederick+sweeney-lexingtonpark
clean grout bathroom floor,170,HIGH,rs-home
clean up service near me,170,HIGH,cleanupcompany-janitorial
cleaners home,170,MEDIUM,leas-home+themaids-laplata
cleaners waldorf md,170,HIGH,alliance-residential+maids2mop-waldorf+nextday-waldorf
cleaning cleaning services,170,MEDIUM,alliance-home+alliance-residential+bbmaintenance-officecleaning+beyondcleaningpros-home+cleaningmaideasy-home+cleanupcompany-janitorial+leas-movein-princefrederick+mastercleaning-home+mastercleaning-services+nextday-waldorf+rs-deep-cleaning+rs-home+rs-move-in-out-cleaning+rs-office-cleaning+rs-standard-cleaning+somdcleaningcrew-home+somdcleaningcrew-stmarys+squeakycleany-princefrederick+sweeney-lexingtonpark
cleaning collective,170,LOW,rs-deep-cleaning+rs-home+rs-move-in-out-cleaning+rs-office-cleaning+rs-standard-cleaning
cleaning companies around me,170,HIGH,streakers-home+themaids-laplata
cleaning easier,170,HIGH,rs-standard-cleaning
cleaning everything,170,LOW,rs-move-in-out-cleaning
cleaning facilities,170,MEDIUM,rs-home
cleaning facility,170,MEDIUM,bbmaintenance-officecleaning+cleanupcompany-janitorial+mastercleaning-services+rs-home
cleaning for rentals,170,MEDIUM,rs-deep-cleaning+rs-move-in-out-cleaning+rs-office-cleaning+rs-standard-cleaning
cleaning for you,170,LOW,alliance-residential+bbmaintenance-officecleaning+leas-movein-princefrederick+mastercleaning-home+mastercleaning-services+rs-deep-cleaning+rs-home+rs-move-in-out-cleaning+rs-office-cleaning+somdcleaningcrew-home+somdcleaningcrew-stmarys+sweeney-home
cleaning frequency,170,LOW,rs-home
cleaning homes,170,MEDIUM,mastercleaning-services+rs-home+rs-office-cleaning
cleaning inc,170,LOW,mastercleaning-home+mastercleaning-services+rs-home
cleaning lady for house,170,MEDIUM,sweeney-lexingtonpark
cleaning organisation,170,LOW,rs-home
cleaning organizations,170,LOW,mastercleaning-services+rs-home
cleaning packages,170,MEDIUM,alliance-home+alliance-residential+bbmaintenance-officecleaning+beyondcleaningpros-home+beyondcleaningpros-laplata+cleaningmaideasy-home+cleanupcompany-janitorial+leas-movein-princefrederick+mastercleaning-services+merrymaids-waldorf+nextday-waldorf+rs-home+squeakycleany-princefrederick+streakers-california+streakers-home
cleaning property services,170,MEDIUM,cleanupcompany-janitorial
cleaning rentals,170,MEDIUM,rs-deep-cleaning+rs-office-cleaning+rs-standard-cleaning
cleaning service offers,170,LOW,merrymaids-waldorf
cleaning services around me,170,HIGH,leas-home+streakers-home+themaids-laplata
cleaning services laurel md,170,HIGH,leas-home+maids2mop-waldorf
cleaning services offer,170,LOW,alliance-residential
cleaning services offered,170,LOW,cleanupcompany-janitorial
cleaning services provided,170,LOW,bbmaintenance-officecleaning
cleaning services winter garden,170,HIGH,beyondcleaningpros-home
cleaning today,170,MEDIUM,bbmaintenance-officecleaning+beyondcleaningpros-laplata+cleaningmaideasy-home+leas-movein-princefrederick+maids2mop-waldorf+mastercleaning-home+merrymaids-waldorf+streakers-home
cleaning transparent,170,LOW,rs-home
cleaning wholesalers,170,LOW,streakers-california
cleanzy cleaning services,170,MEDIUM,cleanupcompany-janitorial+rs-home
commercial cleaning services washington dc,170,MEDIUM,alliance-home+alliance-residential+leas-movein-princefrederick+mastercleaning-services
commercial cleaning supply stores,170,MEDIUM,rs-office-cleaning
commercial construction cleaning services,170,MEDIUM,beyondcleaningpros-home+beyondcleaningpros-laplata+cleanupcompany-janitorial+leas-movein-princefrederick
commercial janitorial cleaning,170,LOW,bbmaintenance-officecleaning+cleanupcompany-janitorial+mastercleaning-home
commercial kitchen deep cleaning,170,MEDIUM,rs-deep-cleaning
company cleaning service,170,MEDIUM,somdcleaningcrew-home+sweeney-home
company cleaning services,170,MEDIUM,bbmaintenance-officecleaning+rs-home+streakers-home
complete cleaning company,170,LOW,leas-movein-princefrederick+squeakycleany-princefrederick
construction site cleaning services,170,MEDIUM,mastercleaning-services+squeakycleany-princefrederick
dc maids,170,MEDIUM,merrymaids-waldorf+themaids-laplata
decluttering and cleaning services,170,HIGH,bbmaintenance-officecleaning
deep cleaning before moving in,170,LOW,sweeney-home
deep cleaning for office,170,LOW,bbmaintenance-officecleaning+rs-deep-cleaning+rs-home+rs-office-cleaning+rs-standard-cleaning
deep cleaning office,170,LOW,cleaningmaideasy-home+leas-movein-princefrederick+rs-move-in-out-cleaning+rs-office-cleaning+rs-standard-cleaning+somdcleaningcrew-home+somdcleaningcrew-stmarys
deep cleaning solutions,170,HIGH,rs-home+sweeney-home+sweeney-lexingtonpark
deep office cleaning,170,LOW,bbmaintenance-officecleaning+rs-deep-cleaning
eco friendly cleaning products for business,170,HIGH,alliance-home
everything cleaning,170,MEDIUM,rs-move-in-out-cleaning
find a cleaner,170,MEDIUM,themaids-laplata
find a cleaner near me,170,HIGH,leas-home+themaids-laplata
find a house cleaner,170,HIGH,themaids-laplata
find cleaner,170,MEDIUM,leas-home
find cleaning,170,MEDIUM,rs-home
find house cleaner,170,HIGH,leas-home
find house cleaners,170,HIGH,maids2mop-waldorf
free cleaning service,170,MEDIUM,mastercleaning-home+sweeney-home+sweeney-lexingtonpark
free cleaning services,170,MEDIUM,alliance-residential+beyondcleaningpros-home+cleaningmaideasy-home+leas-movein-princefrederick+mastercleaning-services+merrymaids-waldorf+squeakycleany-princefrederick+streakers-california
free home cleaning,170,HIGH,mastercleaning-home+sweeney-home+sweeney-lexingtonpark
free house cleaning,170,HIGH,alliance-residential+beyondcleaningpros-laplata+cleaningmaideasy-home+leas-movein-princefrederick+merrymaids-waldorf+squeakycleany-princefrederick+streakers-california+sweeney-home+sweeney-lexingtonpark
free house cleaning services,170,MEDIUM,squeakycleany-princefrederick+sweeney-home+sweeney-lexingtonpark
go to cleaning,170,LOW,rs-home
high pressure cleaning service,170,LOW,beyondcleaningpros-home
home carpet cleaning services,170,HIGH,alliance-residential+bbmaintenance-officecleaning+nextday-waldorf+squeakycleany-princefrederick
home cleaning services near me prices,170,HIGH,leas-home
home mop,170,HIGH,maids2mop-waldorf
home mopping,170,HIGH,mastercleaning-home+rs-deep-cleaning+rs-move-in-out-cleaning+rs-standard-cleaning
house cleaning airbnb,170,MEDIUM,beyondcleaningpros-home+leas-movein-princefrederick
house cleaning contracts,170,HIGH,alliance-residential+beyondcleaningpros-home+beyondcleaningpros-laplata+cleaningmaideasy-home+leas-movein-princefrederick+maids2mop-waldorf+nextday-waldorf+somdcleaningcrew-home+somdcleaningcrew-stmarys+squeakycleany-princefrederick+streakers-california+sweeney-lexingtonpark
house cleaning for free,170,HIGH,sweeney-home+sweeney-lexingtonpark
house cleaning ladies,170,MEDIUM,alliance-residential+beyondcleaningpros-home+beyondcleaningpros-laplata+cleaningmaideasy-home+leas-movein-princefrederick+merrymaids-waldorf+nextday-waldorf+somdcleaningcrew-home+somdcleaningcrew-stmarys+squeakycleany-princefrederick+streakers-california
house cleaning lady,170,MEDIUM,leas-home+maids2mop-waldorf+themaids-laplata
house cleaning residential,170,MEDIUM,alliance-residential+beyondcleaningpros-home+beyondcleaningpros-laplata+cleaningmaideasy-home+maids2mop-waldorf+nextday-waldorf+somdcleaningcrew-home+somdcleaningcrew-stmarys+squeakycleany-princefrederick+sweeney-home+sweeney-lexingtonpark
house cleaning services for seniors near me,170,HIGH,streakers-california
house cleaning services laurel md,170,HIGH,maids2mop-waldorf
house cleaning services offered,170,LOW,sweeney-lexingtonpark
house cleaning woman,170,MEDIUM,somdcleaningcrew-home
house detailing service,170,HIGH,streakers-home
in & out cleaning services,170,LOW,rs-move-in-out-cleaning+rs-home
in and out clean,170,LOW,rs-move-in-out-cleaning+rs-deep-cleaning
in and out cleaning service,170,LOW,leas-movein-princefrederick+rs-move-in-out-cleaning+sweeney-lexingtonpark
in and out cleaning services,170,LOW,rs-home
independent cleaning services,170,HIGH,alliance-residential+cleaningmaideasy-home+leas-home+maids2mop-waldorf+nextday-waldorf+somdcleaningcrew-home+streakers-california+streakers-home+themaids-laplata
inside and out cleaning,170,LOW,rs-move-in-out-cleaning
inside and out cleaning services,170,LOW,rs-home+rs-move-in-out-cleaning+sweeney-lexingtonpark
lake cleaning services,170,MEDIUM,beyondcleaningpros-home
local cleaning companies near me,170,HIGH,streakers-home
local cleaning company near me,170,HIGH,streakers-california
local commercial cleaning services,170,MEDIUM,cleanupcompany-janitorial+mastercleaning-home+rs-home+rs-office-cleaning+streakers-california+streakers-home
local office cleaning companies,170,MEDIUM,mastercleaning-home+squeakycleany-princefrederick+streakers-california+streakers-home
local office cleaning services,170,MEDIUM,mastercleaning-home+rs-home+rs-office-cleaning
maid service laurel md,170,HIGH,maids2mop-waldorf
maid solutions,170,LOW,cleaningmaideasy-home+streakers-california
master janitorial service,170,LOW,mastercleaning-home
medical office cleaning company,170,LOW,mastercleaning-services
medical office cleaning services near me,170,MEDIUM,streakers-california
modern clean,170,LOW,rs-home
mopping home,170,HIGH,mastercleaning-home+rs-deep-cleaning+rs-move-in-out-cleaning+rs-standard-cleaning
move out cleaning services orlando,170,HIGH,beyondcleaningpros-home+beyondcleaningpros-laplata
my cleaning services,170,LOW,alliance-home+cleaningmaideasy-home+nextday-waldorf+rs-home+sweeney-lexingtonpark
neatly clean,170,MEDIUM,rs-home
new home deep clean,170,HIGH,rs-deep-cleaning
next day cleaning service,170,HIGH,leas-home+themaids-laplata
offer cleaning services,170,LOW,beyondcleaningpros-laplata+leas-home+maids2mop-waldorf+mastercleaning-services+nextday-waldorf+rs-home+squeakycleany-princefrederick+streakers-california+sweeney-lexingtonpark+themaids-laplata
offering cleaning services,170,LOW,beyondcleaningpros-laplata+leas-home+merrymaids-waldorf+nextday-waldorf
office deep cleaning,170,LOW,streakers-california+streakers-home
one time deep cleaning service near me,170,HIGH,alliance-home+beyondcleaningpros-laplata+leas-home+merrymaids-waldorf+nextday-waldorf+rs-standard-cleaning+streakers-home+sweeney-home+themaids-laplata
one time house cleaning service near me,170,HIGH,beyondcleaningpros-laplata+cleaningmaideasy-home+leas-home+merrymaids-waldorf+nextday-waldorf+squeakycleany-princefrederick+streakers-home+sweeney-home+themaids-laplata
post construction house cleaning,170,HIGH,beyondcleaningpros-home+leas-movein-princefrederick
power wash cleaning services,170,HIGH,rs-home
power washing estimate,170,HIGH,rs-home
professional cleaners in my area,170,LOW,merrymaids-waldorf
professional cleaning equipment,170,HIGH,alliance-home+bbmaintenance-officecleaning+rs-home
professional floor cleaning services near me,170,MEDIUM,alliance-home+mastercleaning-services
professional home organization services,170,LOW,maids2mop-waldorf
professional house cleaning checklist,170,HIGH,cleaningmaideasy-home+maids2mop-waldorf
property clean out services,170,MEDIUM,cleanupcompany-janitorial+rs-move-in-out-cleaning
property cleaning services,170,MEDIUM,alliance-residential+beyondcleaningpros-laplata+cleanupcompany-janitorial+leas-home+maids2mop-waldorf+rs-move-in-out-cleaning+squeakycleany-princefrederick+streakers-home
refresh clean,170,LOW,rs-move-in-out-cleaning
rental cleaning,170,MEDIUM,beyondcleaningpros-home+leas-movein-princefrederick+rs-move-in-out-cleaning+sweeney-home+sweeney-lexingtonpark
rental cleaning service,170,MEDIUM,leas-movein-princefrederick+sweeney-home+sweeney-lexingtonpark
rental cleaning services,170,MEDIUM,beyondcleaningpros-home
residential home cleaning,170,MEDIUM,bbmaintenance-officecleaning+leas-home+somdcleaningcrew-home+streakers-california+streakers-home+themaids-laplata
residential housekeeper,170,LOW,somdcleaningcrew-stmarys
rugs cleaning service,170,HIGH,rs-standard-cleaning
service master cleaning application,170,LOW,mastercleaning-home+mastercleaning-services
shower cleaning service,170,HIGH,alliance-residential
soap scum hard water remover,170,HIGH,rs-deep-cleaning
spring deep cleaning,170,LOW,bbmaintenance-officecleaning
sweeping services,170,LOW,rs-office-cleaning+rs-standard-cleaning
the best cleaner,170,HIGH,rs-deep-cleaning
the best cleaning services,170,MEDIUM,alliance-home+alliance-residential+beyondcleaningpros-home+beyondcleaningpros-laplata+cleaningmaideasy-home+leas-home+leas-movein-princefrederick+maids2mop-waldorf+nextday-waldorf+rs-home+squeakycleany-princefrederick+streakers-home+themaids-laplata
the carpet cleaning,170,MEDIUM,bbmaintenance-officecleaning
the cleaning authority prices,170,MEDIUM,leas-home
the cleaning collective,170,LOW,rs-deep-cleaning+rs-home+rs-move-in-out-cleaning+rs-office-cleaning+rs-standard-cleaning
the house cleaning,170,MEDIUM,somdcleaningcrew-home+somdcleaningcrew-stmarys+sweeney-home+sweeney-lexingtonpark
todays maid service,170,LOW,merrymaids-waldorf
top cleaning services near me,170,HIGH,alliance-home+leas-home+streakers-home+themaids-laplata
trash clean up service,170,HIGH,cleanupcompany-janitorial
trash clean up services,170,HIGH,rs-deep-cleaning+rs-standard-cleaning
turnover cleaning services,170,LOW,cleanupcompany-janitorial+sweeney-lexingtonpark
whole house deep cleaning,170,HIGH,nextday-waldorf
a carpet cleaning,140,HIGH,bbmaintenance-officecleaning
all maintenance,140,LOW,rs-deep-cleaning+rs-standard-cleaning
apartment cleaning service dc,140,HIGH,alliance-residential+leas-home+maids2mop-waldorf+nextday-waldorf+themaids-laplata
b&b cleaning,140,LOW,bbmaintenance-officecleaning
bathroom cleaning solutions,140,HIGH,rs-home
bb cleaning,140,LOW,bbmaintenance-officecleaning
best janitorial services,140,MEDIUM,beyondcleaningpros-home+cleanupcompany-janitorial
best move out cleaning service,140,LOW,leas-home+leas-movein-princefrederick+rs-office-cleaning+streakers-home+themaids-laplata
best move out cleaning services,140,LOW,rs-deep-cleaning
best tool to clean walls,140,HIGH,rs-deep-cleaning
bonded cleaning services,140,HIGH,cleaningmaideasy-home+nextday-waldorf+streakers-home
bonded house cleaners,140,HIGH,merrymaids-waldorf+nextday-waldorf
bonded house cleaning services,140,HIGH,cleaningmaideasy-home+nextday-waldorf
building cleaning services near me,140,LOW,mastercleaning-services
building exterior cleaning services,140,MEDIUM,cleanupcompany-janitorial
cafeteria cleaning,140,LOW,rs-move-in-out-cleaning+rs-standard-cleaning
carpet buffer,140,HIGH,bbmaintenance-officecleaning
carpet restoration company,140,LOW,squeakycleany-princefrederick
carpet steaming services,140,HIGH,mastercleaning-services
clean commercial cleaning,140,LOW,bbmaintenance-officecleaning+cleanupcompany-janitorial
clean my apartment,140,MEDIUM,cleaningmaideasy-home
clean my home,140,LOW,cleaningmaideasy-home+merrymaids-waldorf+sweeney-home
clean your home,140,MEDIUM,cleaningmaideasy-home+rs-deep-cleaning+rs-move-in-out-cleaning+rs-standard-cleaning+squeakycleany-princefrederick+sweeney-home+sweeney-lexingtonpark
cleaning business website,140,MEDIUM,leas-home+streakers-home
cleaning estimate,140,HIGH,cleaningmaideasy-home+leas-movein-princefrederick+rs-deep-cleaning+rs-home+rs-move-in-out-cleaning+rs-office-cleaning+rs-standard-cleaning
cleaning estimator,140,HIGH,rs-office-cleaning
cleaning expert,140,LOW,bbmaintenance-officecleaning+mastercleaning-services
cleaning experts,140,LOW,alliance-residential+beyondcleaningpros-home+beyondcleaningpros-laplata+cleaningmaideasy-home+cleanupcompany-janitorial+leas-movein-princefrederick+mastercleaning-home+nextday-waldorf+rs-home+somdcleaningcrew-home+somdcleaningcrew-stmarys+squeakycleany-princefrederick+streakers-california+streakers-home
cleaning kitchen surfaces,140,HIGH,rs-home
cleaning lady in my area,140,HIGH,beyondcleaningpros-laplata+cleaningmaideasy-home+merrymaids-waldorf+sweeney-lexingtonpark+themaids-laplata
cleaning maid easy,140,MEDIUM,cleaningmaideasy-home+streakers-home
cleaning move,140,LOW,rs-deep-cleaning+rs-home+rs-office-cleaning+rs-standard-cleaning+sweeney-home+sweeney-lexingtonpark
cleaning moving,140,LOW,leas-movein-princefrederick+rs-move-in-out-cleaning
cleaning my home,140,LOW,rs-home+sweeney-lexingtonpark
cleaning pest control,140,MEDIUM,rs-home
cleaning rates,140,LOW,leas-home
cleaning service hollywood,140,MEDIUM,somdcleaningcrew-home+somdcleaningcrew-stmarys
cleaning service in,140,MEDIUM,rs-deep-cleaning+rs-office-cleaning+rs-standard-cleaning
cleaning service nearby,140,HIGH,squeakycleany-princefrederick
cleaning service orlando,140,HIGH,beyondcleaningpros-laplata
cleaning services germantown md,140,HIGH,leas-home
cleaning services in,140,MEDIUM,alliance-home+alliance-residential+bbmaintenance-officecleaning+beyondcleaningpros-home+beyondcleaningpros-laplata+cleaningmaideasy-home+cleanupcompany-janitorial+leas-movein-princefrederick+maids2mop-waldorf+mastercleaning-home+mastercleaning-services+merrymaids-waldorf+nextday-waldorf+rs-home+somdcleaningcrew-home+somdcleaningcrew-stmarys+squeakycleany-princefrederick+streakers-california+sweeney-lexingtonpark
cleaning services near,140,HIGH,maids2mop-waldorf+nextday-waldorf+streakers-home
cleaning services near me residential,140,HIGH,alliance-home+alliance-residential+leas-home+nextday-waldorf+somdcleaningcrew-stmarys+streakers-california+streakers-home+themaids-laplata
cleaning services nearby,140,HIGH,alliance-home+beyondcleaningpros-laplata+sweeney-lexingtonpark
cleaning up the house,140,LOW,rs-home
cleaning your home,140,MEDIUM,rs-home+somdcleaningcrew-home+somdcleaningcrew-stmarys
clear cleaning services,140,MEDIUM,rs-home
commercial building janitorial services,140,LOW,bbmaintenance-officecleaning+cleanupcompany-janitorial
commercial cleaning services company,140,LOW,cleanupcompany-janitorial
commercial cleaning services florida,140,LOW,beyondcleaningpros-home
crew cleaning,140,HIGH,somdcleaningcrew-home+somdcleaningcrew-stmarys+sweeney-home
daily office cleaning services,140,LOW,cleanupcompany-janitorial+mastercleaning-services
day cleaner,140,LOW,nextday-waldorf
day cleaning,140,LOW,sweeney-home
deep cleaning services cost,140,MEDIUM,maids2mop-waldorf+nextday-waldorf
dependable cleaning,140,MEDIUM,rs-office-cleaning
detail cleaning house,140,HIGH,rs-home+streakers-california
detail house cleaning,140,HIGH,streakers-home
detailed house cleaning,140,HIGH,beyondcleaningpros-laplata+sweeney-home+sweeney-lexingtonpark
doing cleaning,140,LOW,rs-home
find house cleaner near me,140,HIGH,leas-home+themaids-laplata
first clean,140,LOW,rs-standard-cleaning
first cleaning,140,LOW,rs-deep-cleaning+rs-home
first maintenance,140,LOW,rs-deep-cleaning
flat rate cleaning services,140,LOW,maids2mop-waldorf
floor dusting,140,HIGH,rs-deep-cleaning
floor equipment,140,HIGH,bbmaintenance-officecleaning
garden cleaning services,140,HIGH,beyondcleaningpros-home
hire cleaners near me,140,HIGH,leas-home
home and office cleaning services,140,LOW,bbmaintenance-officecleaning+beyondcleaningpros-home+leas-movein-princefrederick+mastercleaning-home+mastercleaning-services+somdcleaningcrew-stmarys+squeakycleany-princefrederick+streakers-california+streakers-home
home office cleaning services,140,LOW,mastercleaning-home
house cleaner service near me,140,HIGH,squeakycleany-princefrederick
house cleaners services near me,140,HIGH,mastercleaning-home
house cleaning people,140,HIGH,cleaningmaideasy-home+maids2mop-waldorf+merrymaids-waldorf+rs-home+sweeney-home
house cleaning person,140,HIGH,alliance-home+cleaningmaideasy-home+maids2mop-waldorf
house cleaning service annapolis,140,HIGH,cleaningmaideasy-home+leas-home
house cleaning services germantown md,140,HIGH,leas-home
house deep cleaners near me,140,HIGH,themaids-laplata
house deep cleaning near me,140,HIGH,beyondcleaningpros-laplata+merrymaids-waldorf+streakers-california+streakers-home
house deep cleaning service near me,140,HIGH,rs-home+sweeney-lexingtonpark
house detail cleaning,140,HIGH,merrymaids-waldorf
in house cleaning services,140,MEDIUM,alliance-home+alliance-residential+beyondcleaningpros-home+beyondcleaningpros-laplata+cleaningmaideasy-home+leas-home+leas-movein-princefrederick+maids2mop-waldorf+merrymaids-waldorf+nextday-waldorf+rs-home+somdcleaningcrew-home+somdcleaningcrew-stmarys+streakers-california+streakers-home+sweeney-lexingtonpark+themaids-laplata
independent cleaning jobs,140,MEDIUM,nextday-waldorf
initial cleaning,140,LOW,alliance-residential+cleaningmaideasy-home+rs-home
inside clean,140,LOW,rs-home+rs-move-in-out-cleaning
inside house cleaning services,140,MEDIUM,squeakycleany-princefrederick+sweeney-home
into clean,140,LOW,rs-move-in-out-cleaning+rs-standard-cleaning+sweeney-home+rs-home
janitorial inc,140,LOW,bbmaintenance-officecleaning+cleanupcompany-janitorial+mastercleaning-home+mastercleaning-services
licensed house cleaners,140,MEDIUM,leas-home
local cleaning ladies,140,HIGH,mastercleaning-home+rs-home+somdcleaningcrew-home+streakers-california
maid pros,140,HIGH,beyondcleaningpros-laplata
maid service in my area,140,HIGH,leas-home
maid service to clean apartment,140,HIGH,cleaningmaideasy-home
maid services in,140,MEDIUM,mastercleaning-home+somdcleaningcrew-home
maid services in my area,140,HIGH,beyondcleaningpros-laplata+cleaningmaideasy-home+merrymaids-waldorf+themaids-laplata
md cleaning service,140,MEDIUM,rs-office-cleaning
md cleaning services,140,MEDIUM,alliance-home+alliance-residential+bbmaintenance-officecleaning+beyondcleaningpros-home+beyondcleaningpros-laplata+cleaningmaideasy-home+cleanupcompany-janitorial+leas-home+leas-movein-princefrederick+maids2mop-waldorf+mastercleaning-home+mastercleaning-services+merrymaids-waldorf+nextday-waldorf+rs-home+somdcleaningcrew-home+somdcleaningcrew-stmarys+squeakycleany-princefrederick+streakers-california+streakers-home+sweeney-lexingtonpark
merry maids deep cleaning,140,MEDIUM,merrymaids-waldorf+streakers-home+themaids-laplata
merry maids services,140,HIGH,merrymaids-waldorf+streakers-california+streakers-home+themaids-laplata
mopping products,140,HIGH,rs-office-cleaning
move in move out,140,LOW,rs-move-in-out-cleaning+sweeney-lexingtonpark
move in move out services,140,HIGH,rs-home+rs-move-in-out-cleaning+sweeney-home+sweeney-lexingtonpark
move out services,140,HIGH,beyondcleaningpros-home+beyondcleaningpros-laplata+leas-home+leas-movein-princefrederick+maids2mop-waldorf+merrymaids-waldorf+rs-deep-cleaning+rs-home+rs-move-in-out-cleaning+streakers-california+sweeney-home+sweeney-lexingtonpark+themaids-laplata
my home cleaning,140,LOW,beyondcleaningpros-laplata
nearby cleaning services,140,HIGH,alliance-home+beyondcleaningpros-laplata+squeakycleany-princefrederick+sweeney-lexingtonpark
on the spot cleaning service,140,LOW,rs-deep-cleaning
one day cleaning service,140,MEDIUM,themaids-laplata
one day house cleaning service,140,MEDIUM,themaids-laplata
one time house cleaning cost,140,HIGH,beyondcleaningpros-laplata+leas-home+maids2mop-waldorf+nextday-waldorf+themaids-laplata
out clean,140,HIGH,rs-deep-cleaning+rs-move-in-out-cleaning+rs-office-cleaning+rs-standard-cleaning+rs-home
out cleaner,140,HIGH,rs-deep-cleaning+rs-home+rs-move-in-out-cleaning+rs-standard-cleaning+sweeney-home
out cleaning,140,HIGH,rs-office-cleaning+sweeney-lexingtonpark
park cleaner,140,LOW,sweeney-lexingtonpark
part time maid services,140,LOW,beyondcleaningpros-laplata+cleaningmaideasy-home+nextday-waldorf+somdcleaningcrew-home+somdcleaningcrew-stmarys+streakers-california+themaids-laplata
personal cleaner,140,MEDIUM,merrymaids-waldorf+themaids-laplata
professional cleaning charges,140,MEDIUM,mastercleaning-services+rs-home
professional cleaning cost,140,MEDIUM,beyondcleaningpros-laplata+maids2mop-waldorf+nextday-waldorf
professional cleaning costs,140,MEDIUM,rs-home
professional cleaning prices,140,MEDIUM,rs-home
professional cleaning solutions,140,HIGH,alliance-home+alliance-residential+bbmaintenance-officecleaning+beyondcleaningpros-home+mastercleaning-services+nextday-waldorf+rs-home+sweeney-home+sweeney-lexingtonpark
professional deep cleaning services near me,140,HIGH,alliance-home+beyondcleaningpros-home+beyondcleaningpros-laplata+nextday-waldorf+rs-office-cleaning+streakers-california+streakers-home
professional house cleaning cost,140,MEDIUM,beyondcleaningpros-laplata+maids2mop-waldorf+nextday-waldorf
professional house cleaning prices,140,MEDIUM,nextday-waldorf
professional maintenance services,140,LOW,mastercleaning-services
professional residential cleaning,140,MEDIUM,alliance-home+beyondcleaningpros-home+beyondcleaningpros-laplata+cleaningmaideasy-home+leas-home+maids2mop-waldorf+merrymaids-waldorf+nextday-waldorf+somdcleaningcrew-stmarys+squeakycleany-princefrederick+streakers-california+streakers-home+themaids-laplata
professional tile and grout cleaning services near me,140,HIGH,alliance-home
property clean up services near me,140,MEDIUM,cleanupcompany-janitorial
residential deep cleaning services near me,140,MEDIUM,alliance-home+leas-home+merrymaids-waldorf+nextday-waldorf+rs-deep-cleaning+rs-office-cleaning+rs-standard-cleaning+streakers-california+streakers-home+themaids-laplata
retail cleaning,140,LOW,alliance-home+squeakycleany-princefrederick
road cleaning,140,LOW,sweeney-lexingtonpark
same day cleaning near me,140,HIGH,streakers-home+themaids-laplata
same day house cleaning service near me,140,HIGH,beyondcleaningpros-home+beyondcleaningpros-laplata+leas-home+leas-movein-princefrederick+nextday-waldorf+themaids-laplata
same day house cleaning services near me,140,HIGH,alliance-residential
same day maid service near me,140,HIGH,leas-home+themaids-laplata
scrubbing walls,140,HIGH,rs-deep-cleaning+rs-move-in-out-cleaning
serving master,140,MEDIUM,mastercleaning-home
someone to clean house,140,HIGH,sweeney-home
sparkling clean maid service,140,LOW,cleaningmaideasy-home+streakers-home+themaids-laplata
spot on cleaning,140,MEDIUM,rs-deep-cleaning+rs-move-in-out-cleaning
spotless home,140,LOW,sweeney-lexingtonpark
standard house cleaning,140,LOW,rs-home+sweeney-home+sweeney-lexingtonpark
start house cleaning business,140,MEDIUM,leas-movein-princefrederick+somdcleaningcrew-home+streakers-home
starting a house cleaning business,140,MEDIUM,leas-movein-princefrederick
that's cleaning,140,LOW,rs-standard-cleaning
the best cleaning products,140,HIGH,alliance-home
the cleaning service,140,MEDIUM,alliance-home+alliance-residential+beyondcleaningpros-home+beyondcleaningpros-laplata+cleaningmaideasy-home+cleanupcompany-janitorial+leas-movein-princefrederick+maids2mop-waldorf+mastercleaning-home+mastercleaning-services+nextday-waldorf+rs-deep-cleaning+rs-home+rs-office-cleaning+rs-standard-cleaning+somdcleaningcrew-home+somdcleaningcrew-stmarys+squeakycleany-princefrederick+sweeney-home+sweeney-lexingtonpark
the maid service,140,MEDIUM,cleaningmaideasy-home+somdcleaningcrew-home+somdcleaningcrew-stmarys
think cleaning,140,LOW,rs-standard-cleaning
tina cleaning service,140,LOW,alliance-residential+cleaningmaideasy-home+maids2mop-waldorf+nextday-waldorf+somdcleaningcrew-home+somdcleaningcrew-stmarys+streakers-california+sweeney-home+sweeney-lexingtonpark
toilet cleaning services,140,MEDIUM,alliance-residential+cleanupcompany-janitorial
top commercial cleaning companies,140,LOW,alliance-home+streakers-home
top to bottom house cleaning,140,LOW,sweeney-home
touch cleaning,140,LOW,rs-standard-cleaning
a one cleaner,110,LOW,rs-standard-cleaning
affordable apartment cleaning services,110,HIGH,themaids-laplata
affordable cleaning solutions,110,MEDIUM,sweeney-home+sweeney-lexingtonpark
all cleaning solutions,110,LOW,sweeney-lexingtonpark
all floors cleaning,110,HIGH,rs-standard-cleaning
apartment cleaning los angeles,110,HIGH,themaids-laplata
apartment cleaning service los angeles,110,HIGH,themaids-laplata
apartment cleaning services cost,110,MEDIUM,maids2mop-waldorf+nextday-waldorf
at your request cleaning,110,LOW,rs-office-cleaning
bathroom clean out,110,MEDIUM,rs-move-in-out-cleaning+rs-standard-cleaning
bathroom cleaning essentials,110,HIGH,rs-home
bathroom kitchen cleaner,110,HIGH,rs-home
best deep cleaning service near me,110,HIGH,leas-home+rs-deep-cleaning+streakers-home+themaids-laplata
best maids near me,110,MEDIUM,themaids-laplata
best move out cleaning service near me,110,HIGH,beyondcleaningpros-laplata+leas-home+streakers-home+themaids-laplata
budget cleaning services,110,LOW,mastercleaning-services
building cleaning companies,110,LOW,mastercleaning-home+mastercleaning-services+somdcleaningcrew-stmarys
building cleaning company,110,LOW,bbmaintenance-officecleaning+cleanupcompany-janitorial+squeakycleany-princefrederick
business cleaning jobs,110,LOW,somdcleaningcrew-home+squeakycleany-princefrederick
business that need cleaning services,110,HIGH,cleanupcompany-janitorial+somdcleaningcrew-home+squeakycleany-princefrederick
carpet cleaning deep cleaning,110,HIGH,bbmaintenance-officecleaning
carpet cleaning specialist,110,MEDIUM,alliance-residential+bbmaintenance-officecleaning+mastercleaning-services+squeakycleany-princefrederick
carpet steam cleaning service near me,110,HIGH,mastercleaning-services
carpet technician,110,MEDIUM,bbmaintenance-officecleaning
cheap apartment cleaning services,110,HIGH,themaids-laplata
clean clean company,110,LOW,cleanupcompany-janitorial+rs-home
cleaner cleaning company,110,LOW,cleanupcompany-janitorial+rs-home
cleaning assistance,110,LOW,bbmaintenance-officecleaning+cleanupcompany-janitorial+mastercleaning-home+mastercleaning-services+rs-home+somdcleaningcrew-home+somdcleaningcrew-stmarys+sweeney-lexingtonpark
cleaning authority pricing,110,MEDIUM,rs-home
cleaning company solutions,110,MEDIUM,sweeney-lexingtonpark
cleaning consultants,110,LOW,rs-home
cleaning deep cleaning,110,MEDIUM,rs-deep-cleaning+rs-move-in-out-cleaning+rs-office-cleaning+rs-standard-cleaning+somdcleaningcrew-stmarys+sweeney-home+sweeney-lexingtonpark
cleaning experience,110,LOW,bbmaintenance-officecleaning+leas-movein-princefrederick+maids2mop-waldorf+squeakycleany-princefrederick
cleaning help near me,110,HIGH,leas-home+themaids-laplata
cleaning home exterior,110,MEDIUM,rs-standard-cleaning
cleaning home service near me,110,HIGH,merrymaids-waldorf
cleaning home services near me,110,HIGH,beyondcleaningpros-laplata+streakers-home
cleaning made easier,110,MEDIUM,rs-home
cleaning made easy,110,MEDIUM,cleaningmaideasy-home
cleaning nearby,110,HIGH,sweeney-lexingtonpark
cleaning office space,110,LOW,rs-standard-cleaning
cleaning on the go,110,HIGH,rs-home
cleaning orlando,110,HIGH,beyondcleaningpros-home+beyondcleaningpros-laplata
cleaning out your house,110,MEDIUM,sweeney-home+sweeney-lexingtonpark
cleaning service hourly rate,110,MEDIUM,nextday-waldorf
cleaning services equipment,110,HIGH,rs-home
cleaning services for property management,110,LOW,cleanupcompany-janitorial
cleaning services glen burnie,110,HIGH,leas-home
cleaning sites,110,MEDIUM,streakers-home
cleaning solutions company,110,MEDIUM,alliance-home+alliance-residential+cleanupcompany-janitorial+streakers-california+sweeney-home+sweeney-lexingtonpark
cleaning team near me,110,MEDIUM,alliance-home+streakers-home
cleaning team services,110,MEDIUM,alliance-home+beyondcleaningpros-home+cleaningmaideasy-home+cleanupcompany-janitorial+leas-movein-princefrederick+rs-home+squeakycleany-princefrederick+streakers-home
cleanout crew,110,LOW,somdcleaningcrew-stmarys
commercial bathroom cleaning services,110,MEDIUM,alliance-residential+rs-home
commercial cleaning experts,110,LOW,alliance-residential+bbmaintenance-officecleaning+beyondcleaningpros-home+cleanupcompany-janitorial+mastercleaning-home+somdcleaningcrew-home+somdcleaningcrew-stmarys+squeakycleany-princefrederick+streakers-california
commercial janitorial companies,110,MEDIUM,cleanupcompany-janitorial+mastercleaning-home
commercial office cleaning near me,110,MEDIUM,bbmaintenance-officecleaning+mastercleaning-home+rs-office-cleaning+somdcleaningcrew-home+somdcleaningcrew-stmarys
commercial property cleaning,110,LOW,cleanupcompany-janitorial+squeakycleany-princefrederick
commercial property cleaning services,110,MEDIUM,cleanupcompany-janitorial+squeakycleany-princefrederick
deep clean cleaners,110,MEDIUM,merrymaids-waldorf+streakers-home
deep clean house before moving in,110,LOW,merrymaids-waldorf+sweeney-home
deep clean quote,110,MEDIUM,merrymaids-waldorf
deep cleaning los angeles,110,HIGH,themaids-laplata
deep cleaning professional,110,HIGH,bbmaintenance-officecleaning
deep cleaning professionals,110,HIGH,beyondcleaningpros-home+beyondcleaningpros-laplata+maids2mop-waldorf+nextday-waldorf+rs-home+rs-office-cleaning+somdcleaningcrew-home+somdcleaningcrew-stmarys+sweeney-home+sweeney-lexingtonpark
deep cleaning quotation,110,MEDIUM,rs-deep-cleaning+rs-home+rs-office-cleaning+rs-standard-cleaning
deep cleaning quote,110,MEDIUM,leas-movein-princefrederick+maids2mop-waldorf+rs-home+rs-move-in-out-cleaning+rs-office-cleaning+rs-standard-cleaning+sweeney-home+sweeney-lexingtonpark
deep cleaning quotes,110,MEDIUM,beyondcleaningpros-laplata+rs-deep-cleaning+streakers-home
deep cleaning schedule for home,110,HIGH,rs-deep-cleaning+rs-home
deep cleaning services for house,110,LOW,leas-movein-princefrederick+rs-home+sweeney-home+sweeney-lexingtonpark
deep cleaning services for houses,110,LOW,cleaningmaideasy-home+cleanupcompany-janitorial+maids2mop-waldorf+somdcleaningcrew-home
deep cleaning services price,110,HIGH,rs-home
deep cleaning services prices,110,HIGH,alliance-home+nextday-waldorf
deep deep cleaning,110,MEDIUM,rs-deep-cleaning+rs-home
difference between deep clean and regular clean,110,LOW,rs-home+rs-deep-cleaning
difference between regular cleaning and deep cleaning,110,LOW,rs-deep-cleaning+rs-home
disinfect company,110,MEDIUM,cleanupcompany-janitorial
disinfecting company,110,MEDIUM,alliance-home+leas-movein-princefrederick+streakers-california
disinfection company,110,MEDIUM,squeakycleany-princefrederick
domestic cleaner near me,110,MEDIUM,leas-home
domestic cleaning companies,110,LOW,maids2mop-waldorf+merrymaids-waldorf+somdcleaningcrew-home+somdcleaningcrew-stmarys
domestic cleaning company,110,LOW,alliance-residential+beyondcleaningpros-home+cleaningmaideasy-home+leas-home+leas-movein-princefrederick+nextday-waldorf+squeakycleany-princefrederick+streakers-california+streakers-home+sweeney-lexingtonpark+themaids-laplata
domestic cleaning near me,110,MEDIUM,beyondcleaningpros-laplata+streakers-home+themaids-laplata
easy home cleaning,110,MEDIUM,cleaningmaideasy-home
eco cleaning company,110,MEDIUM,beyondcleaningpros-home
equipment for cleaning services,110,HIGH,bbmaintenance-officecleaning
floor cleaning and polishing,110,HIGH,mastercleaning-services
floor maintenance services,110,LOW,alliance-residential+bbmaintenance-officecleaning+cleanupcompany-janitorial+mastercleaning-services
glass cleaning services,110,MEDIUM,alliance-residential+beyondcleaningpros-home
good & clean,110,MEDIUM,rs-move-in-out-cleaning
good and clean,110,MEDIUM,rs-move-in-out-cleaning
great cleaning,110,LOW,rs-home
happy maids cleaning service,110,MEDIUM,themaids-laplata
help me clean my house,110,HIGH,cleaningmaideasy-home+merrymaids-waldorf
home clean solutions,110,MEDIUM,sweeney-home+sweeney-lexingtonpark
home power washing services near me,110,HIGH,beyondcleaningpros-laplata
home sanitizer service,110,HIGH,rs-deep-cleaning+rs-standard-cleaning+somdcleaningcrew-stmarys
home sanitizing service,110,HIGH,alliance-residential+beyondcleaningpros-home+cleaningmaideasy-home+leas-movein-princefrederick+mastercleaning-home+mastercleaning-services+merrymaids-waldorf+nextday-waldorf+somdcleaningcrew-home+squeakycleany-princefrederick+streakers-california+streakers-home
house cleaning before move in,110,MEDIUM,leas-movein-princefrederick+merrymaids-waldorf+streakers-california+streakers-home+sweeney-home
house cleaning before moving in,110,MEDIUM,beyondcleaningpros-laplata
house cleaning book online,110,HIGH,beyondcleaningpros-home
house cleaning mop,110,HIGH,maids2mop-waldorf
house cleaning packages,110,HIGH,alliance-residential+beyondcleaningpros-home+beyondcleaningpros-laplata+cleaningmaideasy-home+leas-home+leas-movein-princefrederick+maids2mop-waldorf+merrymaids-waldorf+nextday-waldorf+somdcleaningcrew-home+somdcleaningcrew-stmarys+squeakycleany-princefrederick+streakers-california+streakers-home+sweeney-lexingtonpark+themaids-laplata
house cleaning services long beach,110,HIGH,leas-home
house cleaning services quote,110,LOW,leas-movein-princefrederick+sweeney-home+sweeney-lexingtonpark
house cleaning services quotes,110,LOW,beyondcleaningpros-laplata+rs-home
house emptying,110,LOW,somdcleaningcrew-home+somdcleaningcrew-stmarys+sweeney-home+sweeney-lexingtonpark
house sanitizing services,110,HIGH,alliance-residential+beyondcleaningpros-home+beyondcleaningpros-laplata+cleaningmaideasy-home+leas-movein-princefrederick+maids2mop-waldorf+nextday-waldorf+somdcleaningcrew-home+somdcleaningcrew-stmarys+streakers-california+sweeney-lexingtonpark
house wash cleaner,110,HIGH,alliance-residential+cleaningmaideasy-home
immediate cleaning services,110,MEDIUM,leas-home
independent cleaning services near me,110,HIGH,leas-home+merrymaids-waldorf+streakers-california+streakers-home+themaids-laplata
industrial janitorial services,110,LOW,cleanupcompany-janitorial
inside out clean,110,LOW,rs-move-in-out-cleaning
janitorial contractor,110,MEDIUM,cleanupcompany-janitorial+mastercleaning-home+mastercleaning-services
janitorial contractors,110,MEDIUM,bbmaintenance-officecleaning+beyondcleaningpros-home+cleanupcompany-janitorial+leas-movein-princefrederick+mastercleaning-home+mastercleaning-services
kitchen and bathroom cleaning,110,HIGH,rs-home
kitchen bathroom cleaning,110,HIGH,rs-deep-cleaning+rs-home+rs-move-in-out-cleaning+rs-standard-cleaning
local cleaning businesses,110,MEDIUM,alliance-residential+beyondcleaningpros-laplata+cleaningmaideasy-home+mastercleaning-home+nextday-waldorf+rs-home+rs-office-cleaning+somdcleaningcrew-home+somdcleaningcrew-stmarys+squeakycleany-princefrederick+streakers-california+sweeney-home+sweeney-lexingtonpark
looking for cleaners,110,MEDIUM,merrymaids-waldorf+themaids-laplata
looking for cleaning,110,MEDIUM,bbmaintenance-officecleaning
maid housekeeping,110,LOW,somdcleaningcrew-stmarys
maid service companies,110,MEDIUM,somdcleaningcrew-home+streakers-california
maid service quote,110,MEDIUM,merrymaids-waldorf+streakers-california
master clean carpet cleaners,110,MEDIUM,mastercleaning-services
master of cleaning,110,LOW,mastercleaning-home
medical facility cleaning,110,LOW,mastercleaning-services
move out company,110,HIGH,leas-movein-princefrederick
move out house cleaners near me,110,HIGH,merrymaids-waldorf+streakers-california+streakers-home
move out house cleaning near me,110,HIGH,beyondcleaningpros-laplata+sweeney-home+sweeney-lexingtonpark
now clean,110,MEDIUM,mastercleaning-home
now cleaning,110,MEDIUM,mastercleaning-home
office janitorial services near me,110,LOW,mastercleaning-home+mastercleaning-services+streakers-california
office space cleaning,110,LOW,alliance-residential+cleaningmaideasy-home+cleanupcompany-janitorial+mastercleaning-home+rs-standard-cleaning+squeakycleany-princefrederick+streakers-california
pcs cleaning,110,LOW,sweeney-lexingtonpark
people cleaning house,110,MEDIUM,sweeney-home+rs-home
people who clean houses,110,HIGH,themaids-laplata
personal cleaning service,110,MEDIUM,somdcleaningcrew-home
personal cleaning services,110,MEDIUM,cleaningmaideasy-home
power washing and window cleaning,110,HIGH,beyondcleaningpros-home
professional cleaning business,110,LOW,alliance-home+beyondcleaningpros-home+cleaningmaideasy-home+leas-home+leas-movein-princefrederick+maids2mop-waldorf+mastercleaning-services+nextday-waldorf+rs-home+somdcleaningcrew-home+somdcleaningcrew-stmarys+squeakycleany-princefrederick+streakers-home
professional cleaning llc,110,LOW,alliance-home+mastercleaning-services+somdcleaningcrew-home+squeakycleany-princefrederick
professional cleaning tips,110,MEDIUM,bbmaintenance-officecleaning
professional maid,110,MEDIUM,beyondcleaningpros-laplata+somdcleaningcrew-stmarys+squeakycleany-princefrederick
professional maids,110,MEDIUM,maids2mop-waldorf
professional office cleaning services near me,110,MEDIUM,alliance-home+bbmaintenance-officecleaning+beyondcleaningpros-home+mastercleaning-services+somdcleaningcrew-stmarys+streakers-california+streakers-home
professional steam cleaning service,110,MEDIUM,mastercleaning-services+nextday-waldorf
property cleaning,110,MEDIUM,alliance-residential+beyondcleaningpros-laplata+cleanupcompany-janitorial+maids2mop-waldorf+rs-move-in-out-cleaning+squeakycleany-princefrederick
property management cleaning services,110,LOW,cleanupcompany-janitorial
renovation cleaning,110,MEDIUM,alliance-residential+beyondcleaningpros-laplata+cleaningmaideasy-home+maids2mop-waldorf+nextday-waldorf+somdcleaningcrew-home+somdcleaningcrew-stmarys+streakers-california+sweeney-home+sweeney-lexingtonpark
rental property cleaning,110,MEDIUM,rs-move-in-out-cleaning
reset cleaning,110,LOW,rs-deep-cleaning+rs-home+rs-move-in-out-cleaning
residential clean out,110,LOW,rs-deep-cleaning+rs-standard-cleaning+sweeney-home
room clean out,110,LOW,sweeney-home
small office cleaning services,110,LOW,cleaningmaideasy-home+rs-office-cleaning
solution cleaning company,110,MEDIUM,mastercleaning-home
solution cleaning service,110,MEDIUM,mastercleaning-home
solutions cleaning services,110,MEDIUM,alliance-home+sweeney-home+sweeney-lexingtonpark
special clean,110,MEDIUM,rs-office-cleaning
spotless house cleaning,110,MEDIUM,sweeney-lexingtonpark
spring carpet cleaning,110,MEDIUM,bbmaintenance-officecleaning
spring cleaning services near me,110,LOW,bbmaintenance-officecleaning
the cleaning room,110,LOW,sweeney-home
the maids of st charles county,110,LOW,somdcleaningcrew-home
throughout cleaning,110,LOW,rs-deep-cleaning+rs-move-in-out-cleaning+sweeney-lexingtonpark+rs-home
tile floor cleaning company,110,HIGH,cleanupcompany-janitorial
time to clean,110,LOW,rs-standard-cleaning
top rated home cleaning services near me,110,HIGH,streakers-home
urgent cleaning services,110,MEDIUM,squeakycleany-princefrederick
whole house deep cleaning service,110,HIGH,nextday-waldorf
window cleaning washington dc,110,MEDIUM,mastercleaning-services
affordable home cleaning services near me,90,HIGH,leas-home+themaids-laplata
airbnb cleaning business,90,MEDIUM,leas-movein-princefrederick
alliance cleaning,90,MEDIUM,alliance-home
apartment cleaning dc,90,HIGH,maids2mop-waldorf
apartment cleaning services move out,90,HIGH,beyondcleaningpros-home+beyondcleaningpros-laplata+leas-home+leas-movein-princefrederick+merrymaids-waldorf+rs-home+rs-move-in-out-cleaning+streakers-california+streakers-home+sweeney-home+sweeney-lexingtonpark+themaids-laplata
at cleaning services,90,MEDIUM,bbmaintenance-officecleaning+mastercleaning-home+mastercleaning-services+rs-home+rs-move-in-out-cleaning+somdcleaningcrew-home+somdcleaningcrew-stmarys+sweeney-lexingtonpark
at home cleaning,90,LOW,bbmaintenance-officecleaning+cleaningmaideasy-home+rs-deep-cleaning+rs-home+rs-move-in-out-cleaning+rs-standard-cleaning+somdcleaningcrew-home+somdcleaningcrew-stmarys+sweeney-home+sweeney-lexingtonpark
b&b cleaning services,90,MEDIUM,bbmaintenance-officecleaning
bath cleaning service,90,HIGH,rs-home
bathroom maintenance,90,LOW,rs-deep-cleaning+rs-home+rs-move-in-out-cleaning+rs-standard-cleaning
bathtub cleaning services,90,HIGH,rs-home
bedroom cleaning service,90,HIGH,somdcleaningcrew-home+sweeney-lexingtonpark
bedroom cleaning services,90,HIGH,maids2mop-waldorf
benefit of cleaning,90,LOW,rs-standard-cleaning
best cleaner for bathroom floor,90,HIGH,rs-home
best cleaning supplies for deep cleaning,90,HIGH,rs-home
best deep cleaning service,90,HIGH,leas-movein-princefrederick+rs-deep-cleaning+rs-home+rs-office-cleaning
best residential cleaning service near me,90,HIGH,leas-home+streakers-home+themaids-laplata
book cleaning service online,90,HIGH,leas-home
book online cleaning service,90,HIGH,beyondcleaningpros-home+beyondcleaningpros-laplata+rs-home
carpet and couch cleaning services,90,HIGH,alliance-home
carpet cleaning maryland,90,MEDIUM,alliance-residential+bbmaintenance-officecleaning+squeakycleany-princefrederick
carpet cleaning packages,90,HIGH,bbmaintenance-officecleaning
carpet cleaning same day service,90,HIGH,nextday-waldorf
carpet cleaning upper marlboro md,90,HIGH,alliance-home+alliance-residential
carpet removal company,90,HIGH,bbmaintenance-officecleaning+squeakycleany-princefrederick
clean bright,90,LOW,rs-home
clean homes near me,90,HIGH,streakers-home
clean house interior,90,MEDIUM,rs-home
clean made,90,MEDIUM,rs-home
clean rentals,90,MEDIUM,rs-deep-cleaning+rs-move-in-out-cleaning+rs-standard-cleaning
cleaners frederick md,90,HIGH,squeakycleany-princefrederick
cleaners reading,90,LOW,leas-home
cleaning and more,90,LOW,rs-move-in-out-cleaning
cleaning authority frederick md,90,MEDIUM,leas-movein-princefrederick+squeakycleany-princefrederick+streakers-home
cleaning charges,90,LOW,alliance-residential+bbmaintenance-officecleaning+cleanupcompany-janitorial+mastercleaning-services+rs-home+somdcleaningcrew-stmarys+sweeney-lexingtonpark
cleaning company llc,90,MEDIUM,alliance-home+cleanupcompany-janitorial
cleaning crews near me,90,HIGH,alliance-home
cleaning detail,90,LOW,rs-home
cleaning empty house,90,MEDIUM,rs-home
cleaning master services,90,LOW,mastercleaning-home
cleaning need,90,MEDIUM,rs-home+rs-move-in-out-cleaning
cleaning needs,90,MEDIUM,rs-deep-cleaning+rs-standard-cleaning
cleaning service fees,90,MEDIUM,rs-home
cleaning service for rental properties,90,HIGH,rs-move-in-out-cleaning
cleaning service needed,90,MEDIUM,merrymaids-waldorf+streakers-home
cleaning service white plains,90,HIGH,alliance-home+alliance-residential+beyondcleaningpros-laplata+mastercleaning-home+mastercleaning-services+somdcleaningcrew-home+themaids-laplata
cleaning services needed,90,MEDIUM,cleaningmaideasy-home
cleaning services residential near me,90,HIGH,alliance-home+somdcleaningcrew-stmarys+streakers-california
cleaning services st charles,90,HIGH,bbmaintenance-officecleaning+beyondcleaningpros-laplata+somdcleaningcrew-home+somdcleaningcrew-stmarys
cleaning services upper marlboro md,90,HIGH,alliance-home+alliance-residential+beyondcleaningpros-home+beyondcleaningpros-laplata+maids2mop-waldorf
cleaning services winter park,90,HIGH,beyondcleaningpros-home
cleaning solutions near me,90,MEDIUM,alliance-home
cleaning standard,90,LOW,rs-deep-cleaning+rs-move-in-out-cleaning+rs-office-cleaning+rs-standard-cleaning
cleaning standards,90,LOW,rs-home
commercial building maintenance company,90,LOW,cleanupcompany-janitorial
commercial business cleaning services,90,LOW,alliance-home+cleanupcompany-janitorial+rs-office-cleaning+somdcleaningcrew-home+somdcleaningcrew-stmarys+squeakycleany-princefrederick
commercial carpet cleaning companies near me,90,HIGH,alliance-home
commercial cleaning business near me,90,MEDIUM,alliance-home+rs-office-cleaning
commercial cleaning crew,90,MEDIUM,alliance-home+alliance-residential+bbmaintenance-officecleaning+beyondcleaningpros-home+cleaningmaideasy-home+cleanupcompany-janitorial+leas-movein-princefrederick+mastercleaning-home+somdcleaningcrew-home+somdcleaningcrew-stmarys+squeakycleany-princefrederick+streakers-california
commercial cleaning llc,90,LOW,mastercleaning-home
commercial cleaning logo,90,HIGH,mastercleaning-home
commercial industrial cleaning,90,LOW,cleanupcompany-janitorial
commercial janitorial service company,90,LOW,cleanupcompany-janitorial+mastercleaning-home
corporate office cleaning services,90,LOW,alliance-home+bbmaintenance-officecleaning+cleanupcompany-janitorial+leas-movein-princefrederick+mastercleaning-home+mastercleaning-services+streakers-california
dc apartment cleaning,90,HIGH,leas-home+themaids-laplata
deep clean move in service,90,HIGH,leas-movein-princefrederick+merrymaids-waldorf+rs-deep-cleaning+rs-home+rs-move-in-out-cleaning+rs-standard-cleaning+streakers-home+sweeney-home+sweeney-lexingtonpark
deep clean my house,90,MEDIUM,beyondcleaningpros-laplata+cleaningmaideasy-home+merrymaids-waldorf+rs-home+sweeney-home+sweeney-lexingtonpark
deep cleaning for apartment,90,HIGH,cleaningmaideasy-home+maids2mop-waldorf+nextday-waldorf
deep cleaning routine,90,LOW,rs-deep-cleaning
deep cleaning services baltimore,90,HIGH,leas-home
different types of cleaning services,90,LOW,mastercleaning-services
dust cleaning service,90,HIGH,squeakycleany-princefrederick
dusting cleaning services,90,HIGH,rs-home
dusting sweeping mopping,90,HIGH,rs-standard-cleaning
empty home cleaning,90,MEDIUM,rs-home+rs-move-in-out-cleaning
empty house cleaning services,90,MEDIUM,rs-home+streakers-home
exterior washing services,90,MEDIUM,cleanupcompany-janitorial
family owned cleaning services,90,MEDIUM,leas-movein-princefrederick
find cleaning services,90,HIGH,leas-home+maids2mop-waldorf+rs-home+themaids-laplata
find home cleaning services,90,HIGH,rs-home+themaids-laplata
fit cleaning,90,HIGH,rs-standard-cleaning
floor cleaning business,90,MEDIUM,cleanupcompany-janitorial
floor polishing services near me,90,HIGH,mastercleaning-services
floor scrubber service,90,MEDIUM,alliance-residential+cleanupcompany-janitorial
friendly cleaning services,90,LOW,bbmaintenance-officecleaning
full house deep cleaning service,90,HIGH,leas-home+streakers-california+streakers-home
haus cleaning,90,LOW,somdcleaningcrew-home+somdcleaningcrew-stmarys+sweeney-home+sweeney-lexingtonpark
high quality cleaning services,90,MEDIUM,bbmaintenance-officecleaning
hire a cleaner near me,90,HIGH,leas-home
hire cleaner near me,90,HIGH,leas-home
hire someone to clean my house,90,HIGH,leas-home
home and clean,90,LOW,rs-deep-cleaning+rs-home+rs-move-in-out-cleaning+sweeney-lexingtonpark
home care cleaning services,90,MEDIUM,merrymaids-waldorf+squeakycleany-princefrederick+streakers-home
home cleaning deals,90,HIGH,mastercleaning-services+merrymaids-waldorf+rs-home+somdcleaningcrew-home
home deep cleaning near me,90,HIGH,merrymaids-waldorf+rs-deep-cleaning
home oven cleaning,90,MEDIUM,rs-move-in-out-cleaning
home sweeping,90,MEDIUM,rs-deep-cleaning+rs-move-in-out-cleaning+rs-standard-cleaning
house cleaners near me now,90,HIGH,leas-home+themaids-laplata
house cleaning day,90,MEDIUM,sweeney-home
house cleaning deals,90,HIGH,alliance-residential+beyondcleaningpros-home+beyondcleaningpros-laplata+cleaningmaideasy-home+leas-home+leas-movein-princefrederick+maids2mop-waldorf+merrymaids-waldorf+nextday-waldorf+somdcleaningcrew-home+somdcleaningcrew-stmarys+squeakycleany-princefrederick+streakers-california+streakers-home+sweeney-lexingtonpark+themaids-laplata
house cleaning near,90,HIGH,maids2mop-waldorf+nextday-waldorf
house cleaning reviews,90,MEDIUM,nextday-waldorf+streakers-california+streakers-home+sweeney-home+sweeney-lexingtonpark
house cleaning services hyattsville md,90,HIGH,maids2mop-waldorf
house cleaning services upper marlboro md,90,HIGH,alliance-home+alliance-residential+beyondcleaningpros-home+beyondcleaningpros-laplata+maids2mop-waldorf+themaids-laplata
house deep cleaning service cost,90,MEDIUM,maids2mop-waldorf+nextday-waldorf
house restoration services,90,HIGH,alliance-residential+beyondcleaningpros-home+beyondcleaningpros-laplata+cleaningmaideasy-home+maids2mop-waldorf+nextday-waldorf+somdcleaningcrew-home+somdcleaningcrew-stmarys+sweeney-home+sweeney-lexingtonpark
house sanitizing,90,HIGH,somdcleaningcrew-home+somdcleaningcrew-stmarys+streakers-california+sweeney-home+sweeney-lexingtonpark
i need help cleaning my house,90,HIGH,cleaningmaideasy-home+merrymaids-waldorf+rs-home
in home cleaning,90,LOW,alliance-residential+bbmaintenance-officecleaning+beyondcleaningpros-laplata+cleaningmaideasy-home+leas-movein-princefrederick+maids2mop-waldorf+mastercleaning-home+merrymaids-waldorf+rs-deep-cleaning+rs-home+rs-move-in-out-cleaning+rs-standard-cleaning+somdcleaningcrew-home+somdcleaningcrew-stmarys+streakers-california+sweeney-home+sweeney-lexingtonpark
in home cleaning services near me,90,HIGH,alliance-home+beyondcleaningpros-laplata+streakers-home+themaids-laplata
in house maid,90,LOW,somdcleaningcrew-home+somdcleaningcrew-stmarys
interior cleaning service,90,LOW,rs-home
interior cleaning services,90,LOW,cleanupcompany-janitorial
interior deep cleaning,90,LOW,rs-home+rs-move-in-out-cleaning
interior home cleaning,90,MEDIUM,rs-home+rs-move-in-out-cleaning
janitorial and maintenance services,90,LOW,cleanupcompany-janitorial+mastercleaning-services
janitorial maintenance services,90,LOW,mastercleaning-services
last minute cleaning service near me,90,HIGH,leas-home+themaids-laplata
licensed and bonded house cleaning near me,90,HIGH,leas-home
like cleaning,90,LOW,sweeney-home
llc cleaning company,90,MEDIUM,alliance-home
local commercial cleaners,90,HIGH,streakers-california
looking for a cleaning service,90,HIGH,alliance-home
looking for cleaning service,90,HIGH,sweeney-home
looking for cleaning services,90,HIGH,alliance-residential+leas-home+merrymaids-waldorf+squeakycleany-princefrederick+themaids-laplata
looking for house cleaning jobs,90,MEDIUM,squeakycleany-princefrederick
mary maid cleaning service,90,HIGH,somdcleaningcrew-home+streakers-california+streakers-home+themaids-laplata
mary's house cleaning,90,LOW,somdcleaningcrew-home+sweeney-lexingtonpark
maryland cleaning services,90,MEDIUM,rs-home
master cleaning llc,90,LOW,mastercleaning-home
medical cleaning companies,90,LOW,streakers-california
mop cleaning services,90,LOW,maids2mop-waldorf
move in house cleaning services near me,90,HIGH,beyondcleaningpros-laplata+leas-home+leas-movein-princefrederick+merrymaids-waldorf+nextday-waldorf+streakers-california+streakers-home+sweeney-lexingtonpark+themaids-laplata
move out cleaning companies near me,90,MEDIUM,rs-move-in-out-cleaning+sweeney-lexingtonpark
move out cleaning company near me,90,MEDIUM,rs-office-cleaning
move out cleaning jobs,90,MEDIUM,nextday-waldorf
move out cleaning quote,90,HIGH,beyondcleaningpros-laplata+leas-home+leas-movein-princefrederick+merrymaids-waldorf+rs-deep-cleaning+rs-home+rs-move-in-out-cleaning+rs-office-cleaning+rs-standard-cleaning+streakers-california+streakers-home+sweeney-home+sweeney-lexingtonpark+themaids-laplata
need a clean,90,MEDIUM,rs-move-in-out-cleaning
need a cleaner,90,MEDIUM,leas-home+merrymaids-waldorf+themaids-laplata
next cleaning,90,LOW,rs-move-in-out-cleaning
non toxic cleaning service near me,90,HIGH,mastercleaning-home
office care,90,LOW,rs-office-cleaning
office carpet cleaning near me,90,LOW,bbmaintenance-officecleaning
office cleaning agency,90,LOW,alliance-home+alliance-residential+bbmaintenance-officecleaning+beyondcleaningpros-home+cleaningmaideasy-home+cleanupcompany-janitorial+leas-movein-princefrederick+mastercleaning-home+mastercleaning-services+somdcleaningcrew-home+somdcleaningcrew-stmarys+squeakycleany-princefrederick+streakers-california
office cleaning crew,90,MEDIUM,alliance-home+alliance-residential+bbmaintenance-officecleaning+beyondcleaningpros-home+cleaningmaideasy-home+cleanupcompany-janitorial+leas-movein-princefrederick+mastercleaning-home+mastercleaning-services+somdcleaningcrew-home+somdcleaningcrew-stmarys+squeakycleany-princefrederick+streakers-california
office cleaning services orlando,90,MEDIUM,beyondcleaningpros-home
office cleaning solutions,90,LOW,alliance-home+alliance-residential+bbmaintenance-officecleaning+cleanupcompany-janitorial+mastercleaning-services+somdcleaningcrew-stmarys+sweeney-home
offices that need cleaning,90,MEDIUM,cleanupcompany-janitorial
offices that need cleaning services,90,MEDIUM,cleanupcompany-janitorial+somdcleaningcrew-home+somdcleaningcrew-stmarys
one time apartment cleaning,90,HIGH,leas-home+nextday-waldorf+themaids-laplata
oven clean at home,90,MEDIUM,rs-move-in-out-cleaning
owning a cleaning business,90,MEDIUM,streakers-home
pcs cleaning services,90,LOW,sweeney-lexingtonpark
power cleaning services,90,MEDIUM,beyondcleaningpros-home+rs-home
power washing services in my area,90,HIGH,beyondcleaningpros-laplata
pricing for cleaning business,90,MEDIUM,rs-home
professional carpet cleaners in my area,90,HIGH,alliance-home
professional cleaning services for homes,90,MEDIUM,alliance-home+alliance-residential+bbmaintenance-officecleaning+beyondcleaningpros-home+beyondcleaningpros-laplata+cleaningmaideasy-home+cleanupcompany-janitorial+leas-movein-princefrederick+maids2mop-waldorf+mastercleaning-services+nextday-waldorf+rs-home+somdcleaningcrew-home+somdcleaningcrew-stmarys+squeakycleany-princefrederick+sweeney-home+sweeney-lexingtonpark
professional house cleaning companies,90,LOW,somdcleaningcrew-stmarys
professional tile cleaning services,90,MEDIUM,alliance-home
quick cleaning services,90,HIGH,merrymaids-waldorf+rs-home+streakers-california+streakers-home
rental property cleaning services,90,HIGH,rs-move-in-out-cleaning
reset cleaning service,90,LOW,rs-deep-cleaning+rs-home
residential maid service near me,90,HIGH,merrymaids-waldorf+somdcleaningcrew-home+streakers-california+themaids-laplata
residential post construction cleaning services,90,MEDIUM,beyondcleaningpros-home
same day apartment cleaning,90,HIGH,alliance-residential+leas-home+nextday-waldorf+themaids-laplata
sanitize company,90,MEDIUM,cleanupcompany-janitorial
sanitizing company,90,MEDIUM,alliance-home+leas-movein-princefrederick+streakers-california
scum cleaner,90,HIGH,rs-deep-cleaning
scum removal,90,HIGH,rs-deep-cleaning
shampooing service,90,MEDIUM,mastercleaning-home
shampooing services,90,MEDIUM,rs-deep-cleaning+rs-home+rs-move-in-out-cleaning+rs-office-cleaning+rs-standard-cleaning
small office cleaning,90,LOW,rs-office-cleaning
someone to clean my house,90,HIGH,cleaningmaideasy-home+leas-home+merrymaids-waldorf+sweeney-home+themaids-laplata
sparkling homes cleaning service,90,MEDIUM,streakers-home
st charles cleaning service,90,HIGH,rs-office-cleaning+somdcleaningcrew-home
starting a cleaning service,90,MEDIUM,rs-deep-cleaning
sweeping the kitchen,90,LOW,rs-standard-cleaning
the cleaning authority frederick md,90,MEDIUM,squeakycleany-princefrederick
the maids home services,90,HIGH,merrymaids-waldorf+themaids-laplata
the maids house cleaning service,90,MEDIUM,maids2mop-waldorf+somdcleaningcrew-home
ut cleaning,90,HIGH,rs-move-in-out-cleaning
vct floor cleaning services near me,90,MEDIUM,alliance-home
white cleaning service,90,LOW,mastercleaning-home
white cleaning services,90,LOW,mastercleaning-services
whole house carpet cleaning,90,HIGH,nextday-waldorf
window cleaning contracts,90,MEDIUM,mastercleaning-services
your clean,90,LOW,rs-deep-cleaning+rs-home+rs-standard-cleaning
your cleaning,90,LOW,bbmaintenance-officecleaning+mastercleaning-home+mastercleaning-services+rs-deep-cleaning+rs-home+rs-move-in-out-cleaning+rs-office-cleaning+rs-standard-cleaning+somdcleaningcrew-stmarys+sweeney-home+sweeney-lexingtonpark
your cleaning service,90,MEDIUM,mastercleaning-home+mastercleaning-services+rs-deep-cleaning+rs-home+rs-office-cleaning+somdcleaningcrew-home+somdcleaningcrew-stmarys+squeakycleany-princefrederick+sweeney-home+sweeney-lexingtonpark
your cleaning services,90,MEDIUM,rs-move-in-out-cleaning+rs-standard-cleaning
4 bedroom house cleaning price,70,MEDIUM,maids2mop-waldorf
a cleaning company,70,MEDIUM,alliance-home+alliance-residential+bbmaintenance-officecleaning+beyondcleaningpros-home+cleaningmaideasy-home+cleanupcompany-janitorial+leas-movein-princefrederick+nextday-waldorf+rs-home+squeakycleany-princefrederick
a cleaning service inc,70,LOW,mastercleaning-home+mastercleaning-services
a one cleaning services,70,LOW,cleanupcompany-janitorial+mastercleaning-services
a thorough clean,70,LOW,rs-deep-cleaning
a thorough cleaning,70,LOW,rs-move-in-out-cleaning
add cleaning,70,LOW,rs-deep-cleaning+rs-home+rs-move-in-out-cleaning+rs-office-cleaning+rs-standard-cleaning
additional cleaning,70,LOW,rs-deep-cleaning+rs-move-in-out-cleaning+rs-office-cleaning+rs-standard-cleaning
affordable cleaning company,70,MEDIUM,leas-movein-princefrederick
after hours office cleaning,70,LOW,rs-office-cleaning
agency cleaning services,70,MEDIUM,bbmaintenance-officecleaning+mastercleaning-home+mastercleaning-services+rs-office-cleaning+somdcleaningcrew-home+somdcleaningcrew-stmarys
any cleaning,70,LOW,sweeney-home
apartment carpet cleaning services,70,MEDIUM,alliance-residential+nextday-waldorf
apartment cleaning charges,70,LOW,rs-home
apartment deep cleaning services near me,70,HIGH,leas-home+maids2mop-waldorf+nextday-waldorf+themaids-laplata
appliance deep cleaning services,70,HIGH,rs-deep-cleaning
as cleaning service,70,MEDIUM,rs-deep-cleaning+rs-office-cleaning+rs-standard-cleaning
as cleaning services,70,MEDIUM,alliance-residential+bbmaintenance-officecleaning+cleanupcompany-janitorial+leas-movein-princefrederick+mastercleaning-home+mastercleaning-services+rs-home+rs-move-in-out-cleaning+somdcleaningcrew-home+somdcleaningcrew-stmarys+sweeney-lexingtonpark
at home cleaning service,70,HIGH,mastercleaning-home
at home cleaning services,70,HIGH,alliance-home+alliance-residential+bbmaintenance-officecleaning+beyondcleaningpros-home+beyondcleaningpros-laplata+cleaningmaideasy-home+leas-home+leas-movein-princefrederick+maids2mop-waldorf+mastercleaning-services+merrymaids-waldorf+nextday-waldorf+rs-home+somdcleaningcrew-home+somdcleaningcrew-stmarys+squeakycleany-princefrederick+streakers-california+streakers-home+sweeney-lexingtonpark+themaids-laplata
b&b carpet cleaning,70,LOW,bbmaintenance-officecleaning
bay area house cleaning,70,HIGH,cleaningmaideasy-home
bay area house cleaning services,70,HIGH,cleaningmaideasy-home
bb cleaning services,70,MEDIUM,bbmaintenance-officecleaning
be cleaning services,70,LOW,alliance-residential+bbmaintenance-officecleaning+beyondcleaningpros-home+cleanupcompany-janitorial+leas-movein-princefrederick+mastercleaning-home+mastercleaning-services+rs-home+somdcleaningcrew-home+somdcleaningcrew-stmarys+sweeney-lexingtonpark
before and after cleaning services,70,LOW,rs-home
best carpet care,70,LOW,rs-deep-cleaning+rs-office-cleaning
best deep house cleaning services near me,70,HIGH,leas-home+streakers-home+themaids-laplata
best exterior cleaning,70,MEDIUM,rs-deep-cleaning
best home cleaning,70,HIGH,rs-deep-cleaning
best house cleaners in my area,70,HIGH,leas-home+streakers-home+themaids-laplata
best rated cleaning services near me,70,HIGH,streakers-home
best way to clean your home,70,HIGH,rs-deep-cleaning
book house cleaning,70,HIGH,maids2mop-waldorf
building cleaning solutions,70,LOW,bbmaintenance-officecleaning+cleanupcompany-janitorial
building maintenance services inc,70,LOW,mastercleaning-services
carpet cleaning md,70,MEDIUM,bbmaintenance-officecleaning
carpet cleanse,70,HIGH,bbmaintenance-officecleaning
carpet restoration services,70,MEDIUM,nextday-waldorf+squeakycleany-princefrederick
clean clean cleaning,70,LOW,rs-home
clean first,70,LOW,rs-deep-cleaning+rs-standard-cleaning
clean house cleaning products,70,HIGH,alliance-residential
clean room cleaning,70,MEDIUM,sweeney-home
clean spot cleaner,70,LOW,rs-deep-cleaning+rs-move-in-out-cleaning
clean up booking,70,LOW,rs-home
cleaner near me now,70,HIGH,leas-home+themaids-laplata
cleaners near me house,70,HIGH,beyondcleaningpros-laplata
cleaning 5,70,LOW,rs-home
cleaning agency work,70,LOW,rs-home
cleaning building services,70,MEDIUM,cleanupcompany-janitorial+mastercleaning-services
cleaning cleaners,70,HIGH,bbmaintenance-officecleaning+mastercleaning-home+mastercleaning-services+rs-home+somdcleaningcrew-home
cleaning company deep clean,70,HIGH,rs-deep-cleaning+rs-home
cleaning company florida,70,MEDIUM,beyondcleaningpros-home
cleaning company in maryland,70,HIGH,beyondcleaningpros-home+mastercleaning-home
cleaning company maryland,70,HIGH,bbmaintenance-officecleaning+leas-movein-princefrederick+mastercleaning-home+sweeney-home
cleaning company reviews,70,LOW,leas-movein-princefrederick+streakers-california
cleaning contractors near me,70,HIGH,alliance-home
cleaning crew services,70,MEDIUM,alliance-home+cleaningmaideasy-home+cleanupcompany-janitorial+leas-movein-princefrederick+mastercleaning-home+mastercleaning-services+rs-home+somdcleaningcrew-home+somdcleaningcrew-stmarys+squeakycleany-princefrederick+streakers-california+streakers-home
cleaning deep,70,LOW,bbmaintenance-officecleaning+rs-deep-cleaning+rs-home+rs-move-in-out-cleaning+rs-office-cleaning+rs-standard-cleaning+sweeney-home+sweeney-lexingtonpark
cleaning example,70,LOW,mastercleaning-home
cleaning first,70,LOW,rs-home
cleaning good,70,LOW,rs-move-in-out-cleaning
cleaning goods,70,LOW,rs-home
cleaning homes near me,70,HIGH,beyondcleaningpros-laplata+streakers-home
cleaning independent contractor,70,HIGH,mastercleaning-home+mastercleaning-services
cleaning lady orlando,70,MEDIUM,beyondcleaningpros-home
cleaning lady services near me,70,HIGH,themaids-laplata
cleaning moving services,70,HIGH,rs-move-in-out-cleaning
cleaning new,70,LOW,rs-deep-cleaning+rs-move-in-out-cleaning
cleaning professional services,70,MEDIUM,alliance-home+alliance-residential+bbmaintenance-officecleaning+beyondcleaningpros-home+beyondcleaningpros-laplata+cleaningmaideasy-home+cleanupcompany-janitorial+leas-movein-princefrederick+maids2mop-waldorf+mastercleaning-home+mastercleaning-services+merrymaids-waldorf+nextday-waldorf+rs-home+rs-office-cleaning+somdcleaningcrew-home+somdcleaningcrew-stmarys+squeakycleany-princefrederick+streakers-california+streakers-home
cleaning reset,70,LOW,rs-deep-cleaning
cleaning service near me prices,70,HIGH,alliance-home+leas-home+nextday-waldorf
cleaning service schedule,70,MEDIUM,rs-home
cleaning service supplies,70,HIGH,rs-home+streakers-california
cleaning so,70,HIGH,rs-deep-cleaning+rs-home+rs-move-in-out-cleaning+rs-standard-cleaning+sweeney-home
cleaning supplies for deep cleaning,70,HIGH,bbmaintenance-officecleaning+rs-home
cleaning thoroughly,70,LOW,rs-home
cleaning top,70,LOW,rs-deep-cleaning+rs-home
cleaning us,70,LOW,mastercleaning-home+mastercleaning-services+rs-home+rs-office-cleaning+somdcleaningcrew-home+somdcleaningcrew-stmarys+sweeney-home
cleaning vendors,70,MEDIUM,alliance-home+alliance-residential+bbmaintenance-officecleaning+beyondcleaningpros-home+beyondcleaningpros-laplata+cleaningmaideasy-home+cleanupcompany-janitorial+leas-home+leas-movein-princefrederick+maids2mop-waldorf+mastercleaning-home+mastercleaning-services+nextday-waldorf+rs-home+somdcleaningcrew-home+somdcleaningcrew-stmarys+squeakycleany-princefrederick+streakers-california+streakers-home+sweeney-lexingtonpark
cleaning weekly,70,LOW,cleanupcompany-janitorial+rs-standard-cleaning+somdcleaningcrew-home
cleaning your space,70,LOW,rs-home+rs-standard-cleaning+sweeney-home
commercial carpet cleaning services near me,70,MEDIUM,alliance-home
commercial clean out,70,MEDIUM,rs-deep-cleaning
commercial cleaning california,70,LOW,somdcleaningcrew-stmarys
commercial cleaning companies in california,70,LOW,somdcleaningcrew-stmarys
commercial cleaning professionals,70,LOW,alliance-residential+bbmaintenance-officecleaning+cleanupcompany-janitorial+mastercleaning-home+mastercleaning-services+rs-home+rs-office-cleaning+somdcleaningcrew-home
commercial cleaning pros,70,LOW,beyondcleaningpros-home
commercial cleaning services california,70,LOW,somdcleaningcrew-home+somdcleaningcrew-stmarys+streakers-california
commercial cleaning services for schools,70,LOW,mastercleaning-home+mastercleaning-services
commercial cleaning services inc,70,LOW,mastercleaning-home
commercial cleaning specialists,70,LOW,mastercleaning-home
commercial cleanout,70,MEDIUM,mastercleaning-home
commercial floor cleaning companies near me,70,HIGH,alliance-home
commercial industrial cleaning services,70,LOW,cleanupcompany-janitorial
commercial janitorial cleaning services near me,70,LOW,cleanupcompany-janitorial+mastercleaning-home+mastercleaning-services
corporate cleaning services near me,70,MEDIUM,alliance-home+mastercleaning-home+streakers-california
deep clean cleaning company,70,HIGH,rs-home
deep clean your house,70,HIGH,maids2mop-waldorf+merrymaids-waldorf+rs-home+sweeney-home+sweeney-lexingtonpark
deep cleaning agency,70,HIGH,rs-home+sweeney-lexingtonpark
deep cleaning and sanitizing services,70,LOW,rs-deep-cleaning+rs-home+rs-move-in-out-cleaning
deep cleaning baseboards,70,HIGH,rs-deep-cleaning+rs-home+rs-move-in-out-cleaning
deep cleaning contractors,70,HIGH,rs-home
deep cleaning crew,70,HIGH,bbmaintenance-officecleaning+beyondcleaningpros-home+cleaningmaideasy-home+leas-movein-princefrederick+maids2mop-waldorf+merrymaids-waldorf+nextday-waldorf+rs-home+streakers-california+streakers-home+sweeney-home+sweeney-lexingtonpark
deep cleaning floor cleaner,70,HIGH,rs-deep-cleaning+rs-home
deep cleaning maid,70,HIGH,beyondcleaningpros-home+beyondcleaningpros-laplata+cleaningmaideasy-home+leas-movein-princefrederick+maids2mop-waldorf+merrymaids-waldorf+nextday-waldorf+rs-home+somdcleaningcrew-home+somdcleaningcrew-stmarys+streakers-california+sweeney-lexingtonpark
deep cleaning services fort worth,70,HIGH,leas-home+themaids-laplata
deep cleaning services in my area,70,MEDIUM,bbmaintenance-officecleaning+beyondcleaningpros-home+beyondcleaningpros-laplata+cleaningmaideasy-home+cleanupcompany-janitorial+leas-movein-princefrederick+maids2mop-waldorf+mastercleaning-home+merrymaids-waldorf+rs-deep-cleaning+rs-home+rs-move-in-out-cleaning+rs-office-cleaning+rs-standard-cleaning+streakers-california+sweeney-home+sweeney-lexingtonpark
deep cleaning services tucson,70,HIGH,leas-home
desk cleaning supplies,70,MEDIUM,rs-office-cleaning
disinfecting glass cleaner,70,HIGH,rs-standard-cleaning
dmv cleaning services,70,MEDIUM,maids2mop-waldorf
easy cleaning services,70,LOW,cleaningmaideasy-home+rs-home
ez cleaning services,70,MEDIUM,cleaningmaideasy-home
facilities management cleaning,70,LOW,bbmaintenance-officecleaning+cleanupcompany-janitorial
facility janitorial services,70,LOW,bbmaintenance-officecleaning+cleanupcompany-janitorial+mastercleaning-services
family house cleaning,70,MEDIUM,sweeney-home
filthy house cleaning service near me,70,HIGH,themaids-laplata
for all cleaner,70,HIGH,mastercleaning-services+rs-deep-cleaning+rs-standard-cleaning+squeakycleany-princefrederick
for cleaning glass,70,MEDIUM,rs-standard-cleaning
full service cleaning company,70,LOW,streakers-california+streakers-home
get it clean,70,LOW,rs-home+sweeney-home
hoa maintenance services,70,LOW,cleanupcompany-janitorial
home cleaning routine,70,HIGH,rs-deep-cleaning+rs-move-in-out-cleaning
home deep cleaning service near me,70,MEDIUM,beyondcleaningpros-home+beyondcleaningpros-laplata+leas-home+nextday-waldorf+rs-deep-cleaning+rs-home+rs-standard-cleaning+streakers-california+streakers-home+sweeney-lexingtonpark
home maid cleaning,70,LOW,beyondcleaningpros-laplata+cleaningmaideasy-home+maids2mop-waldorf+merrymaids-waldorf+nextday-waldorf+somdcleaningcrew-home+somdcleaningcrew-stmarys+squeakycleany-princefrederick+streakers-california+themaids-laplata
home office cleaning,70,LOW,mastercleaning-home
home sanitization services,70,LOW,rs-home
homemaid cleaning,70,LOW,sweeney-lexingtonpark
house clean up services,70,HIGH,alliance-residential+beyondcleaningpros-home+beyondcleaningpros-laplata+cleaningmaideasy-home+leas-home+leas-movein-princefrederick+maids2mop-waldorf+merrymaids-waldorf+nextday-waldorf+rs-home+squeakycleany-princefrederick+sweeney-home+sweeney-lexingtonpark+themaids-laplata
house cleaners fort worth,70,HIGH,leas-home+themaids-laplata
house cleaning after renovation,70,HIGH,squeakycleany-princefrederick
house cleaning equipment,70,HIGH,maids2mop-waldorf
house cleaning move out price,70,MEDIUM,leas-movein-princefrederick+maids2mop-waldorf+rs-home+sweeney-home
house cleaning services baltimore md,70,MEDIUM,maids2mop-waldorf
house cleaning services green bay,70,MEDIUM,leas-home
house cleaning services in usa,70,MEDIUM,leas-home+streakers-california+streakers-home
house cleaning services near,70,HIGH,alliance-residential+maids2mop-waldorf+nextday-waldorf+somdcleaningcrew-home+somdcleaningcrew-stmarys
house cleaning services nearby,70,HIGH,beyondcleaningpros-laplata+rs-home+squeakycleany-princefrederick+sweeney-home+sweeney-lexingtonpark
house cleaning services washington dc,70,LOW,alliance-home+alliance-residential+leas-movein-princefrederick+maids2mop-waldorf+merrymaids-waldorf
house cleaning sites,70,HIGH,leas-home+streakers-home+themaids-laplata
house cleaning websites,70,MEDIUM,alliance-residential+beyondcleaningpros-home+beyondcleaningpros-laplata+cleaningmaideasy-home+leas-home+leas-movein-princefrederick+maids2mop-waldorf+merrymaids-waldorf+nextday-waldorf+somdcleaningcrew-home+somdcleaningcrew-stmarys+squeakycleany-princefrederick+streakers-california+streakers-home+sweeney-lexingtonpark+themaids-laplata
house maid cleaning services,70,HIGH,merrymaids-waldorf+nextday-waldorf+streakers-california+themaids-laplata
house move out cleaning,70,HIGH,nextday-waldorf
household cleaning company,70,HIGH,alliance-home+alliance-residential+bbmaintenance-officecleaning+beyondcleaningpros-home+cleaningmaideasy-home+leas-movein-princefrederick+rs-home+somdcleaningcrew-home+somdcleaningcrew-stmarys+squeakycleany-princefrederick+sweeney-home+sweeney-lexingtonpark
housekeeping cleaning company,70,HIGH,leas-movein-princefrederick+rs-home+sweeney-lexingtonpark
housekeeping websites,70,HIGH,themaids-laplata
i need a cleaner for my house,70,MEDIUM,leas-home+merrymaids-waldorf+rs-home+themaids-laplata
i need a cleaner to clean my house,70,MEDIUM,leas-home+merrymaids-waldorf+rs-home+themaids-laplata
i need my house cleaned,70,MEDIUM,beyondcleaningpros-laplata+cleaningmaideasy-home+sweeney-home
industrial building cleaning services,70,LOW,cleanupcompany-janitorial
industrial commercial cleaning services,70,LOW,cleanupcompany-janitorial
janitorial cleaning contracts,70,MEDIUM,alliance-residential+beyondcleaningpros-home+cleaningmaideasy-home+cleanupcompany-janitorial+mastercleaning-services
janitorial facility services,70,LOW,bbmaintenance-officecleaning+mastercleaning-services
keep your house clean,70,LOW,sweeney-home+sweeney-lexingtonpark
kitchen maintenance,70,LOW,rs-deep-cleaning+rs-move-in-out-cleaning+rs-standard-cleaning
la house cleaning services,70,HIGH,beyondcleaningpros-laplata
llc cleaning services,70,MEDIUM,alliance-home+cleanupcompany-janitorial
local cleaning jobs,70,MEDIUM,nextday-waldorf+squeakycleany-princefrederick
looking for cleaning lady,70,HIGH,leas-home+merrymaids-waldorf+squeakycleany-princefrederick+themaids-laplata
m & d cleaning service,70,LOW,mastercleaning-home+somdcleaningcrew-home+somdcleaningcrew-stmarys+sweeney-lexingtonpark
maid for cleaning near me,70,HIGH,beyondcleaningpros-laplata
maid to maid cleaning services,70,HIGH,cleaningmaideasy-home+maids2mop-waldorf+somdcleaningcrew-home+somdcleaningcrew-stmarys
maids are us,70,MEDIUM,merrymaids-waldorf+streakers-home
maintenance and cleaning,70,LOW,rs-deep-cleaning+rs-home
mary house cleaning service,70,MEDIUM,somdcleaningcrew-home+sweeney-lexingtonpark
maryland cleaning company,70,HIGH,mastercleaning-home+rs-home
maryland janitorial services,70,LOW,bbmaintenance-officecleaning+beyondcleaningpros-home+cleanupcompany-janitorial+mastercleaning-home+mastercleaning-services
md carpet cleaning,70,MEDIUM,alliance-home+alliance-residential+bbmaintenance-officecleaning+nextday-waldorf+squeakycleany-princefrederick
medical cleaning services near me,70,LOW,streakers-california
merry maids move out cleaning cost,70,MEDIUM,themaids-laplata
move in cleaning company,70,MEDIUM,rs-home+sweeney-lexingtonpark
move out house cleaning cost,70,MEDIUM,beyondcleaningpros-laplata+maids2mop-waldorf
moving cleaning company,70,HIGH,leas-movein-princefrederick
office cleaning equipment,70,HIGH,bbmaintenance-officecleaning
office deep cleaning services near me,70,LOW,bbmaintenance-officecleaning+rs-deep-cleaning+streakers-california+streakers-home
office floor cleaning,70,HIGH,bbmaintenance-officecleaning+mastercleaning-services
office spring cleaning,70,MEDIUM,bbmaintenance-officecleaning
one time maid service cost,70,HIGH,themaids-laplata
online cleaning supplies,70,HIGH,rs-home
people looking for house cleaners,70,MEDIUM,merrymaids-waldorf+themaids-laplata
professional bathroom cleaning service,70,LOW,rs-home
professional cleaning jobs,70,LOW,somdcleaningcrew-home+squeakycleany-princefrederick
professional cleaning service for moving in,70,MEDIUM,alliance-home+beyondcleaningpros-laplata+leas-home+leas-movein-princefrederick+sweeney-home
professional cleaning supplies near me,70,HIGH,rs-home
professional construction cleaning services,70,MEDIUM,beyondcleaningpros-home+mastercleaning-services
professional floor waxing,70,HIGH,mastercleaning-services
professional maid cleaning services,70,MEDIUM,alliance-residential+beyondcleaningpros-home+beyondcleaningpros-laplata+cleaningmaideasy-home+maids2mop-waldorf+merrymaids-waldorf+nextday-waldorf+somdcleaningcrew-home+somdcleaningcrew-stmarys+squeakycleany-princefrederick
professional wall cleaning services,70,MEDIUM,squeakycleany-princefrederick
rental home cleaning,70,HIGH,rs-move-in-out-cleaning
rental home cleaning services,70,HIGH,cleaningmaideasy-home+merrymaids-waldorf+sweeney-lexingtonpark
rental house cleaning services,70,HIGH,beyondcleaningpros-home+cleaningmaideasy-home+merrymaids-waldorf+sweeney-lexingtonpark
rental turnover services,70,LOW,sweeney-lexingtonpark
reputable cleaning services near me,70,HIGH,leas-home+streakers-home+themaids-laplata
residential cleaning contracts,70,HIGH,alliance-residential+beyondcleaningpros-home+cleaningmaideasy-home+nextday-waldorf+somdcleaningcrew-stmarys+streakers-california
residential home cleaning services near me,70,HIGH,bbmaintenance-officecleaning+streakers-california
room cleaners,70,MEDIUM,merrymaids-waldorf
room cleaners near me,70,HIGH,leas-home+streakers-home
room cleaning service near me,70,HIGH,leas-home+nextday-waldorf
same day deep cleaning service,70,HIGH,beyondcleaningpros-home+beyondcleaningpros-laplata+leas-home+leas-movein-princefrederick+nextday-waldorf+sweeney-home+themaids-laplata
same day maid,70,HIGH,leas-home+themaids-laplata
sanitizing carpets,70,HIGH,rs-standard-cleaning
sanitizing company near me,70,HIGH,alliance-home
schedule cleaning service,70,MEDIUM,alliance-home+alliance-residential+leas-home+leas-movein-princefrederick+merrymaids-waldorf+streakers-home
service master facilities maintenance,70,LOW,mastercleaning-services
small office cleaning services near me,70,MEDIUM,rs-office-cleaning
southern janitorial services,70,LOW,mastercleaning-home
start a home cleaning business,70,MEDIUM,rs-home
starting a home cleaning business,70,MEDIUM,leas-movein-princefrederick
that cleaning company,70,LOW,rs-home
the maid cleaning,70,HIGH,somdcleaningcrew-stmarys
the maids cleaning,70,HIGH,maids2mop-waldorf+merrymaids-waldorf+somdcleaningcrew-home
thorough cleaning service,70,LOW,rs-office-cleaning+rs-standard-cleaning
thorough cleaning services,70,LOW,alliance-home+beyondcleaningpros-home+beyondcleaningpros-laplata+cleanupcompany-janitorial+leas-home+leas-movein-princefrederick+merrymaids-waldorf+rs-deep-cleaning+rs-home+rs-move-in-out-cleaning+squeakycleany-princefrederick+streakers-california+streakers-home
tina cleaning,70,LOW,sweeney-home+sweeney-lexingtonpark
today cleaning,70,LOW,mastercleaning-home
top cleaning companies,70,HIGH,alliance-home+leas-home+streakers-home+themaids-laplata
top house cleaning services near me,70,HIGH,leas-home+streakers-home+themaids-laplata
transparent cleaning company,70,LOW,rs-home
upholstery cleaning washington dc,70,HIGH,alliance-residential
wanted house cleaner,70,MEDIUM,merrymaids-waldorf
weekend cleaning services,70,HIGH,leas-home+themaids-laplata
weekend maid service,70,HIGH,themaids-laplata
whole house cleaning cost,70,HIGH,maids2mop-waldorf+nextday-waldorf
whole house cleaning service near me,70,HIGH,merrymaids-waldorf+nextday-waldorf+streakers-california+streakers-home
window cleaning services in my area,70,HIGH,mastercleaning-services
24 hour cleaning service near me,50,HIGH,leas-home
a cleaning person,50,LOW,mastercleaning-home+rs-home
a good cleaning,50,HIGH,rs-home+rs-move-in-out-cleaning
all about cleaning services,50,MEDIUM,mastercleaning-services
all in clean,50,LOW,rs-deep-cleaning+rs-move-in-out-cleaning+rs-office-cleaning+rs-standard-cleaning
apartment cleaners move out,50,HIGH,leas-home+themaids-laplata
apartment move out cleaning services near me,50,HIGH,leas-home+maids2mop-waldorf+themaids-laplata
area cleaning,50,LOW,mastercleaning-home+mastercleaning-services+sweeney-lexingtonpark
bathroom chores,50,MEDIUM,rs-move-in-out-cleaning+rs-standard-cleaning
bathroom cleaning brand,50,HIGH,rs-home
bathroom cleaning company,50,HIGH,alliance-residential+rs-home
bathroom deep clean service near me,50,HIGH,rs-home
best commercial cleaning products,50,HIGH,alliance-home+rs-office-cleaning
best deep cleaning,50,HIGH,rs-deep-cleaning+rs-home+rs-office-cleaning
best house cleaning company,50,MEDIUM,leas-movein-princefrederick
best move in cleaning services,50,HIGH,streakers-home+themaids-laplata
best professional carpet cleaning companies,50,HIGH,alliance-home
bi clean,50,MEDIUM,rs-standard-cleaning
bi weekly maid service,50,LOW,somdcleaningcrew-home
bonded house cleaners near me,50,HIGH,merrymaids-waldorf+streakers-home
book a cleaner,50,MEDIUM,leas-home+streakers-home
book a cleaning,50,MEDIUM,maids2mop-waldorf+rs-home
budget cleaning,50,LOW,mastercleaning-services
business maintenance services,50,LOW,cleanupcompany-janitorial+mastercleaning-services+rs-home+somdcleaningcrew-home
carpet floor cleaning services,50,HIGH,bbmaintenance-officecleaning+mastercleaning-services
carpet master cleaning,50,MEDIUM,mastercleaning-services
carpet steam wash,50,HIGH,mastercleaning-services
cheap apartment cleaning services near me,50,HIGH,themaids-laplata
cheap move out cleaning services near me,50,HIGH,beyondcleaningpros-laplata+leas-home+leas-movein-princefrederick+mastercleaning-home+merrymaids-waldorf+rs-move-in-out-cleaning+streakers-california+streakers-home+themaids-laplata
clean home cleaning service,50,MEDIUM,rs-home
clean house cleaning services,50,MEDIUM,alliance-residential+beyondcleaningpros-home+beyondcleaningpros-laplata+cleaningmaideasy-home+leas-movein-princefrederick+maids2mop-waldorf+merrymaids-waldorf+nextday-waldorf+rs-home+squeakycleany-princefrederick+streakers-home+sweeney-home+sweeney-lexingtonpark
clean it best,50,LOW,rs-deep-cleaning
clean solutions services,50,LOW,sweeney-home+sweeney-lexingtonpark
cleaner and cleaner,50,MEDIUM,rs-deep-cleaning
cleaning and cleaning,50,MEDIUM,mastercleaning-home+rs-deep-cleaning+rs-home+rs-move-in-out-cleaning+rs-office-cleaning+somdcleaningcrew-stmarys
cleaning biz,50,LOW,mastercleaning-home+mastercleaning-services+somdcleaningcrew-home
cleaning company for airbnb,50,HIGH,beyondcleaningpros-home+leas-movein-princefrederick
cleaning company near me commercial,50,HIGH,alliance-home+mastercleaning-home+rs-office-cleaning+streakers-california
cleaning deals,50,MEDIUM,alliance-residential+beyondcleaningpros-home+cleanupcompany-janitorial+mastercleaning-services+rs-home+somdcleaningcrew-home+streakers-california
cleaning home remedies,50,MEDIUM,mastercleaning-home
cleaning lady logo free,50,LOW,mastercleaning-home
cleaning n,50,LOW,sweeney-home
cleaning out my house,50,MEDIUM,rs-home
cleaning perfect,50,HIGH,rs-office-cleaning+rs-deep-cleaning
cleaning products for,50,LOW,rs-office-cleaning
cleaning products for business,50,HIGH,alliance-home
cleaning professionals near me,50,MEDIUM,alliance-home+streakers-home
cleaning property,50,LOW,rs-move-in-out-cleaning
cleaning questions,50,LOW,rs-deep-cleaning+rs-move-in-out-cleaning+rs-office-cleaning+rs-standard-cleaning
cleaning restoration company,50,MEDIUM,cleanupcompany-janitorial
cleaning service near me now,50,HIGH,themaids-laplata
cleaning service professional,50,MEDIUM,rs-office-cleaning+somdcleaningcrew-home+squeakycleany-princefrederick
cleaning service provider,50,MEDIUM,cleanupcompany-janitorial+leas-movein-princefrederick
cleaning services for home near me,50,HIGH,alliance-home+leas-home+mastercleaning-home+merrymaids-waldorf+streakers-california+streakers-home+themaids-laplata
cleaning services inc,50,MEDIUM,mastercleaning-home+mastercleaning-services
cleaning services near me same day,50,MEDIUM,leas-home+leas-movein-princefrederick+nextday-waldorf+themaids-laplata
cleaning services north hollywood,50,HIGH,streakers-home
cleaning services professional,50,MEDIUM,alliance-home+bbmaintenance-officecleaning+beyondcleaningpros-home+mastercleaning-services+nextday-waldorf+rs-home+somdcleaningcrew-stmarys
cleaning specialists inc,50,LOW,mastercleaning-home
cleaning supplies for cleaning service,50,HIGH,maids2mop-waldorf+rs-home
cleaning work near me,50,MEDIUM,alliance-home
collective cleaning,50,LOW,rs-deep-cleaning+rs-home+rs-move-in-out-cleaning+rs-office-cleaning+rs-standard-cleaning
commercial clean out services,50,LOW,cleanupcompany-janitorial
commercial cleaning companies in my area,50,HIGH,alliance-home+beyondcleaningpros-home+cleaningmaideasy-home+cleanupcompany-janitorial+leas-movein-princefrederick+mastercleaning-home+rs-office-cleaning+streakers-california
commercial cleaning products near me,50,HIGH,alliance-home+rs-office-cleaning
commercial cleaning service provider,50,LOW,mastercleaning-home+rs-office-cleaning
commercial cleaning services description,50,LOW,cleanupcompany-janitorial+mastercleaning-home+rs-office-cleaning
commercial cleaning subcontractors,50,HIGH,cleanupcompany-janitorial
commercial cleaning washington dc,50,MEDIUM,alliance-home+alliance-residential+bbmaintenance-officecleaning+leas-movein-princefrederick
commercial cleaning websites,50,MEDIUM,alliance-residential+bbmaintenance-officecleaning+beyondcleaningpros-home+cleaningmaideasy-home+cleanupcompany-janitorial+leas-movein-princefrederick+streakers-california
commercial deep cleaning services near me,50,LOW,mastercleaning-home+rs-deep-cleaning+rs-office-cleaning+streakers-california+streakers-home
commercial floor stripping and waxing services,50,LOW,cleanupcompany-janitorial
commercial home cleaning,50,MEDIUM,rs-deep-cleaning+rs-standard-cleaning+somdcleaningcrew-stmarys
commercial house cleaning,50,MEDIUM,alliance-home+alliance-residential+beyondcleaningpros-home+beyondcleaningpros-laplata+cleaningmaideasy-home+maids2mop-waldorf+somdcleaningcrew-home+somdcleaningcrew-stmarys+squeakycleany-princefrederick+streakers-california+streakers-home+sweeney-home
commercial office cleaning companies near me,50,HIGH,alliance-home+mastercleaning-home+rs-office-cleaning+somdcleaningcrew-home+somdcleaningcrew-stmarys+streakers-california
commercial sweeping,50,MEDIUM,rs-office-cleaning
company that need cleaning services,50,HIGH,cleanupcompany-janitorial
complete house cleaning,50,HIGH,maids2mop-waldorf+merrymaids-waldorf
complete house cleaning services,50,HIGH,leas-movein-princefrederick+maids2mop-waldorf+merrymaids-waldorf+squeakycleany-princefrederick+streakers-california+streakers-home
construction cleaning crew,50,HIGH,beyondcleaningpros-home
county cleaning,50,LOW,rs-deep-cleaning+rs-move-in-out-cleaning+rs-office-cleaning+rs-standard-cleaning+somdcleaningcrew-home+somdcleaningcrew-stmarys+sweeney-lexingtonpark+rs-home
day cleaning service,50,MEDIUM,nextday-waldorf+sweeney-home
deep carpet cleaning services near me,50,HIGH,alliance-home
deep clean rental property,50,LOW,rs-move-in-out-cleaning
deep cleaner rental,50,MEDIUM,rs-move-in-out-cleaning
deep cleaners for house near me,50,HIGH,leas-home+merrymaids-waldorf+streakers-california+streakers-home+themaids-laplata
deep cleaning appliances,50,MEDIUM,rs-home
deep cleaning business,50,MEDIUM,leas-movein-princefrederick+rs-home+rs-office-cleaning+sweeney-home
deep cleaning house schedule,50,HIGH,rs-home
deep cleaning move out services,50,HIGH,beyondcleaningpros-home+beyondcleaningpros-laplata+leas-movein-princefrederick+merrymaids-waldorf+rs-deep-cleaning+rs-home+rs-move-in-out-cleaning+rs-office-cleaning+rs-standard-cleaning+sweeney-home+sweeney-lexingtonpark
deep cleaning services for seniors,50,HIGH,merrymaids-waldorf+rs-deep-cleaning+streakers-california
deep cleaning services virginia beach,50,HIGH,leas-home
detail house cleaning services,50,HIGH,rs-home
detailed house,50,LOW,sweeney-home
detailed house cleaning services,50,HIGH,alliance-residential+beyondcleaningpros-home+beyondcleaningpros-laplata+leas-movein-princefrederick+merrymaids-waldorf+somdcleaningcrew-home+somdcleaningcrew-stmarys+streakers-california+streakers-home+sweeney-lexingtonpark
discount cleaning services,50,MEDIUM,leas-movein-princefrederick
domestic cleaning companies near me,50,MEDIUM,leas-home+streakers-home+themaids-laplata
domestic cleaning service near me,50,MEDIUM,merrymaids-waldorf+streakers-california
done right cleaning services,50,MEDIUM,mastercleaning-services
eco friendly commercial cleaning products,50,HIGH,alliance-home+beyondcleaningpros-home
facebook cleaning services,50,MEDIUM,streakers-california
facility cleaning services near me,50,LOW,bbmaintenance-officecleaning+cleanupcompany-janitorial+mastercleaning-home+mastercleaning-services+streakers-california
fall clean up services near me,50,MEDIUM,bbmaintenance-officecleaning
find cleaning services near me,50,HIGH,leas-home+themaids-laplata
first time cleaning,50,LOW,rs-deep-cleaning+rs-home+rs-standard-cleaning
floor and carpet cleaning services,50,HIGH,bbmaintenance-officecleaning+mastercleaning-services+squeakycleany-princefrederick
floor carpet cleaning services,50,HIGH,bbmaintenance-officecleaning+mastercleaning-services+squeakycleany-princefrederick
floor polishing services,50,MEDIUM,mastercleaning-services
floor wipe cleaner,50,LOW,rs-deep-cleaning
for house cleaning,50,LOW,mastercleaning-home+somdcleaningcrew-home+somdcleaningcrew-stmarys+sweeney-home+sweeney-lexingtonpark
fresh maids,50,LOW,merrymaids-waldorf
full house cleaning service near me,50,HIGH,leas-home+nextday-waldorf+streakers-california+streakers-home
george cleaning,50,MEDIUM,rs-deep-cleaning+rs-move-in-out-cleaning+rs-office-cleaning+rs-standard-cleaning
great cleaning services,50,MEDIUM,rs-home
green commercial cleaning services,50,LOW,mastercleaning-home
green janitorial services,50,MEDIUM,mastercleaning-home
high cleaning services,50,HIGH,bbmaintenance-officecleaning+mastercleaning-services+rs-home
hollywood house cleaning,50,MEDIUM,somdcleaningcrew-home+somdcleaningcrew-stmarys
home and carpet cleaning services,50,HIGH,bbmaintenance-officecleaning+nextday-waldorf+squeakycleany-princefrederick
home clean home cleaning services,50,HIGH,rs-home
home clean up,50,LOW,rs-home+sweeney-home+sweeney-lexingtonpark
home cleaning crew,50,HIGH,bbmaintenance-officecleaning+cleaningmaideasy-home+leas-movein-princefrederick+mastercleaning-home+mastercleaning-services+rs-home+somdcleaningcrew-home+somdcleaningcrew-stmarys+squeakycleany-princefrederick+sweeney-home+sweeney-lexingtonpark
home cleaning remedies,50,MEDIUM,sweeney-home
home cleaning services in usa,50,LOW,leas-home+streakers-california+streakers-home
home in one,50,LOW,sweeney-home
home maid services near me,50,HIGH,beyondcleaningpros-laplata+merrymaids-waldorf+streakers-california
home washing service,50,HIGH,beyondcleaningpros-home+beyondcleaningpros-laplata+rs-home+squeakycleany-princefrederick
house and carpet cleaning,50,HIGH,nextday-waldorf
house clean out companies,50,HIGH,squeakycleany-princefrederick
house cleaners in,50,MEDIUM,maids2mop-waldorf
house cleaning agencies near me,50,HIGH,leas-home+streakers-home+themaids-laplata
house cleaning agency near me,50,HIGH,beyondcleaningpros-laplata+nextday-waldorf
house cleaning california,50,LOW,somdcleaningcrew-stmarys+streakers-california
house cleaning crew,50,HIGH,alliance-home+alliance-residential+beyondcleaningpros-home+beyondcleaningpros-laplata+cleaningmaideasy-home+leas-home+leas-movein-princefrederick+maids2mop-waldorf+merrymaids-waldorf+nextday-waldorf+rs-home+somdcleaningcrew-home+somdcleaningcrew-stmarys+squeakycleany-princefrederick+streakers-california+streakers-home+sweeney-home+sweeney-lexingtonpark+themaids-laplata
house cleaning in,50,MEDIUM,mastercleaning-home+somdcleaningcrew-home+somdcleaningcrew-stmarys+sweeney-home+sweeney-lexingtonpark+rs-home
house cleaning in california,50,LOW,somdcleaningcrew-home
house cleaning maid near me,50,HIGH,somdcleaningcrew-stmarys
house cleaning maids near me,50,HIGH,leas-home+merrymaids-waldorf+streakers-home+themaids-laplata
house cleaning maryland,50,MEDIUM,beyondcleaningpros-home+cleaningmaideasy-home+squeakycleany-princefrederick+sweeney-home
house cleaning nearby,50,HIGH,beyondcleaningpros-laplata+sweeney-lexingtonpark
house cleanout companies,50,HIGH,maids2mop-waldorf
house disinfection service,50,MEDIUM,squeakycleany-princefrederick
house disinfection services,50,MEDIUM,alliance-residential+beyondcleaningpros-home+cleaningmaideasy-home+leas-movein-princefrederick+maids2mop-waldorf+nextday-waldorf+somdcleaningcrew-home+somdcleaningcrew-stmarys+streakers-california+sweeney-lexingtonpark
house to clean near me,50,HIGH,streakers-home
housekeeping help,50,MEDIUM,themaids-laplata
housekeeping services in my area,50,HIGH,themaids-laplata
houses to clean near me,50,HIGH,themaids-laplata
i cleaning services,50,LOW,bbmaintenance-officecleaning+cleanupcompany-janitorial+mastercleaning-home+mastercleaning-services+rs-home+somdcleaningcrew-home+somdcleaningcrew-stmarys+sweeney-lexingtonpark
i need a cleaner,50,LOW,cleaningmaideasy-home+leas-home+merrymaids-waldorf+rs-home+themaids-laplata
i need a maid,50,MEDIUM,cleaningmaideasy-home+themaids-laplata
i need cleaning,50,LOW,rs-move-in-out-cleaning
i need someone to clean my house,50,MEDIUM,cleaningmaideasy-home+leas-home+merrymaids-waldorf+themaids-laplata
industrial cleaning contractors,50,LOW,cleanupcompany-janitorial
industrial janitorial services near me,50,HIGH,cleanupcompany-janitorial
insured and bonded cleaning service,50,HIGH,leas-movein-princefrederick
janitorial agency,50,HIGH,bbmaintenance-officecleaning+cleanupcompany-janitorial+mastercleaning-home+mastercleaning-services
janitorial building services,50,LOW,cleanupcompany-janitorial+mastercleaning-services
janitorial cleaning companies near me,50,LOW,cleanupcompany-janitorial+mastercleaning-home+mastercleaning-services
janitorial cleaning equipment,50,HIGH,bbmaintenance-officecleaning
janitorial cleaning service near me,50,LOW,rs-office-cleaning
janitorial websites,50,LOW,cleanupcompany-janitorial+mastercleaning-home+mastercleaning-services
junk cleaning services,50,MEDIUM,rs-home
kitchen and bathroom cleaning services,50,LOW,rs-home+squeakycleany-princefrederick
life cleaning,50,LOW,sweeney-home
list of cleaning services offered,50,LOW,leas-home+themaids-laplata
local cleaning,50,MEDIUM,leas-movein-princefrederick+mastercleaning-home+nextday-waldorf+rs-deep-cleaning+rs-home+rs-move-in-out-cleaning+rs-office-cleaning+rs-standard-cleaning+squeakycleany-princefrederick+sweeney-home+sweeney-lexingtonpark
local cleaning professionals,50,LOW,mastercleaning-home+rs-home+sweeney-lexingtonpark
local cleaning services for businesses,50,MEDIUM,alliance-residential+beyondcleaningpros-home+beyondcleaningpros-laplata+cleaningmaideasy-home+cleanupcompany-janitorial+leas-home+leas-movein-princefrederick+mastercleaning-home+nextday-waldorf+rs-home+somdcleaningcrew-home+somdcleaningcrew-stmarys+squeakycleany-princefrederick+streakers-california+streakers-home
local home cleaning services near me,50,HIGH,leas-home+rs-home+streakers-california+streakers-home
local housekeeping services,50,MEDIUM,streakers-california
local janitorial services,50,MEDIUM,cleanupcompany-janitorial+mastercleaning-home
looking for a maid,50,MEDIUM,merrymaids-waldorf
looking for someone to clean my house,50,HIGH,leas-home+merrymaids-waldorf+themaids-laplata
maid cleaning company,50,HIGH,cleaningmaideasy-home+leas-movein-princefrederick+nextday-waldorf+somdcleaningcrew-home+somdcleaningcrew-stmarys+squeakycleany-princefrederick
maid deep clean service,50,HIGH,beyondcleaningpros-laplata+cleaningmaideasy-home+leas-home+maids2mop-waldorf+merrymaids-waldorf+nextday-waldorf+streakers-home+themaids-laplata
maid house cleaning near me,50,HIGH,beyondcleaningpros-laplata+cleaningmaideasy-home+merrymaids-waldorf+somdcleaningcrew-home+somdcleaningcrew-stmarys+streakers-california
maid house cleaning service,50,HIGH,cleaningmaideasy-home+maids2mop-waldorf+somdcleaningcrew-home+somdcleaningcrew-stmarys
maid house cleaning services,50,HIGH,beyondcleaningpros-laplata+squeakycleany-princefrederick
maid today,50,HIGH,merrymaids-waldorf
maids cleaning company,50,HIGH,maids2mop-waldorf
maids in my area,50,HIGH,themaids-laplata
maintenance cleaning services,50,MEDIUM,mastercleaning-services+rs-home
monthly cleaning service near me,50,HIGH,beyondcleaningpros-laplata+mastercleaning-services+merrymaids-waldorf+streakers-home
monthly deep cleaning service,50,HIGH,merrymaids-waldorf+rs-standard-cleaning
mopping rugs,50,HIGH,rs-standard-cleaning
move in deep cleaning service near me,50,HIGH,leas-home+leas-movein-princefrederick+merrymaids-waldorf+rs-deep-cleaning+rs-home+rs-move-in-out-cleaning+rs-office-cleaning+streakers-california+streakers-home+sweeney-lexingtonpark+themaids-laplata
move out cleaning services tucson,50,HIGH,leas-home
move out deep cleaning cost,50,MEDIUM,beyondcleaningpros-laplata+maids2mop-waldorf
my house is clean,50,LOW,rs-home
near me cleaning services,50,HIGH,alliance-home
need cleaning service,50,HIGH,alliance-residential+beyondcleaningpros-home+beyondcleaningpros-laplata+cleaningmaideasy-home+cleanupcompany-janitorial+leas-home+leas-movein-princefrederick+merrymaids-waldorf+nextday-waldorf+rs-home+somdcleaningcrew-home+squeakycleany-princefrederick+sweeney-lexingtonpark+themaids-laplata
need cleaning services,50,HIGH,alliance-residential+cleanupcompany-janitorial+rs-home+somdcleaningcrew-home+squeakycleany-princefrederick
need for clean,50,LOW,rs-move-in-out-cleaning
need to clean,50,LOW,rs-move-in-out-cleaning
office clean up,50,LOW,bbmaintenance-officecleaning+cleanupcompany-janitorial+mastercleaning-services
office cleaning weekly,50,LOW,mastercleaning-services+somdcleaningcrew-home
office maintenance services,50,LOW,bbmaintenance-officecleaning+cleanupcompany-janitorial+mastercleaning-services+somdcleaningcrew-home+squeakycleany-princefrederick
on time cleaning service,50,LOW,sweeney-home
on time cleaning services,50,LOW,mastercleaning-services
one time maid service near me,50,HIGH,beyondcleaningpros-laplata+merrymaids-waldorf
outside home cleaning,50,HIGH,rs-move-in-out-cleaning
p cleaning,50,MEDIUM,rs-home
people looking for cleaning services,50,MEDIUM,merrymaids-waldorf
people who clean,50,LOW,cleaningmaideasy-home+sweeney-home
post construction cleaning contracts,50,MEDIUM,beyondcleaningpros-home
premium house cleaning,50,MEDIUM,rs-home
professional carpet cleaning products,50,HIGH,alliance-home
professional cleaning before selling house near me,50,HIGH,themaids-laplata
professional cleaning crew,50,MEDIUM,alliance-home+alliance-residential+bbmaintenance-officecleaning+beyondcleaningpros-home+beyondcleaningpros-laplata+cleanupcompany-janitorial+leas-home+leas-movein-princefrederick+maids2mop-waldorf+mastercleaning-services+nextday-waldorf+rs-home+somdcleaningcrew-home+somdcleaningcrew-stmarys+squeakycleany-princefrederick+streakers-california+streakers-home+sweeney-home+sweeney-lexingtonpark
professional cleaning crews,50,MEDIUM,cleaningmaideasy-home+mastercleaning-home+merrymaids-waldorf
professional cleaning service price,50,MEDIUM,alliance-home+leas-movein-princefrederick+maids2mop-waldorf+nextday-waldorf+rs-home
professional cleaning services cost,50,MEDIUM,alliance-home+leas-home+maids2mop-waldorf+nextday-waldorf
professional cleaning services los angeles,50,MEDIUM,themaids-laplata
professional cleaning services price,50,MEDIUM,bbmaintenance-officecleaning
professional floor steam cleaner,50,HIGH,mastercleaning-services
professional home deep cleaning services,50,LOW,bbmaintenance-officecleaning+beyondcleaningpros-home+beyondcleaningpros-laplata+cleaningmaideasy-home+leas-movein-princefrederick+maids2mop-waldorf+merrymaids-waldorf+nextday-waldorf+rs-home+somdcleaningcrew-stmarys+streakers-california+streakers-home
professional house cleaning supplies,50,HIGH,alliance-residential+beyondcleaningpros-laplata+maids2mop-waldorf+streakers-california
professional maid service near me,50,MEDIUM,beyondcleaningpros-laplata+maids2mop-waldorf+merrymaids-waldorf+squeakycleany-princefrederick
professional office cleaning near me,50,MEDIUM,bbmaintenance-officecleaning+rs-office-cleaning
professional room cleaner,50,HIGH,beyondcleaningpros-laplata+nextday-waldorf
professional room cleaning,50,HIGH,alliance-residential+squeakycleany-princefrederick
property management cleaning,50,LOW,cleanupcompany-janitorial
reliable cleaning services near me,50,HIGH,alliance-home+leas-home+mastercleaning-home+streakers-california+streakers-home
reliable house cleaners near me,50,HIGH,beyondcleaningpros-laplata+streakers-california
residential floor cleaning services near me,50,HIGH,alliance-home+alliance-residential
room cleaning services near me,50,HIGH,beyondcleaningpros-laplata+merrymaids-waldorf+streakers-home
same day cleaning service los angeles,50,HIGH,themaids-laplata
same day move out cleaning,50,HIGH,beyondcleaningpros-home+beyondcleaningpros-laplata+leas-home+leas-movein-princefrederick+sweeney-home+themaids-laplata
sanitize cleaning service,50,HIGH,alliance-residential+beyondcleaningpros-laplata+nextday-waldorf+sweeney-lexingtonpark
sanitizing cleaning services,50,MEDIUM,rs-home+rs-standard-cleaning
seasonal cleaning,50,LOW,rs-deep-cleaning
service maid,50,LOW,cleaningmaideasy-home+somdcleaningcrew-home+somdcleaningcrew-stmarys
service masters cleaning company,50,HIGH,mastercleaning-services
southern home cleaning,50,LOW,mastercleaning-home
space cleaning services,50,LOW,rs-home
start a cleaning service business,50,MEDIUM,leas-movein-princefrederick+streakers-home
start own cleaning business,50,MEDIUM,streakers-home
sweeping cleaning service,50,MEDIUM,rs-office-cleaning
team cleaning services,50,MEDIUM,squeakycleany-princefrederick
that cleaning lady,50,MEDIUM,somdcleaningcrew-stmarys+sweeney-home+sweeney-lexingtonpark
the clean up company,50,LOW,cleanupcompany-janitorial
top cleaning companies near me,50,HIGH,streakers-home
trust cleaning services,50,MEDIUM,alliance-residential+beyondcleaningpros-home+cleaningmaideasy-home+merrymaids-waldorf+streakers-california
us cleaning service,50,MEDIUM,mastercleaning-home+mastercleaning-services+rs-home+somdcleaningcrew-home+somdcleaningcrew-stmarys
wash carpet cleaner,50,HIGH,alliance-residential+squeakycleany-princefrederick
washing at home,50,LOW,rs-home
washing cleaning services,50,MEDIUM,rs-home
wc cleaning,50,HIGH,rs-move-in-out-cleaning+rs-standard-cleaning
we are cleaning,50,LOW,rs-home+rs-standard-cleaning+sweeney-home
we clean it,50,LOW,bbmaintenance-officecleaning+cleanupcompany-janitorial+mastercleaning-services+rs-home+rs-standard-cleaning+sweeney-home+sweeney-lexingtonpark
weekend house cleaning services,50,HIGH,merrymaids-waldorf+somdcleaningcrew-home+streakers-california
weekly maid service near me,50,MEDIUM,beyondcleaningpros-laplata+merrymaids-waldorf+streakers-home+themaids-laplata
weekly office cleaning,50,LOW,cleanupcompany-janitorial+mastercleaning-services+somdcleaningcrew-home
whole house cleaning near me,50,HIGH,leas-home
window cleaning inside and out,50,HIGH,rs-move-in-out-cleaning
workplace cleaning schedule,50,MEDIUM,rs-office-cleaning
workstation cleaning,50,LOW,bbmaintenance-officecleaning+mastercleaning-home+rs-deep-cleaning+rs-move-in-out-cleaning+rs-office-cleaning+rs-standard-cleaning+somdcleaningcrew-stmarys
after hours cleaning,40,LOW,rs-office-cleaning
all services cleaning,40,LOW,rs-home
anyone looking for a house cleaner near me,40,MEDIUM,merrymaids-waldorf+themaids-laplata
apartment cleaning service arlington va,40,HIGH,maids2mop-waldorf
apartment cleaning services baltimore,40,MEDIUM,leas-home
apartment move out cleaning cost,40,MEDIUM,maids2mop-waldorf
appliance deep cleaning,40,MEDIUM,rs-deep-cleaning
bathroom deep cleaning products,40,HIGH,rs-home
before cleaning,40,LOW,rs-standard-cleaning+rs-home
best apartment cleaning service near me,40,HIGH,leas-home+themaids-laplata
best cleaning lady near me,40,HIGH,streakers-home
best cleaning products for cleaning business,40,HIGH,alliance-home
best cleaning websites,40,MEDIUM,streakers-home
best house cleaning company near me,40,HIGH,beyondcleaningpros-laplata+streakers-home
best janitorial,40,LOW,cleanupcompany-janitorial
best office cleaning,40,LOW,rs-office-cleaning
best office cleaning services near me,40,LOW,streakers-home
best way to deep clean a bathroom,40,MEDIUM,rs-home
bonded cleaning services near me,40,HIGH,leas-home+merrymaids-waldorf+streakers-home
building janitorial services,40,MEDIUM,cleanupcompany-janitorial+mastercleaning-services
building maintenance services near me,40,LOW,mastercleaning-services
business janitorial services near me,40,MEDIUM,cleanupcompany-janitorial
carpet cleaning contractors,40,LOW,bbmaintenance-officecleaning+mastercleaning-services
carpet cleaning spring,40,MEDIUM,bbmaintenance-officecleaning
carpet sanitizing service,40,MEDIUM,squeakycleany-princefrederick
carpet suction cleaner,40,HIGH,bbmaintenance-officecleaning
clean & care services,40,LOW,mastercleaning-home+rs-deep-cleaning+rs-office-cleaning+rs-standard-cleaning
clean floors carpet cleaning,40,LOW,bbmaintenance-officecleaning
clean it cleaning services,40,LOW,rs-home
clean my house near me,40,HIGH,merrymaids-waldorf+themaids-laplata
clean service solution,40,LOW,mastercleaning-home+mastercleaning-services+rs-deep-cleaning+rs-home+rs-move-in-out-cleaning+rs-office-cleaning+rs-standard-cleaning+sweeney-home+sweeney-lexingtonpark
clean up my house,40,LOW,rs-home
clean your carpet,40,HIGH,bbmaintenance-officecleaning
clean your carpets,40,HIGH,rs-standard-cleaning
cleaner for cleaning,40,MEDIUM,rs-home+rs-standard-cleaning
cleaning add,40,LOW,rs-deep-cleaning+rs-home+rs-move-in-out-cleaning+rs-office-cleaning+rs-standard-cleaning
cleaning before,40,LOW,rs-standard-cleaning
cleaning bottom,40,LOW,rs-deep-cleaning
cleaning care services,40,LOW,rs-office-cleaning
cleaning for all,40,LOW,rs-deep-cleaning+rs-home+rs-move-in-out-cleaning+rs-office-cleaning+rs-standard-cleaning+sweeney-home
cleaning number,40,LOW,rs-home+sweeney-home
cleaning out oven,40,MEDIUM,rs-move-in-out-cleaning
cleaning personnel,40,MEDIUM,alliance-residential+bbmaintenance-officecleaning+beyondcleaningpros-home+cleaningmaideasy-home+cleanupcompany-janitorial+leas-movein-princefrederick+mastercleaning-home+mastercleaning-services+merrymaids-waldorf+nextday-waldorf+rs-home+somdcleaningcrew-home+somdcleaningcrew-stmarys+squeakycleany-princefrederick+sweeney-lexingtonpark
cleaning services near me commercial,40,HIGH,alliance-home+mastercleaning-home+somdcleaningcrew-stmarys+streakers-california+streakers-home
cleaning supply services,40,MEDIUM,rs-office-cleaning
cleaning support services,40,LOW,rs-home
cleaning your home checklist,40,HIGH,rs-standard-cleaning
commercial building exterior cleaning,40,MEDIUM,cleanupcompany-janitorial
commercial cleaning agency,40,LOW,alliance-home+alliance-residential+bbmaintenance-officecleaning+beyondcleaningpros-home+cleaningmaideasy-home+cleanupcompany-janitorial+leas-movein-princefrederick+mastercleaning-home+rs-home+somdcleaningcrew-home+somdcleaningcrew-stmarys
commercial cleaning inc,40,MEDIUM,alliance-home+alliance-residential+bbmaintenance-officecleaning+cleaningmaideasy-home+cleanupcompany-janitorial+leas-movein-princefrederick+mastercleaning-home+somdcleaningcrew-home+somdcleaningcrew-stmarys
commercial cleaning services frederick md,40,HIGH,beyondcleaningpros-home+cleanupcompany-janitorial+leas-movein-princefrederick+somdcleaningcrew-home+squeakycleany-princefrederick+streakers-home
commercial office cleaners near me,40,MEDIUM,streakers-california
commercial office cleaning jobs,40,LOW,somdcleaningcrew-home
common areas cleaning,40,LOW,rs-deep-cleaning
company cleaning services near me,40,HIGH,alliance-home+streakers-california+streakers-home
company to clean out house,40,HIGH,leas-movein-princefrederick+sweeney-home
consistent cleaning,40,LOW,rs-deep-cleaning+rs-standard-cleaning
corporate cleaning services inc,40,LOW,mastercleaning-home+mastercleaning-services
deep clean house cleaners near me,40,HIGH,beyondcleaningpros-laplata+leas-home+maids2mop-waldorf+merrymaids-waldorf+streakers-home+themaids-laplata
deep clean your home,40,MEDIUM,rs-deep-cleaning+rs-home+rs-move-in-out-cleaning+rs-standard-cleaning+sweeney-home
deep cleaning before moving out,40,LOW,rs-move-in-out-cleaning
deep cleaning essentials,40,HIGH,rs-home
deep cleaning estimate,40,MEDIUM,rs-deep-cleaning+rs-home+rs-move-in-out-cleaning+rs-office-cleaning+rs-standard-cleaning
deep cleaning experts,40,LOW,rs-home
deep cleaning job,40,LOW,rs-home
deep cleaning jobs,40,LOW,sweeney-home
deep cleaning living room,40,LOW,rs-home+sweeney-home
deep cleaning residential services,40,HIGH,bbmaintenance-officecleaning+beyondcleaningpros-home+beyondcleaningpros-laplata+cleaningmaideasy-home+leas-home+nextday-waldorf+rs-deep-cleaning+rs-office-cleaning+rs-standard-cleaning+streakers-california+streakers-home+sweeney-home+themaids-laplata
deep cleaning rugs at home,40,HIGH,rs-standard-cleaning
deep cleaning windows,40,MEDIUM,rs-home+rs-office-cleaning
deep cleaning your home,40,MEDIUM,sweeney-lexingtonpark
deep spring cleaning services,40,LOW,bbmaintenance-officecleaning
detail house cleaning near me,40,HIGH,streakers-home
effective cleaning,40,MEDIUM,rs-standard-cleaning+rs-deep-cleaning
facility cleaning and maintenance,40,LOW,mastercleaning-home+rs-office-cleaning
first cleaning service,40,LOW,rs-standard-cleaning+rs-deep-cleaning
first cleaning services,40,LOW,alliance-residential+rs-home
for cleaning floor,40,HIGH,rs-deep-cleaning
for floor cleaning,40,HIGH,rs-home
free cleaning services near me,40,HIGH,mastercleaning-home+merrymaids-waldorf+streakers-california
free deep cleaning,40,MEDIUM,sweeney-home
free house cleaning for seniors,40,MEDIUM,streakers-california
full service maid,40,MEDIUM,streakers-california
get carpets cleaned,40,HIGH,bbmaintenance-officecleaning
go to cleaning services,40,LOW,rs-home
good cleaning company,40,HIGH,rs-home
hall cleaning services,40,MEDIUM,somdcleaningcrew-home+somdcleaningcrew-stmarys
hard cleaning,40,MEDIUM,rs-deep-cleaning
hard water build up removal,40,HIGH,rs-deep-cleaning
heavy duty cleaning services near me,40,HIGH,mastercleaning-home+streakers-california+streakers-home
help with cleaning,40,LOW,merrymaids-waldorf
hire house cleaner near me,40,HIGH,leas-home
hire professional cleaners,40,HIGH,maids2mop-waldorf+squeakycleany-princefrederick
home house cleaning,40,HIGH,alliance-residential+beyondcleaningpros-home+beyondcleaningpros-laplata+cleaningmaideasy-home+leas-movein-princefrederick+maids2mop-waldorf+merrymaids-waldorf+nextday-waldorf+somdcleaningcrew-home+squeakycleany-princefrederick+streakers-california+sweeney-home+sweeney-lexingtonpark
home sanitization,40,LOW,cleaningmaideasy-home+maids2mop-waldorf+mastercleaning-home+rs-deep-cleaning+rs-home+rs-move-in-out-cleaning+rs-standard-cleaning+somdcleaningcrew-home+sweeney-home+sweeney-lexingtonpark
home spring cleaning services,40,HIGH,bbmaintenance-officecleaning+maids2mop-waldorf+nextday-waldorf
house cleaning after move out,40,HIGH,leas-movein-princefrederick+maids2mop-waldorf+merrymaids-waldorf+streakers-california+sweeney-home+sweeney-lexingtonpark+themaids-laplata
house cleaning needed,40,MEDIUM,cleaningmaideasy-home
house cleaning service for move out,40,HIGH,beyondcleaningpros-home+beyondcleaningpros-laplata+leas-movein-princefrederick+maids2mop-waldorf+merrymaids-waldorf+rs-home+sweeney-home+sweeney-lexingtonpark
house cleaning service today,40,HIGH,alliance-residential+beyondcleaningpros-home+beyondcleaningpros-laplata+cleaningmaideasy-home+leas-movein-princefrederick+maids2mop-waldorf+merrymaids-waldorf+nextday-waldorf+somdcleaningcrew-home+somdcleaningcrew-stmarys+squeakycleany-princefrederick+streakers-california+streakers-home+sweeney-lexingtonpark+themaids-laplata
house cleaning services florida,40,LOW,beyondcleaningpros-home
house cleaning services hiring,40,MEDIUM,maids2mop-waldorf
house deep clean near me,40,HIGH,merrymaids-waldorf
house emptying service,40,HIGH,alliance-residential+beyondcleaningpros-home+beyondcleaningpros-laplata+cleaningmaideasy-home+leas-movein-princefrederick+maids2mop-waldorf+nextday-waldorf+somdcleaningcrew-home+somdcleaningcrew-stmarys+squeakycleany-princefrederick+sweeney-home+sweeney-lexingtonpark
house maid house,40,LOW,somdcleaningcrew-home+somdcleaningcrew-stmarys
house spring cleaning services,40,HIGH,maids2mop-waldorf
i need a cleaning lady,40,HIGH,beyondcleaningpros-laplata+cleaningmaideasy-home+leas-home+merrymaids-waldorf+somdcleaningcrew-home+squeakycleany-princefrederick+themaids-laplata
i need a house cleaner,40,HIGH,beyondcleaningpros-laplata+leas-home+merrymaids-waldorf+nextday-waldorf+themaids-laplata
i need house cleaning,40,HIGH,cleaningmaideasy-home+somdcleaningcrew-home+sweeney-home+sweeney-lexingtonpark
in house cleaning,40,MEDIUM,mastercleaning-home+somdcleaningcrew-home+somdcleaningcrew-stmarys+sweeney-home+sweeney-lexingtonpark
independent cleaning contractor,40,MEDIUM,alliance-residential+cleaningmaideasy-home+somdcleaningcrew-stmarys+streakers-california+streakers-home
industrial clean up,40,LOW,cleanupcompany-janitorial
inside house cleaning,40,MEDIUM,alliance-residential+beyondcleaningpros-laplata+leas-movein-princefrederick+maids2mop-waldorf+nextday-waldorf+rs-home+somdcleaningcrew-home+somdcleaningcrew-stmarys+squeakycleany-princefrederick+sweeney-home+sweeney-lexingtonpark
intense cleaning,40,MEDIUM,rs-deep-cleaning+rs-office-cleaning+rs-standard-cleaning
intense cleaning services,40,HIGH,merrymaids-waldorf+rs-deep-cleaning+rs-home+streakers-california+streakers-home
interior maintenance,40,LOW,rs-move-in-out-cleaning
interior window cleaning services,40,LOW,cleanupcompany-janitorial
it cleaning services,40,LOW,mastercleaning-home+mastercleaning-services+rs-home
janitorial services logo,40,MEDIUM,mastercleaning-home
kitchen deep cleaning services near me,40,MEDIUM,merrymaids-waldorf+rs-deep-cleaning
learn cleaning,40,LOW,rs-home
leave clean,40,LOW,rs-move-in-out-cleaning
licensed and insured cleaning service,40,HIGH,beyondcleaningpros-home
lot cleaning services,40,MEDIUM,bbmaintenance-officecleaning
maid crew,40,MEDIUM,somdcleaningcrew-home+somdcleaningcrew-stmarys
maid it cleaning services,40,MEDIUM,somdcleaningcrew-stmarys
maid service today,40,HIGH,leas-home+maids2mop-waldorf+merrymaids-waldorf+nextday-waldorf+streakers-home+themaids-laplata
maid to clean services,40,HIGH,cleaningmaideasy-home+maids2mop-waldorf+merrymaids-waldorf
maintenance service company,40,HIGH,cleanupcompany-janitorial
mansion cleaning,40,LOW,somdcleaningcrew-stmarys+sweeney-home+sweeney-lexingtonpark
mary's maid service,40,LOW,somdcleaningcrew-home
md cleaning solutions,40,LOW,sweeney-lexingtonpark
md commercial,40,LOW,somdcleaningcrew-stmarys
merry maids quote,40,HIGH,merrymaids-waldorf+streakers-home+themaids-laplata
mopping instructions,40,LOW,rs-office-cleaning
move in and out cleaning,40,MEDIUM,leas-movein-princefrederick+merrymaids-waldorf+rs-deep-cleaning+rs-move-in-out-cleaning+streakers-home+sweeney-lexingtonpark
move in ready cleaning service,40,HIGH,rs-home+rs-move-in-out-cleaning+sweeney-home+sweeney-lexingtonpark
move out apartment cleaning services near me,40,HIGH,themaids-laplata
move out cleaning fees,40,MEDIUM,rs-home
move out cleaning services dc,40,HIGH,beyondcleaningpros-home+leas-home+leas-movein-princefrederick+maids2mop-waldorf+merrymaids-waldorf+nextday-waldorf+themaids-laplata
move out cleaning washington dc,40,HIGH,leas-movein-princefrederick
move out services near me,40,HIGH,rs-move-in-out-cleaning
need it clean,40,LOW,rs-move-in-out-cleaning
need someone to clean my house,40,HIGH,cleaningmaideasy-home+leas-home+merrymaids-waldorf+themaids-laplata
new home deep cleaning service,40,HIGH,cleaningmaideasy-home+leas-home+leas-movein-princefrederick+merrymaids-waldorf+rs-deep-cleaning+streakers-california+streakers-home+themaids-laplata
new house deep clean service,40,HIGH,streakers-home
new house deep cleaning services,40,HIGH,leas-movein-princefrederick+merrymaids-waldorf+streakers-california
next day cleaning services near me,40,HIGH,leas-home+themaids-laplata
office clean out services,40,MEDIUM,bbmaintenance-officecleaning+mastercleaning-services+rs-move-in-out-cleaning+rs-standard-cleaning
office cleaning services company,40,LOW,cleanupcompany-janitorial
offices looking for cleaners,40,MEDIUM,bbmaintenance-officecleaning
on call cleaning services,40,LOW,alliance-home+alliance-residential+leas-home+leas-movein-princefrederick+rs-home+somdcleaningcrew-home+squeakycleany-princefrederick+streakers-home+themaids-laplata
on call maid service,40,LOW,somdcleaningcrew-home
one cleaning service,40,MEDIUM,mastercleaning-services+sweeney-home+sweeney-lexingtonpark
parking lot clean up,40,LOW,bbmaintenance-officecleaning
premium maintenance,40,LOW,rs-home
pricing for commercial cleaning services,40,MEDIUM,mastercleaning-home+rs-home+rs-office-cleaning
professional cleaning inc,40,LOW,mastercleaning-services+rs-home
professional cleaning quote,40,MEDIUM,alliance-home+cleaningmaideasy-home+leas-movein-princefrederick+maids2mop-waldorf+merrymaids-waldorf+nextday-waldorf+rs-home+rs-office-cleaning+streakers-california+streakers-home+sweeney-home+sweeney-lexingtonpark
professional cleaning quotes,40,MEDIUM,beyondcleaningpros-laplata
professional cleaning services orlando,40,LOW,beyondcleaningpros-home
professional commercial cleaning services near me,40,HIGH,alliance-home+beyondcleaningpros-home+beyondcleaningpros-laplata+streakers-california
professional house cleaning tools,40,HIGH,maids2mop-waldorf
professional move in cleaning,40,MEDIUM,leas-movein-princefrederick+merrymaids-waldorf+streakers-home
professional office carpet cleaning,40,LOW,bbmaintenance-officecleaning
professional residential cleaning services near me,40,HIGH,alliance-home+somdcleaningcrew-stmarys
professional spring cleaning services,40,LOW,bbmaintenance-officecleaning+maids2mop-waldorf+somdcleaningcrew-home+somdcleaningcrew-stmarys
que incluye un deep cleaning,40,LOW,rs-deep-cleaning+rs-standard-cleaning
reliable house cleaning services,40,HIGH,beyondcleaningpros-home+beyondcleaningpros-laplata+cleaningmaideasy-home+nextday-waldorf+sweeney-lexingtonpark
reliable janitorial services,40,LOW,mastercleaning-home
residential maid,40,MEDIUM,somdcleaningcrew-stmarys
residential maids,40,MEDIUM,somdcleaningcrew-home
room deep cleaning,40,MEDIUM,merrymaids-waldorf
short term rental cleaning companies,40,HIGH,sweeney-lexingtonpark
southern cleaning solutions,40,LOW,bbmaintenance-officecleaning+sweeney-home
southern janitorial,40,LOW,mastercleaning-home
start a cleaning service,40,MEDIUM,leas-movein-princefrederick+nextday-waldorf+rs-home
sweeping kitchen,40,LOW,rs-standard-cleaning
the best house cleaning services near me,40,HIGH,beyondcleaningpros-laplata+leas-home+maids2mop-waldorf+nextday-waldorf+streakers-home+themaids-laplata
the carpet cleaning company,40,MEDIUM,alliance-home+bbmaintenance-officecleaning+squeakycleany-princefrederick
the cleaning experts,40,LOW,mastercleaning-home
the deep clean,40,LOW,rs-deep-cleaning+rs-home+rs-move-in-out-cleaning+rs-standard-cleaning+sweeney-home
the deep cleaners,40,LOW,rs-deep-cleaning+rs-move-in-out-cleaning+rs-standard-cleaning+rs-home
the office cleaning,40,LOW,bbmaintenance-officecleaning+mastercleaning-home+mastercleaning-services+rs-deep-cleaning+rs-move-in-out-cleaning+rs-office-cleaning+rs-standard-cleaning+somdcleaningcrew-stmarys
tidy cleaning service reviews,40,MEDIUM,streakers-california
up cleaning services,40,MEDIUM,cleaningmaideasy-home+cleanupcompany-janitorial+mastercleaning-services+rs-home+squeakycleany-princefrederick+sweeney-lexingtonpark
upholstery cleaning services in my area,40,MEDIUM,alliance-home
we can do it cleaning,40,LOW,rs-home+somdcleaningcrew-stmarys
we can do it cleaning service,40,MEDIUM,rs-home+somdcleaningcrew-stmarys
we clean your house,40,MEDIUM,sweeney-home+sweeney-lexingtonpark
windows cleaning company,40,HIGH,squeakycleany-princefrederick
yearly cleaning,40,LOW,sweeney-home
1 time cleaning service,30,HIGH,leas-home+themaids-laplata
4 cleaning,30,LOW,rs-home
a deep cleaning,30,LOW,rs-deep-cleaning+rs-home+rs-move-in-out-cleaning+rs-standard-cleaning+sweeney-home
access cleaning service,30,LOW,rs-office-cleaning
after move cleaning services,30,MEDIUM,leas-home+leas-movein-princefrederick+merrymaids-waldorf+rs-move-in-out-cleaning+streakers-california+streakers-home+themaids-laplata
all clean maintenance,30,LOW,rs-deep-cleaning
also cleaning,30,LOW,rs-standard-cleaning
apartment cleaning contracts,30,MEDIUM,alliance-residential+cleaningmaideasy-home+nextday-waldorf+streakers-california
area cleaning services,30,HIGH,alliance-residential+beyondcleaningpros-home+beyondcleaningpros-laplata+cleaningmaideasy-home+cleanupcompany-janitorial+leas-movein-princefrederick+maids2mop-waldorf+mastercleaning-home+mastercleaning-services+somdcleaningcrew-home+somdcleaningcrew-stmarys+squeakycleany-princefrederick+sweeney-home+sweeney-lexingtonpark
at home cleaning supplies,30,HIGH,rs-home
bathroom cleaning price,30,MEDIUM,rs-home
best blinds cleaner,30,HIGH,rs-deep-cleaning
best home deep cleaning services near me,30,HIGH,rs-deep-cleaning
best office cleaning services,30,MEDIUM,cleanupcompany-janitorial
best residential cleaning services,30,HIGH,rs-deep-cleaning
best way to deep clean bathroom,30,MEDIUM,rs-home
building cleaning contracts,30,MEDIUM,cleanupcompany-janitorial+mastercleaning-services
building maintenance and cleaning services,30,LOW,cleanupcompany-janitorial+mastercleaning-services
building maintenance cleaning,30,MEDIUM,mastercleaning-services
business and office cleaning services,30,LOW,mastercleaning-services+rs-office-cleaning+somdcleaningcrew-stmarys
carpet cleaning and house cleaning,30,HIGH,squeakycleany-princefrederick
carpet cleaning crew,30,HIGH,bbmaintenance-officecleaning+squeakycleany-princefrederick
carpet cleaning fort washington md,30,MEDIUM,alliance-home
carpet cleaning services alexandria va,30,MEDIUM,alliance-home+alliance-residential
carpet drying services,30,LOW,alliance-residential+bbmaintenance-officecleaning
cheap deep cleaning services,30,MEDIUM,leas-home+leas-movein-princefrederick+merrymaids-waldorf+streakers-california+streakers-home+themaids-laplata
cheap maids near me,30,HIGH,themaids-laplata
clean house inside,30,LOW,rs-home
clean up cleaning services,30,MEDIUM,bbmaintenance-officecleaning+cleanupcompany-janitorial+mastercleaning-services+rs-home
cleaner eco,30,LOW,mastercleaning-home
cleaner in my area,30,HIGH,themaids-laplata
cleaner than,30,LOW,rs-move-in-out-cleaning
cleaners for apartment move out,30,HIGH,maids2mop-waldorf
cleaning and maintenance company,30,MEDIUM,cleanupcompany-janitorial
cleaning around the house,30,LOW,sweeney-home+sweeney-lexingtonpark
cleaning bathroom fixtures,30,HIGH,rs-home
cleaning before move in,30,MEDIUM,sweeney-home
cleaning blinds at home,30,HIGH,rs-deep-cleaning
cleaning blinds service,30,HIGH,rs-deep-cleaning
cleaning call,30,LOW,rs-home
cleaning clients,30,MEDIUM,rs-deep-cleaning+rs-home+rs-standard-cleaning
cleaning company for move out,30,HIGH,beyondcleaningpros-home+leas-movein-princefrederick+maids2mop-waldorf+merrymaids-waldorf+rs-home+streakers-california+streakers-home+sweeney-home+sweeney-lexingtonpark+themaids-laplata
cleaning company orlando fl,30,MEDIUM,beyondcleaningpros-home
cleaning company washington,30,LOW,alliance-home
cleaning crew company,30,HIGH,cleanupcompany-janitorial
cleaning dc,30,HIGH,alliance-residential+maids2mop-waldorf
cleaning division,30,LOW,rs-home
cleaning employees,30,LOW,bbmaintenance-officecleaning
cleaning for real estate agents,30,LOW,rs-move-in-out-cleaning+rs-office-cleaning
cleaning for the cleaning lady,30,LOW,mastercleaning-home+rs-home
cleaning high,30,LOW,rs-home+rs-standard-cleaning
cleaning house company near me,30,HIGH,streakers-california+streakers-home+themaids-laplata
cleaning inside cabinets,30,MEDIUM,rs-home
cleaning inside the house,30,LOW,rs-home+sweeney-home+sweeney-lexingtonpark
cleaning lady agency,30,HIGH,mastercleaning-home+mastercleaning-services+merrymaids-waldorf
cleaning maintenance company,30,MEDIUM,cleanupcompany-janitorial+leas-movein-princefrederick+rs-home+squeakycleany-princefrederick
cleaning needed,30,MEDIUM,merrymaids-waldorf
cleaning online booking,30,HIGH,rs-home
cleaning quote example,30,HIGH,mastercleaning-home
cleaning quotes and sayings,30,LOW,rs-deep-cleaning
cleaning residential homes,30,HIGH,beyondcleaningpros-home+beyondcleaningpros-laplata+cleaningmaideasy-home+maids2mop-waldorf+merrymaids-waldorf+rs-deep-cleaning+rs-home+rs-office-cleaning+rs-standard-cleaning+squeakycleany-princefrederick+sweeney-lexingtonpark
cleaning service add ons,30,LOW,rs-deep-cleaning+rs-home+rs-move-in-out-cleaning+rs-office-cleaning+rs-standard-cleaning
cleaning service before and after,30,LOW,rs-home
cleaning service for new home,30,HIGH,alliance-home+beyondcleaningpros-laplata+cleaningmaideasy-home+leas-home+leas-movein-princefrederick+mastercleaning-home+mastercleaning-services+merrymaids-waldorf+rs-deep-cleaning+somdcleaningcrew-home+somdcleaningcrew-stmarys+streakers-california+streakers-home+sweeney-home+sweeney-lexingtonpark+themaids-laplata
cleaning service for new house,30,HIGH,sweeney-home
cleaning service packages,30,MEDIUM,streakers-california
cleaning services home near me,30,HIGH,mastercleaning-home+merrymaids-waldorf
cleaning services in the area,30,HIGH,alliance-home+alliance-residential+beyondcleaningpros-home+cleanupcompany-janitorial+leas-movein-princefrederick+mastercleaning-home+mastercleaning-services+somdcleaningcrew-home+squeakycleany-princefrederick+streakers-california+sweeney-lexingtonpark
cleaning supplies you need,30,LOW,rs-home
cleaning your house schedule,30,HIGH,rs-home
commercial building cleaning services near me,30,HIGH,cleanupcompany-janitorial+somdcleaningcrew-stmarys
commercial carpet care,30,MEDIUM,mastercleaning-home
commercial clean up,30,HIGH,cleanupcompany-janitorial
commercial cleaning company logo,30,HIGH,mastercleaning-home
commercial cleaning services in usa,30,LOW,streakers-california
commercial cleaning services logo,30,MEDIUM,mastercleaning-home+rs-office-cleaning
commercial exterior cleaning services,30,MEDIUM,cleanupcompany-janitorial
commercial facility cleaning,30,LOW,bbmaintenance-officecleaning+cleanupcompany-janitorial+rs-office-cleaning+somdcleaningcrew-stmarys
commercial home cleaning services,30,MEDIUM,alliance-home+alliance-residential+beyondcleaningpros-home+cleaningmaideasy-home+cleanupcompany-janitorial+rs-home+somdcleaningcrew-home+somdcleaningcrew-stmarys+squeakycleany-princefrederick
commercial medical cleaning services,30,LOW,streakers-california
commercial sweeping services,30,HIGH,cleanupcompany-janitorial+rs-office-cleaning
companies looking for janitorial services,30,MEDIUM,cleanupcompany-janitorial
condo cleaners,30,HIGH,leas-home
condo cleaners near me,30,HIGH,themaids-laplata
construction clean up services near me,30,MEDIUM,mastercleaning-services
construction window cleaning,30,HIGH,mastercleaning-services
cottage cleaning services,30,MEDIUM,alliance-residential+beyondcleaningpros-home+beyondcleaningpros-laplata+cleaningmaideasy-home+leas-movein-princefrederick+maids2mop-waldorf+nextday-waldorf+somdcleaningcrew-home+somdcleaningcrew-stmarys+squeakycleany-princefrederick+streakers-california+streakers-home+sweeney-lexingtonpark
deep clean carpets at home,30,HIGH,rs-standard-cleaning
deep clean kitchen floor,30,HIGH,rs-deep-cleaning
deep cleaning kitchen floor,30,HIGH,rs-home
deep cleaning monthly schedule,30,HIGH,rs-standard-cleaning
deep cleaning orlando,30,HIGH,beyondcleaningpros-home
deep cleaning service includes,30,MEDIUM,rs-deep-cleaning+rs-office-cleaning+rs-standard-cleaning
deep cleaning services dc,30,HIGH,leas-home+leas-movein-princefrederick+maids2mop-waldorf+merrymaids-waldorf+nextday-waldorf+themaids-laplata
deep cleaning walls,30,MEDIUM,rs-deep-cleaning+rs-move-in-out-cleaning
deodorizing service,30,MEDIUM,mastercleaning-services
detailed home cleaning,30,LOW,rs-deep-cleaning+rs-home+rs-move-in-out-cleaning
dirty house cleaning services,30,HIGH,themaids-laplata
dust cleaning company,30,HIGH,squeakycleany-princefrederick
dusting mopping sweeping,30,HIGH,rs-standard-cleaning
easy maid,30,MEDIUM,cleaningmaideasy-home+merrymaids-waldorf
eco friendly cleaning service near me,30,LOW,mastercleaning-home
extensive cleaning,30,LOW,rs-deep-cleaning+rs-move-in-out-cleaning+rs-office-cleaning+rs-standard-cleaning
fall cleaning services,30,LOW,bbmaintenance-officecleaning
find someone to clean my house,30,MEDIUM,leas-home+themaids-laplata
finest cleaning,30,LOW,rs-office-cleaning
first time cleaning service,30,HIGH,merrymaids-waldorf+rs-deep-cleaning+rs-home+rs-standard-cleaning
flat cleaning,30,LOW,maids2mop-waldorf
floor care companies,30,MEDIUM,bbmaintenance-officecleaning+cleanupcompany-janitorial
floor cleaning and waxing services near me,30,HIGH,mastercleaning-services
floor deep cleaning services,30,HIGH,bbmaintenance-officecleaning+rs-home
floor steam cleaning services,30,HIGH,mastercleaning-services
for bathroom cleaning,30,MEDIUM,rs-home+rs-move-in-out-cleaning+rs-standard-cleaning
free cleaning quote,30,MEDIUM,sweeney-home
full home cleaning services near me,30,MEDIUM,merrymaids-waldorf+streakers-california
full house clean out,30,MEDIUM,rs-deep-cleaning
full house cleaning service cost,30,MEDIUM,leas-home+nextday-waldorf
good home cleaning services,30,HIGH,rs-home
hire cleaners for house,30,HIGH,maids2mop-waldorf
hire cleaning service near me,30,HIGH,leas-home+nextday-waldorf
hire someone to clean my room,30,HIGH,leas-home
home & office cleaning,30,LOW,mastercleaning-home
home and commercial cleaning services,30,MEDIUM,mastercleaning-home
home and office cleaning,30,LOW,bbmaintenance-officecleaning+mastercleaning-home+somdcleaningcrew-stmarys
home bathroom cleaning,30,MEDIUM,rs-home+rs-move-in-out-cleaning+rs-standard-cleaning
home clean up service,30,HIGH,cleaningmaideasy-home+cleanupcompany-janitorial+leas-movein-princefrederick+mastercleaning-services+rs-home+squeakycleany-princefrederick+sweeney-home
home clean up services,30,HIGH,bbmaintenance-officecleaning
home cleaning advertisement,30,MEDIUM,somdcleaningcrew-home
home cleaning equipment,30,HIGH,rs-home
home dusting,30,MEDIUM,mastercleaning-home+rs-deep-cleaning+rs-move-in-out-cleaning+rs-standard-cleaning
home steam cleaning services,30,HIGH,mastercleaning-services+nextday-waldorf
house & office cleaning services,30,MEDIUM,somdcleaningcrew-home+somdcleaningcrew-stmarys
house and office cleaning services,30,MEDIUM,beyondcleaningpros-home+leas-movein-princefrederick+somdcleaningcrew-stmarys+squeakycleany-princefrederick
house apartment cleaning service,30,HIGH,maids2mop-waldorf
house cleaners in the area,30,HIGH,maids2mop-waldorf+streakers-california
house cleaners near me deep clean,30,HIGH,merrymaids-waldorf
house cleaners near my location,30,HIGH,merrymaids-waldorf
house cleaning and carpet cleaning,30,HIGH,alliance-home+nextday-waldorf
house cleaning business checklist,30,HIGH,cleaningmaideasy-home
house cleaning commercial,30,MEDIUM,somdcleaningcrew-home+somdcleaningcrew-stmarys+sweeney-home
house cleaning deep cleaning,30,HIGH,alliance-home+beyondcleaningpros-home+beyondcleaningpros-laplata+cleaningmaideasy-home+leas-home+leas-movein-princefrederick+maids2mop-waldorf+merrymaids-waldorf+nextday-waldorf+streakers-california+streakers-home+sweeney-home+sweeney-lexingtonpark+themaids-laplata
house cleaning help near me,30,HIGH,beyondcleaningpros-laplata+merrymaids-waldorf
house cleaning pros,30,HIGH,beyondcleaningpros-home
house cleaning service business,30,LOW,somdcleaningcrew-home+somdcleaningcrew-stmarys
house cleaning service in,30,HIGH,somdcleaningcrew-home
house cleaning services in,30,HIGH,alliance-residential+somdcleaningcrew-stmarys+sweeney-lexingtonpark+rs-home
house cleaning services near me hiring,30,MEDIUM,maids2mop-waldorf
house cleaning specials near me,30,HIGH,streakers-home
house cleaning team,30,HIGH,beyondcleaningpros-home+beyondcleaningpros-laplata+cleaningmaideasy-home+leas-movein-princefrederick+nextday-waldorf+rs-home+squeakycleany-princefrederick+sweeney-home+sweeney-lexingtonpark
house cleaning teams,30,HIGH,somdcleaningcrew-home+somdcleaningcrew-stmarys
house cleaning work,30,MEDIUM,alliance-residential+cleaningmaideasy-home+leas-movein-princefrederick+maids2mop-waldorf+merrymaids-waldorf+nextday-waldorf+rs-home+squeakycleany-princefrederick
house deep cleaning price,30,MEDIUM,rs-home
house steam cleaning services,30,HIGH,nextday-waldorf
household cleaning appliances,30,HIGH,rs-home
housekeeping deep cleaning,30,MEDIUM,leas-movein-princefrederick+nextday-waldorf
i can clean,30,LOW,rs-home
i care cleaning services,30,LOW,rs-home
in home carpet cleaning service,30,HIGH,alliance-residential+nextday-waldorf+squeakycleany-princefrederick
independent cleaning,30,LOW,maids2mop-waldorf+somdcleaningcrew-home+somdcleaningcrew-stmarys+sweeney-home+sweeney-lexingtonpark
individual cleaning lady,30,HIGH,mastercleaning-services
insured cleaning service,30,MEDIUM,beyondcleaningpros-home+cleaningmaideasy-home+leas-home+rs-home+streakers-home
interior home cleaning services,30,MEDIUM,rs-home
janitorial cleaning business,30,MEDIUM,cleanupcompany-janitorial+mastercleaning-services+rs-office-cleaning+somdcleaningcrew-home+somdcleaningcrew-stmarys
janitorial services near me commercial,30,MEDIUM,cleanupcompany-janitorial
just cleaning services,30,MEDIUM,cleanupcompany-janitorial+mastercleaning-services
kitchen clean quotes,30,HIGH,rs-deep-cleaning
kitchen oven cleaning,30,HIGH,rs-move-in-out-cleaning
latrine cleaning,30,LOW,rs-move-in-out-cleaning+rs-standard-cleaning+rs-home
local apartment cleaning services,30,HIGH,nextday-waldorf
local cleaning services for home,30,HIGH,beyondcleaningpros-laplata+leas-movein-princefrederick+mastercleaning-home+nextday-waldorf+rs-home+squeakycleany-princefrederick+streakers-california+streakers-home+sweeney-home+sweeney-lexingtonpark
local commercial cleaning services near me,30,MEDIUM,mastercleaning-home+streakers-california
local floor cleaning companies,30,HIGH,rs-home
local floor cleaning services,30,HIGH,rs-home
local janitorial,30,MEDIUM,mastercleaning-home+rs-home
local office cleaning services near me,30,HIGH,streakers-home
looking for a cleaning company,30,HIGH,alliance-home+squeakycleany-princefrederick
m&d maintenance,30,LOW,bbmaintenance-officecleaning
maid and cleaning services,30,HIGH,somdcleaningcrew-stmarys
maid easy cleaning services,30,LOW,cleaningmaideasy-home
maid house cleaning services near me,30,HIGH,somdcleaningcrew-home+somdcleaningcrew-stmarys
maid near me cleaning service,30,HIGH,beyondcleaningpros-laplata+cleaningmaideasy-home+merrymaids-waldorf+streakers-california+themaids-laplata
maid service business,30,LOW,somdcleaningcrew-home
maids to go,30,MEDIUM,merrymaids-waldorf
maintenance and cleaning company,30,MEDIUM,rs-home
maintenance cleaning company,30,MEDIUM,cleanupcompany-janitorial+rs-home
maryland cleaning,30,MEDIUM,bbmaintenance-officecleaning+mastercleaning-home+rs-home+rs-office-cleaning+somdcleaningcrew-home+sweeney-home+sweeney-lexingtonpark
md cleaners,30,MEDIUM,somdcleaningcrew-home
merry maids housekeeping,30,MEDIUM,themaids-laplata
monthly maid service near me,30,HIGH,merrymaids-waldorf+somdcleaningcrew-home
mopping the kitchen,30,LOW,rs-move-in-out-cleaning+rs-standard-cleaning+rs-deep-cleaning
move in and move out,30,LOW,rs-move-in-out-cleaning+sweeney-lexingtonpark
move in house cleaning cost,30,MEDIUM,maids2mop-waldorf
move out cleaning service fort worth,30,HIGH,leas-home+themaids-laplata
move out move in cleaning,30,HIGH,leas-movein-princefrederick+merrymaids-waldorf+rs-home+rs-move-in-out-cleaning+streakers-home+sweeney-home+sweeney-lexingtonpark
moving deep cleaning service,30,HIGH,leas-home+leas-movein-princefrederick+rs-move-in-out-cleaning
nearby house cleaning services,30,HIGH,beyondcleaningpros-laplata+maids2mop-waldorf+nextday-waldorf+rs-home+somdcleaningcrew-home+somdcleaningcrew-stmarys+sweeney-home+sweeney-lexingtonpark
need a cleaning lady,30,HIGH,alliance-residential+beyondcleaningpros-home+beyondcleaningpros-laplata+cleaningmaideasy-home+leas-home+merrymaids-waldorf+nextday-waldorf+somdcleaningcrew-home+squeakycleany-princefrederick+themaids-laplata
need cleaning lady,30,HIGH,cleanupcompany-janitorial
need help cleaning,30,LOW,cleanupcompany-janitorial+rs-home
need help with cleaning,30,LOW,cleanupcompany-janitorial+rs-home
new house cleaning services near me,30,HIGH,merrymaids-waldorf
next day house cleaning,30,HIGH,alliance-residential+leas-home+sweeney-home+themaids-laplata
non toxic cleaning services near me,30,HIGH,merrymaids-waldorf
office & home cleaning,30,LOW,mastercleaning-home
office carpet cleaning services near me,30,HIGH,alliance-home
office cleaning agency near me,30,HIGH,alliance-home+bbmaintenance-officecleaning+beyondcleaningpros-home+mastercleaning-home+mastercleaning-services+rs-office-cleaning+streakers-california
office cleaning and maintenance,30,LOW,bbmaintenance-officecleaning
office window cleaning services,30,LOW,mastercleaning-services
one off cleaning,30,LOW,themaids-laplata
online cleaning,30,LOW,bbmaintenance-officecleaning+beyondcleaningpros-home+beyondcleaningpros-laplata+rs-home
online cleaning quote,30,HIGH,beyondcleaningpros-laplata+rs-home
outside house cleaning services,30,HIGH,nextday-waldorf
pay someone to clean my house,30,HIGH,leas-home+merrymaids-waldorf+themaids-laplata
perfectly clean cleaning service,30,MEDIUM,rs-home
post cleaning services,30,MEDIUM,alliance-residential+beyondcleaningpros-home+beyondcleaningpros-laplata+leas-home+leas-movein-princefrederick
post construction residential cleaning services,30,HIGH,beyondcleaningpros-home
premium cleaning solutions,30,LOW,rs-home
professional airbnb cleaning service,30,MEDIUM,beyondcleaningpros-home
professional floor buffing,30,HIGH,mastercleaning-services
professional move out cleaning cost,30,MEDIUM,maids2mop-waldorf
property cleaning services near me,30,MEDIUM,streakers-home
quality cleaning company,30,MEDIUM,bbmaintenance-officecleaning
reliable cleaning products,30,HIGH,rs-office-cleaning
reliable house cleaning,30,HIGH,beyondcleaningpros-laplata+cleaningmaideasy-home+maids2mop-waldorf+nextday-waldorf+streakers-home+sweeney-home
rental move out cleaning,30,HIGH,rs-move-in-out-cleaning+sweeney-home+sweeney-lexingtonpark
residential construction cleaning services,30,MEDIUM,beyondcleaningpros-home+cleanupcompany-janitorial
residential floor cleaning services,30,MEDIUM,alliance-home+alliance-residential+bbmaintenance-officecleaning
residential move out cleaning services,30,HIGH,alliance-residential+beyondcleaningpros-home+beyondcleaningpros-laplata+leas-home+nextday-waldorf+rs-deep-cleaning+rs-standard-cleaning+streakers-california+streakers-home+sweeney-home+themaids-laplata
restroom cleaning products,30,HIGH,rs-office-cleaning
restroom sanitation,30,LOW,rs-office-cleaning
same day deep cleaning,30,HIGH,sweeney-home
scrub bathroom floor,30,HIGH,rs-home
service cleaning near me,30,HIGH,streakers-home
service to clean out house,30,HIGH,sweeney-home+sweeney-lexingtonpark
services to clean out houses,30,HIGH,cleaningmaideasy-home+cleanupcompany-janitorial
small apartment cleaning service,30,HIGH,themaids-laplata
standard cleaning products,30,LOW,rs-home+rs-office-cleaning
steam floor cleaning services,30,HIGH,mastercleaning-services
sweeping home,30,LOW,rs-standard-cleaning
sweeping trash,30,MEDIUM,rs-office-cleaning+rs-standard-cleaning
tailored cleaning,30,LOW,rs-move-in-out-cleaning+rs-standard-cleaning
the best cleaning services near me,30,HIGH,alliance-home
the best household cleaning products,30,HIGH,rs-office-cleaning
the cleaning b,30,LOW,rs-office-cleaning
the maids frederick md,30,MEDIUM,merrymaids-waldorf
the merry maids,30,MEDIUM,merrymaids-waldorf+streakers-california+streakers-home+themaids-laplata
they clean,30,LOW,rs-home
tidying bed,30,LOW,rs-standard-cleaning
tidying service,30,MEDIUM,mastercleaning-home+mastercleaning-services+rs-deep-cleaning+rs-home+rs-office-cleaning+rs-standard-cleaning
trash clean out,30,MEDIUM,rs-deep-cleaning+rs-move-in-out-cleaning
trash cleanout service,30,HIGH,rs-deep-cleaning+rs-standard-cleaning
vacate cleaning,30,LOW,rs-move-in-out-cleaning
wc cleaning services,30,LOW,rs-home
we clean services,30,LOW,rs-home
weekly house cleaning services near me,30,HIGH,beyondcleaningpros-laplata+merrymaids-waldorf+somdcleaningcrew-home+streakers-california
weekly maid,30,HIGH,merrymaids-waldorf+somdcleaningcrew-home+themaids-laplata
window cleaning contractors,30,LOW,mastercleaning-services
window deep cleaning,30,MEDIUM,rs-move-in-out-cleaning
your cleaning solution,30,LOW,mastercleaning-home
your cleaning solutions,30,LOW,sweeney-home+sweeney-lexingtonpark
1 time house cleaning,20,HIGH,themaids-laplata
5 cleaning,20,LOW,rs-home
a clean bathroom,20,LOW,rs-home
a cleaner space,20,LOW,rs-home
a team cleaners,20,LOW,rs-standard-cleaning
a+ cleaning solutions,20,LOW,sweeney-home+sweeney-lexingtonpark
access cleaning,20,LOW,rs-office-cleaning
after event cleaning services,20,MEDIUM,maids2mop-waldorf
all commercial cleaning,20,LOW,rs-office-cleaning
apartment cleaning service alexandria va,20,HIGH,alliance-residential+maids2mop-waldorf
apartment moving cleaning service,20,HIGH,leas-home
apartment restoration,20,HIGH,nextday-waldorf
at home cleaners,20,LOW,maids2mop-waldorf
b&b janitorial services,20,LOW,bbmaintenance-officecleaning
baseboards how to clean,20,MEDIUM,rs-deep-cleaning+rs-home+rs-move-in-out-cleaning
bathroom cleaning business,20,MEDIUM,rs-home
bathroom cleaning supplies near me,20,HIGH,rs-home
bathroom janitor,20,LOW,rs-move-in-out-cleaning+rs-standard-cleaning+rs-home
bathroom sanitation,20,LOW,rs-move-in-out-cleaning+rs-standard-cleaning
bay cleaning services,20,MEDIUM,somdcleaningcrew-home
be clean cleaning services,20,MEDIUM,bbmaintenance-officecleaning+cleanupcompany-janitorial+mastercleaning-services+rs-home
bed deep cleaning,20,HIGH,rs-standard-cleaning
best cleaner for deep cleaning,20,HIGH,rs-home
best cleaning services in my area,20,HIGH,cleaningmaideasy-home+rs-home
best deep cleaning supplies,20,HIGH,rs-home
best home cleaning company,20,HIGH,rs-home
best professional cleaning services,20,HIGH,alliance-home+maids2mop-waldorf+rs-home
best professional house cleaning services,20,HIGH,alliance-residential+beyondcleaningpros-laplata+maids2mop-waldorf+nextday-waldorf
best to clean,20,LOW,rs-deep-cleaning
best way to clean hard water build up,20,HIGH,rs-deep-cleaning
best way to deep clean baseboards,20,HIGH,rs-deep-cleaning
best way to deep clean walls,20,HIGH,rs-deep-cleaning
blt cleaning,20,LOW,alliance-residential+maids2mop-waldorf+somdcleaningcrew-home+somdcleaningcrew-stmarys+sweeney-home+sweeney-lexingtonpark
book cleaner online,20,HIGH,leas-home
boulevard service,20,LOW,mastercleaning-home
breakroom cleaning,20,LOW,rs-office-cleaning+rs-standard-cleaning
building cleaning business,20,MEDIUM,mastercleaning-services+rs-office-cleaning
business office cleaning services near me,20,MEDIUM,alliance-home
care house cleaning,20,HIGH,cleaningmaideasy-home+merrymaids-waldorf+squeakycleany-princefrederick+streakers-home+themaids-laplata
caring commercial cleaning,20,LOW,rs-office-cleaning
carpet and house cleaning,20,HIGH,squeakycleany-princefrederick
carpet care products,20,HIGH,rs-office-cleaning
carpet cleaning companies nearby,20,HIGH,alliance-home
carpet remediation,20,HIGH,bbmaintenance-officecleaning
charles cleaning services,20,LOW,bbmaintenance-officecleaning+somdcleaningcrew-home+somdcleaningcrew-stmarys
charlotte cleaning crew,20,HIGH,somdcleaningcrew-stmarys
check out cleaning,20,LOW,beyondcleaningpros-home+beyondcleaningpros-laplata+maids2mop-waldorf+rs-home
choice cleaning services,20,MEDIUM,bbmaintenance-officecleaning
clean bathroom cleaning products,20,HIGH,rs-home
clean home interior,20,LOW,rs-home+rs-move-in-out-cleaning
clean inside out,20,LOW,rs-move-in-out-cleaning
clean md commercial cleaning,20,LOW,bbmaintenance-officecleaning+cleanupcompany-janitorial
clean my apartment near me,20,HIGH,themaids-laplata
clean my home services,20,HIGH,cleaningmaideasy-home+merrymaids-waldorf
clean my house today,20,HIGH,cleaningmaideasy-home+leas-home+merrymaids-waldorf+themaids-laplata
clean out home service,20,HIGH,rs-deep-cleaning
clean room cleaning services,20,HIGH,alliance-residential+beyondcleaningpros-laplata+leas-movein-princefrederick+merrymaids-waldorf+nextday-waldorf+rs-home+squeakycleany-princefrederick+streakers-home
clean your apartment,20,MEDIUM,cleaningmaideasy-home
clean your floors,20,MEDIUM,rs-home
cleaner deep clean,20,HIGH,rs-home
cleaners available today,20,HIGH,leas-home+themaids-laplata
cleaners deep clean,20,HIGH,bbmaintenance-officecleaning+maids2mop-waldorf
cleaning after move out,20,HIGH,sweeney-home
cleaning and household,20,LOW,rs-home
cleaning and removal services,20,HIGH,rs-deep-cleaning
cleaning and trash removal,20,HIGH,cleanupcompany-janitorial+rs-deep-cleaning+rs-move-in-out-cleaning+rs-office-cleaning
cleaning around,20,LOW,rs-office-cleaning
cleaning best,20,MEDIUM,rs-deep-cleaning+rs-home+rs-office-cleaning
cleaning care orlando,20,MEDIUM,beyondcleaningpros-home
cleaning companies in the area,20,HIGH,cleanupcompany-janitorial+leas-movein-princefrederick+mastercleaning-home+mastercleaning-services+squeakycleany-princefrederick+sweeney-lexingtonpark
cleaning corporation,20,LOW,alliance-home+bbmaintenance-officecleaning+cleanupcompany-janitorial+leas-movein-princefrederick+mastercleaning-services+rs-home
cleaning crew for house,20,HIGH,alliance-home+alliance-residential+beyondcleaningpros-home+beyondcleaningpros-laplata+cleaningmaideasy-home+leas-home+leas-movein-princefrederick+maids2mop-waldorf+merrymaids-waldorf+nextday-waldorf+somdcleaningcrew-home+somdcleaningcrew-stmarys+squeakycleany-princefrederick+streakers-california+streakers-home+sweeney-home+sweeney-lexingtonpark+themaids-laplata
cleaning crew logo,20,LOW,mastercleaning-home
cleaning done,20,LOW,rs-home
cleaning hard,20,LOW,rs-deep-cleaning
cleaning home company,20,HIGH,leas-movein-princefrederick
cleaning in usa,20,LOW,streakers-california
cleaning offer,20,LOW,mastercleaning-services+sweeney-lexingtonpark
cleaning policies,20,LOW,rs-office-cleaning
cleaning policy,20,LOW,rs-move-in-out-cleaning+rs-standard-cleaning+rs-deep-cleaning
cleaning provider,20,LOW,mastercleaning-home
cleaning providers,20,LOW,bbmaintenance-officecleaning+cleaningmaideasy-home+cleanupcompany-janitorial+mastercleaning-services+rs-home+sweeney-lexingtonpark
cleaning service add,20,LOW,rs-deep-cleaning+rs-home+rs-office-cleaning+rs-standard-cleaning
cleaning service available today,20,HIGH,leas-movein-princefrederick+mastercleaning-home+merrymaids-waldorf+streakers-home+themaids-laplata
cleaning service before moving in,20,HIGH,leas-movein-princefrederick
cleaning service for deep cleaning,20,MEDIUM,alliance-home+alliance-residential+beyondcleaningpros-home+beyondcleaningpros-laplata+cleaningmaideasy-home+cleanupcompany-janitorial+leas-movein-princefrederick+maids2mop-waldorf+nextday-waldorf+rs-deep-cleaning+rs-home+rs-move-in-out-cleaning+rs-office-cleaning+rs-standard-cleaning+somdcleaningcrew-home+somdcleaningcrew-stmarys+squeakycleany-princefrederick+sweeney-home+sweeney-lexingtonpark
cleaning service for very dirty house,20,HIGH,themaids-laplata
cleaning service house near me,20,HIGH,somdcleaningcrew-home+sweeney-lexingtonpark
cleaning services building,20,MEDIUM,cleanupcompany-janitorial+mastercleaning-services+somdcleaningcrew-stmarys+squeakycleany-princefrederick
cleaning services for buildings,20,MEDIUM,cleanupcompany-janitorial+mastercleaning-services
cleaning services for moving in,20,HIGH,leas-movein-princefrederick
cleaning services include,20,LOW,cleanupcompany-janitorial+squeakycleany-princefrederick
cleaning services near me for apartment,20,HIGH,themaids-laplata
cleaning services near me house,20,HIGH,alliance-residential+beyondcleaningpros-laplata+cleaningmaideasy-home+maids2mop-waldorf+merrymaids-waldorf+nextday-waldorf+somdcleaningcrew-home+streakers-california+sweeney-lexingtonpark
cleaning services near me move out,20,HIGH,leas-home+leas-movein-princefrederick+merrymaids-waldorf+rs-move-in-out-cleaning+streakers-home+sweeney-lexingtonpark
cleaning services reading,20,MEDIUM,leas-home
cleaning services today near me,20,HIGH,alliance-home+leas-home+leas-movein-princefrederick+mastercleaning-home+merrymaids-waldorf+nextday-waldorf+streakers-home+themaids-laplata
cleaning services with carpet cleaning,20,HIGH,alliance-home+alliance-residential+bbmaintenance-officecleaning+mastercleaning-services+squeakycleany-princefrederick
cleaning specialist inc,20,LOW,mastercleaning-home
cleaning supplies for janitorial services,20,HIGH,bbmaintenance-officecleaning
cleaning supplies for kitchen and bathroom,20,HIGH,rs-home
cleaning supplies for residential cleaning,20,HIGH,rs-home
cleaning supplies you need for a house,20,HIGH,rs-home
cleaning support,20,LOW,cleanupcompany-janitorial+rs-home
cleaning under house,20,MEDIUM,maids2mop-waldorf
cleaning up your house,20,MEDIUM,rs-home+sweeney-home
cleaning your windows,20,MEDIUM,rs-office-cleaning
clear and clean services,20,LOW,rs-home
commercial and residential cleaning business,20,LOW,somdcleaningcrew-stmarys
commercial apartment cleaning services,20,HIGH,alliance-residential+cleaningmaideasy-home
commercial clean up services,20,HIGH,cleanupcompany-janitorial
commercial cleaning estimate,20,MEDIUM,cleaningmaideasy-home+cleanupcompany-janitorial+rs-deep-cleaning+rs-office-cleaning
commercial cleaning maryland,20,LOW,bbmaintenance-officecleaning+mastercleaning-home+somdcleaningcrew-home
commercial cleaning packages,20,LOW,alliance-home+alliance-residential+bbmaintenance-officecleaning+beyondcleaningpros-home+cleaningmaideasy-home+cleanupcompany-janitorial+mastercleaning-services+somdcleaningcrew-stmarys+streakers-california
commercial cleaning services maryland,20,LOW,alliance-residential+bbmaintenance-officecleaning+beyondcleaningpros-home+beyondcleaningpros-laplata+cleaningmaideasy-home+cleanupcompany-janitorial+leas-movein-princefrederick+maids2mop-waldorf+mastercleaning-home+mastercleaning-services+somdcleaningcrew-home+squeakycleany-princefrederick+streakers-california+streakers-home
commercial cleaning services quotes,20,HIGH,rs-home
commercial house cleaning services,20,HIGH,alliance-residential+beyondcleaningpros-home+beyondcleaningpros-laplata+cleaningmaideasy-home+maids2mop-waldorf+somdcleaningcrew-home+somdcleaningcrew-stmarys+squeakycleany-princefrederick
commercial maid service,20,MEDIUM,cleanupcompany-janitorial+somdcleaningcrew-home+somdcleaningcrew-stmarys
commercial space cleaning services,20,HIGH,cleaningmaideasy-home+rs-home+squeakycleany-princefrederick+streakers-california
common area cleaning services,20,LOW,cleanupcompany-janitorial+mastercleaning-services
common cleaning,20,LOW,rs-deep-cleaning+rs-move-in-out-cleaning+rs-office-cleaning+rs-standard-cleaning
complete home cleaning services,20,HIGH,merrymaids-waldorf+streakers-california+streakers-home
complete janitorial services,20,MEDIUM,cleanupcompany-janitorial
custom commercial cleaning,20,MEDIUM,rs-office-cleaning
day of cleaning service,20,HIGH,nextday-waldorf+themaids-laplata
dc deep cleaning service,20,HIGH,merrymaids-waldorf
deep clean bathroom floor,20,MEDIUM,rs-deep-cleaning
deep clean bed,20,HIGH,rs-standard-cleaning
deep clean blinds,20,MEDIUM,rs-deep-cleaning
deep clean my home,20,HIGH,rs-home+sweeney-home
deep clean oven service,20,HIGH,rs-move-in-out-cleaning
deep clean what is included,20,LOW,rs-deep-cleaning+rs-standard-cleaning
deep cleaning bathroom floor,20,MEDIUM,rs-home
deep cleaning commercial services,20,HIGH,beyondcleaningpros-home+cleaningmaideasy-home+rs-deep-cleaning+rs-home+rs-office-cleaning+rs-standard-cleaning+streakers-california
deep cleaning empty house,20,MEDIUM,rs-home
deep cleaning fee,20,MEDIUM,rs-home
deep cleaning for bathroom,20,HIGH,rs-deep-cleaning+rs-home+rs-standard-cleaning
deep cleaning products for bathroom,20,HIGH,rs-home
deep cleaning rental property,20,MEDIUM,rs-move-in-out-cleaning
deep cleaning services for cars,20,HIGH,rs-deep-cleaning+rs-standard-cleaning
deep cleaning services for offices,20,MEDIUM,bbmaintenance-officecleaning+beyondcleaningpros-home+cleaningmaideasy-home+cleanupcompany-janitorial+leas-movein-princefrederick+rs-deep-cleaning+rs-home+rs-move-in-out-cleaning+rs-office-cleaning+rs-standard-cleaning+streakers-california+streakers-home
deep cleaning specialists,20,LOW,bbmaintenance-officecleaning+rs-home+somdcleaningcrew-home+sweeney-lexingtonpark
deep cleaning what is included,20,LOW,rs-deep-cleaning+rs-move-in-out-cleaning+rs-standard-cleaning
deep floor cleaning services,20,HIGH,alliance-home+bbmaintenance-officecleaning+rs-home
deep house clean near me,20,HIGH,merrymaids-waldorf+streakers-home+themaids-laplata
deep house cleaning companies near me,20,HIGH,merrymaids-waldorf+streakers-california
degrease all,20,HIGH,rs-office-cleaning
detail home cleaning service,20,HIGH,rs-home
difference between cleaning and deep cleaning,20,LOW,rs-deep-cleaning+rs-move-in-out-cleaning
difference between standard and deep cleaning,20,LOW,rs-deep-cleaning+rs-home
difference between standard cleaning and deep cleaning,20,LOW,rs-deep-cleaning+rs-home+rs-move-in-out-cleaning
disinfecting bed,20,MEDIUM,rs-standard-cleaning
disinfecting walls,20,HIGH,rs-deep-cleaning+rs-move-in-out-cleaning
domestic cleaning agency,20,HIGH,merrymaids-waldorf+somdcleaningcrew-home+somdcleaningcrew-stmarys
empty house cleaning services near me,20,HIGH,streakers-home
empty house deep cleaning,20,MEDIUM,rs-home
enjoy house cleaning,20,LOW,streakers-california
every clean,20,LOW,rs-deep-cleaning+rs-standard-cleaning+sweeney-home+sweeney-lexingtonpark
exterior building cleaning services near me,20,HIGH,cleanupcompany-janitorial
exterior home maintenance services,20,HIGH,cleanupcompany-janitorial
fabric cleaning services,20,HIGH,alliance-residential
facility management cleaning services,20,MEDIUM,bbmaintenance-officecleaning+cleanupcompany-janitorial
facility service cleaning company,20,LOW,cleanupcompany-janitorial+mastercleaning-services
find local cleaner,20,MEDIUM,leas-home+rs-home
floor grout cleaning services,20,HIGH,alliance-residential
for cleaning house,20,LOW,rs-home
free cleaning contracts,20,HIGH,streakers-california
fresh hygiene,20,LOW,rs-move-in-out-cleaning
full home deep cleaning,20,HIGH,rs-deep-cleaning+streakers-home
get a cleaning quote,20,MEDIUM,rs-home
get a maid,20,MEDIUM,maids2mop-waldorf
get carpets professionally cleaned,20,HIGH,bbmaintenance-officecleaning
get clean services,20,LOW,rs-home
get it clean services,20,LOW,rs-home
good for cleaning,20,LOW,rs-move-in-out-cleaning
green office cleaning,20,LOW,mastercleaning-home
hard water soap scum cleaner,20,HIGH,rs-deep-cleaning
hire a house cleaner near me,20,HIGH,leas-home
hire a professional cleaner,20,HIGH,squeakycleany-princefrederick
hire house cleaning service,20,HIGH,leas-home+maids2mop-waldorf+nextday-waldorf+squeakycleany-princefrederick
hoa cleaning services,20,MEDIUM,cleanupcompany-janitorial
home clean home services,20,MEDIUM,bbmaintenance-officecleaning+cleaningmaideasy-home+leas-movein-princefrederick+rs-deep-cleaning+rs-home+rs-move-in-out-cleaning+rs-standard-cleaning+sweeney-lexingtonpark
home cleaning agency near me,20,HIGH,mastercleaning-home
home cleaning experts,20,LOW,mastercleaning-home+rs-home
home cleaning in my area,20,HIGH,rs-home
home cleaning photo,20,LOW,mastercleaning-home
home cleaning supplies near me,20,HIGH,rs-home
home cleaning website,20,MEDIUM,streakers-home
home cleaning websites,20,MEDIUM,rs-home
home floor cleaning services,20,HIGH,alliance-residential+bbmaintenance-officecleaning+mastercleaning-services+squeakycleany-princefrederick
home housekeeping services,20,HIGH,leas-movein-princefrederick+nextday-waldorf
home tidying services,20,HIGH,cleaningmaideasy-home+mastercleaning-home+merrymaids-waldorf+rs-deep-cleaning+rs-move-in-out-cleaning+rs-standard-cleaning+somdcleaningcrew-home+somdcleaningcrew-stmarys+streakers-california+sweeney-home+sweeney-lexingtonpark
house and office cleaning,20,LOW,somdcleaningcrew-stmarys
house cleaners near me reviews,20,HIGH,streakers-california
house cleaning and carpet cleaning services,20,HIGH,alliance-home+nextday-waldorf+squeakycleany-princefrederick
house cleaning assistance,20,HIGH,alliance-residential+rs-home+somdcleaningcrew-home+somdcleaningcrew-stmarys+sweeney-lexingtonpark
house cleaning authority,20,HIGH,alliance-residential+somdcleaningcrew-home+somdcleaningcrew-stmarys
house cleaning contractors,20,MEDIUM,rs-home
house cleaning crew near me,20,HIGH,merrymaids-waldorf+somdcleaningcrew-home+somdcleaningcrew-stmarys+streakers-california
house cleaning deals near me,20,HIGH,streakers-home+themaids-laplata
house cleaning deep cleaning checklist,20,MEDIUM,maids2mop-waldorf
house cleaning person near me,20,HIGH,merrymaids-waldorf+streakers-california
house cleaning services near me reviews,20,HIGH,sweeney-lexingtonpark
house cleaning today near me,20,HIGH,merrymaids-waldorf
house cleaning usa,20,MEDIUM,streakers-california
house cleaning with carpet cleaning,20,HIGH,alliance-residential+nextday-waldorf+squeakycleany-princefrederick
house deep cleaning service price,20,MEDIUM,rs-home
house for cleaning services,20,LOW,alliance-residential+rs-home+somdcleaningcrew-home+somdcleaningcrew-stmarys+sweeney-home+sweeney-lexingtonpark
house is clean,20,LOW,sweeney-home+sweeney-lexingtonpark
house maid agency,20,HIGH,beyondcleaningpros-laplata+cleaningmaideasy-home+maids2mop-waldorf+nextday-waldorf+somdcleaningcrew-home+somdcleaningcrew-stmarys
house move out cleaning cost,20,HIGH,maids2mop-waldorf
house moving cleaning services near me,20,HIGH,beyondcleaningpros-laplata+leas-home+leas-movein-princefrederick
house sanitation services,20,HIGH,nextday-waldorf
house tidying service,20,HIGH,alliance-residential+beyondcleaningpros-home+beyondcleaningpros-laplata+cleaningmaideasy-home+leas-movein-princefrederick+maids2mop-waldorf+nextday-waldorf+somdcleaningcrew-home+somdcleaningcrew-stmarys+squeakycleany-princefrederick+streakers-california+sweeney-home+sweeney-lexingtonpark
household and cleaning,20,LOW,rs-home
i need a maid to clean my house,20,HIGH,cleaningmaideasy-home+merrymaids-waldorf
i need help cleaning,20,LOW,rs-home
i need job cleaning,20,LOW,rs-home
i need job for cleaning,20,LOW,rs-home
if cleaning,20,LOW,bbmaintenance-officecleaning
in & out cleaner,20,LOW,rs-office-cleaning+rs-standard-cleaning+rs-deep-cleaning
in & out cleaning,20,LOW,rs-move-in-out-cleaning
in house maid service,20,HIGH,beyondcleaningpros-laplata+cleaningmaideasy-home+maids2mop-waldorf+nextday-waldorf+somdcleaningcrew-home+somdcleaningcrew-stmarys
individual cleaning services,20,HIGH,mastercleaning-services
industrial building cleaning,20,MEDIUM,cleanupcompany-janitorial
industrial carpet cleaning company,20,MEDIUM,alliance-home+alliance-residential
industrial carpet cleaning services,20,MEDIUM,alliance-home+alliance-residential
industrial floor cleaning company,20,LOW,cleanupcompany-janitorial
initial cleaning company,20,LOW,rs-home
initial cleaning services,20,LOW,alliance-residential+rs-home
instant cleaning services,20,HIGH,rs-home
janitorial office cleaning services,20,MEDIUM,bbmaintenance-officecleaning+beyondcleaningpros-home+cleanupcompany-janitorial+leas-movein-princefrederick+mastercleaning-home+mastercleaning-services
janitorial supplies for businesses,20,HIGH,mastercleaning-home
janitorial vendors,20,HIGH,cleanupcompany-janitorial+mastercleaning-home+mastercleaning-services
junk removal cleaning,20,MEDIUM,rs-home
keeping service,20,LOW,mastercleaning-home+rs-deep-cleaning+rs-office-cleaning+rs-standard-cleaning
kitchen floor cleaning services,20,HIGH,rs-home
lawn cleaners,20,MEDIUM,bbmaintenance-officecleaning
lexington house cleaning,20,HIGH,somdcleaningcrew-home+somdcleaningcrew-stmarys+sweeney-lexingtonpark
local cleaning agencies,20,MEDIUM,rs-home
local cleaning agency,20,MEDIUM,mastercleaning-home
local deep cleaning services,20,HIGH,beyondcleaningpros-laplata+leas-home+nextday-waldorf+rs-deep-cleaning+rs-home+rs-office-cleaning+rs-standard-cleaning+streakers-california+streakers-home+sweeney-home
local house cleaners in my area,20,HIGH,leas-home+streakers-california+streakers-home
local janitorial companies,20,HIGH,mastercleaning-home
local office cleaners,20,HIGH,streakers-california
local professional cleaning services,20,HIGH,rs-home
looking for house cleaner near me,20,HIGH,leas-home+themaids-laplata
looking for house cleaning services,20,LOW,alliance-residential+beyondcleaningpros-laplata+cleaningmaideasy-home+leas-movein-princefrederick+maids2mop-waldorf+merrymaids-waldorf+nextday-waldorf+somdcleaningcrew-home+somdcleaningcrew-stmarys+squeakycleany-princefrederick+streakers-california+streakers-home+sweeney-home+sweeney-lexingtonpark
maid and cleaning services near me,20,HIGH,merrymaids-waldorf+streakers-california
maid brigade locations,20,LOW,streakers-california
maid business,20,LOW,somdcleaningcrew-home+somdcleaningcrew-stmarys
maid for this cleaning service,20,MEDIUM,cleaningmaideasy-home+maids2mop-waldorf+somdcleaningcrew-home+somdcleaningcrew-stmarys
maid md,20,MEDIUM,somdcleaningcrew-stmarys
maids 2 hire,20,MEDIUM,maids2mop-waldorf
mansion cleaning services,20,LOW,somdcleaningcrew-home+somdcleaningcrew-stmarys+sweeney-lexingtonpark
master cleaning company,20,MEDIUM,mastercleaning-home+mastercleaning-services
master janitorial,20,LOW,mastercleaning-home
md maid,20,MEDIUM,somdcleaningcrew-home+somdcleaningcrew-stmarys
messy house cleaning service,20,HIGH,leas-home
monthly home cleaning,20,HIGH,rs-standard-cleaning+somdcleaningcrew-home
mopping at home,20,HIGH,rs-deep-cleaning+rs-move-in-out-cleaning+rs-standard-cleaning
more than cleaning,20,LOW,rs-move-in-out-cleaning
move and clean,20,LOW,rs-deep-cleaning+rs-home+sweeney-lexingtonpark
move in ready cleaning,20,MEDIUM,rs-home+rs-move-in-out-cleaning+sweeney-home+sweeney-lexingtonpark
move out apartment cleaning cost,20,MEDIUM,maids2mop-waldorf
move out clean up,20,HIGH,rs-home+sweeney-home+sweeney-lexingtonpark
move out cleaning estimate,20,HIGH,leas-movein-princefrederick+rs-deep-cleaning+rs-home+rs-move-in-out-cleaning+sweeney-lexingtonpark
move out cleaning service virginia beach,20,HIGH,leas-home
move out cleaning services alexandria va,20,HIGH,alliance-residential+maids2mop-waldorf
move out cleaning services with carpet cleaning,20,HIGH,alliance-residential+nextday-waldorf
moving and cleaning,20,LOW,rs-move-in-out-cleaning
moving out cleaning service near me,20,HIGH,beyondcleaningpros-laplata+leas-home+leas-movein-princefrederick+rs-move-in-out-cleaning
my cleaning business,20,LOW,alliance-home+cleaningmaideasy-home+leas-movein-princefrederick+rs-home
my cleaning company,20,LOW,alliance-home+rs-home
natural cleaning service near me,20,MEDIUM,mastercleaning-home
need house cleaner near me,20,HIGH,merrymaids-waldorf
need house cleaning services,20,HIGH,alliance-residential+beyondcleaningpros-home+beyondcleaningpros-laplata+cleaningmaideasy-home+leas-movein-princefrederick+maids2mop-waldorf+merrymaids-waldorf+nextday-waldorf+rs-home+somdcleaningcrew-home+somdcleaningcrew-stmarys+squeakycleany-princefrederick+sweeney-lexingtonpark
new apartment cleaning service,20,HIGH,cleaningmaideasy-home
new home move in cleaning service,20,HIGH,leas-movein-princefrederick+rs-move-in-out-cleaning
next day maid service,20,HIGH,leas-home
office building cleaning contracts,20,MEDIUM,cleanupcompany-janitorial+mastercleaning-services
office building cleaning services near me,20,LOW,bbmaintenance-officecleaning+cleanupcompany-janitorial+mastercleaning-home+mastercleaning-services+somdcleaningcrew-stmarys
office floor cleaning services,20,MEDIUM,bbmaintenance-officecleaning+cleanupcompany-janitorial+mastercleaning-services+squeakycleany-princefrederick+streakers-home
office general cleaning,20,LOW,somdcleaningcrew-stmarys
office maid,20,LOW,somdcleaningcrew-stmarys
office maid service,20,LOW,somdcleaningcrew-home+somdcleaningcrew-stmarys
office space cleaning services,20,HIGH,alliance-residential+beyondcleaningpros-home+cleaningmaideasy-home+cleanupcompany-janitorial+leas-movein-princefrederick+mastercleaning-home+squeakycleany-princefrederick+streakers-california+streakers-home
offices looking for cleaning services,20,LOW,bbmaintenance-officecleaning+cleanupcompany-janitorial+mastercleaning-home+mastercleaning-services+somdcleaningcrew-stmarys+streakers-california
one a cleaning,20,LOW,rs-standard-cleaning
one off house clean,20,LOW,beyondcleaningpros-laplata+sweeney-home+themaids-laplata
one room cleaning service,20,HIGH,merrymaids-waldorf
one time bathroom cleaning services,20,HIGH,leas-home+squeakycleany-princefrederick+streakers-home+themaids-laplata
one time deep cleaning cost,20,MEDIUM,beyondcleaningpros-laplata
one time house deep cleaning,20,HIGH,merrymaids-waldorf+sweeney-home
one time move out cleaning service,20,HIGH,beyondcleaningpros-laplata+maids2mop-waldorf+merrymaids-waldorf+sweeney-home+sweeney-lexingtonpark
online cleaning business,20,HIGH,rs-home
online cleaning company,20,MEDIUM,bbmaintenance-officecleaning+beyondcleaningpros-home+rs-home
our clean home,20,LOW,rs-deep-cleaning
our cleaning services,20,LOW,alliance-residential+bbmaintenance-officecleaning+beyondcleaningpros-home+cleaningmaideasy-home+mastercleaning-services+nextday-waldorf+rs-home+squeakycleany-princefrederick+sweeney-lexingtonpark
oven cleaner inside,20,HIGH,rs-move-in-out-cleaning
park cleaning services,20,LOW,somdcleaningcrew-stmarys+sweeney-lexingtonpark
parking cleaning services,20,MEDIUM,bbmaintenance-officecleaning
pay someone to clean my room,20,HIGH,merrymaids-waldorf
people looking for house cleaning,20,MEDIUM,sweeney-home
people who need house cleaning,20,HIGH,sweeney-home
perfectly clean house,20,LOW,rs-home
post move cleaning services,20,HIGH,themaids-laplata
pre move in deep cleaning,20,HIGH,rs-deep-cleaning
premium cleaning company,20,MEDIUM,rs-home
professional building cleaning,20,MEDIUM,mastercleaning-services+somdcleaningcrew-stmarys
professional building cleaning services,20,MEDIUM,bbmaintenance-officecleaning+mastercleaning-services+somdcleaningcrew-stmarys
professional clean up service,20,LOW,mastercleaning-services
professional cleaning before moving in,20,MEDIUM,beyondcleaningpros-laplata+leas-home+merrymaids-waldorf+streakers-home+sweeney-home
professional cleaning lady,20,MEDIUM,mastercleaning-services+rs-home+somdcleaningcrew-stmarys+sweeney-lexingtonpark
professional cleaning services for schools,20,LOW,mastercleaning-home
professional cleaning services in my area,20,LOW,bbmaintenance-officecleaning+mastercleaning-services+rs-home+sweeney-lexingtonpark
professional cleaning specialists,20,LOW,rs-home
professional cleaning team,20,MEDIUM,alliance-home+bbmaintenance-officecleaning+beyondcleaningpros-home+leas-movein-princefrederick+mastercleaning-services+nextday-waldorf+rs-home+somdcleaningcrew-home+somdcleaningcrew-stmarys+squeakycleany-princefrederick+sweeney-home+sweeney-lexingtonpark
professional floor cleaning equipment,20,HIGH,bbmaintenance-officecleaning
professional floor stripping and waxing,20,HIGH,mastercleaning-services
professional house cleaners in my area,20,HIGH,beyondcleaningpros-home+beyondcleaningpros-laplata+cleaningmaideasy-home+maids2mop-waldorf+merrymaids-waldorf+nextday-waldorf+somdcleaningcrew-stmarys+squeakycleany-princefrederick+streakers-california+streakers-home+themaids-laplata
professional house cleaning products,20,HIGH,alliance-residential+beyondcleaningpros-laplata+nextday-waldorf
professional janitorial inc,20,LOW,mastercleaning-services
professional sweeping,20,MEDIUM,rs-office-cleaning
property deep cleaning,20,MEDIUM,rs-move-in-out-cleaning
r & s cleaning services,20,LOW,rs-deep-cleaning+rs-home+rs-move-in-out-cleaning+rs-office-cleaning+rs-standard-cleaning
reliable carpet care,20,LOW,rs-office-cleaning
removal and cleaning services,20,HIGH,bbmaintenance-officecleaning+rs-home
rental cleaning services near me,20,HIGH,merrymaids-waldorf+sweeney-lexingtonpark
rental turnover cleaning,20,MEDIUM,sweeney-lexingtonpark
reset your home,20,LOW,rs-deep-cleaning
room deep cleaning services,20,HIGH,merrymaids-waldorf+streakers-home
sanitizing house cleaning services,20,HIGH,nextday-waldorf
service master janitorial,20,MEDIUM,mastercleaning-home+mastercleaning-services
short term cleaning services,20,MEDIUM,sweeney-home+sweeney-lexingtonpark
short term rental cleaning service near me,20,HIGH,beyondcleaningpros-home+sweeney-lexingtonpark
solutions for cleaning,20,LOW,sweeney-home+sweeney-lexingtonpark
southern maryland cleaning services,20,HIGH,bbmaintenance-officecleaning+mastercleaning-home+mastercleaning-services+rs-home+somdcleaningcrew-home+sweeney-home
spot cleaning service,20,MEDIUM,rs-deep-cleaning
spot cleaning walls,20,HIGH,rs-deep-cleaning+rs-move-in-out-cleaning
st cleaning services,20,LOW,somdcleaningcrew-home+somdcleaningcrew-stmarys
standard cleaning supplies,20,MEDIUM,rs-home+rs-office-cleaning
sustainable cleaning services,20,LOW,mastercleaning-home
sweeping products,20,MEDIUM,rs-office-cleaning
the best cleaning company,20,HIGH,alliance-home
the best cleaning service,20,MEDIUM,rs-deep-cleaning+rs-office-cleaning
the cleaner you,20,LOW,rs-standard-cleaning
the cleaning lady cleaning services,20,MEDIUM,mastercleaning-home+rs-office-cleaning
the cleaning maids,20,MEDIUM,mastercleaning-home
the cleaning solutions company,20,MEDIUM,alliance-home+sweeney-home
the cleaning specialists,20,MEDIUM,mastercleaning-home
the commercial cleaning services,20,MEDIUM,alliance-home+alliance-residential+bbmaintenance-officecleaning+beyondcleaningpros-home+cleaningmaideasy-home+cleanupcompany-janitorial+leas-movein-princefrederick+mastercleaning-home+rs-home+rs-office-cleaning+somdcleaningcrew-home+somdcleaningcrew-stmarys
the crew cleaning service,20,LOW,somdcleaningcrew-home+somdcleaningcrew-stmarys
the maids phone number,20,HIGH,mastercleaning-home+rs-move-in-out-cleaning+rs-office-cleaning
the professional cleaning co,20,LOW,rs-home
thorough house cleaning service,20,HIGH,leas-movein-princefrederick+squeakycleany-princefrederick+themaids-laplata
time cleaning,20,LOW,rs-home+rs-standard-cleaning+sweeney-home+rs-deep-cleaning
time cleaning services,20,LOW,mastercleaning-services+rs-home
top cleaning companies in usa,20,LOW,streakers-home
turn over cleaning,20,MEDIUM,sweeney-lexingtonpark
under house cleaning,20,HIGH,maids2mop-waldorf
urgent cleaning,20,MEDIUM,squeakycleany-princefrederick
vacuuming office,20,LOW,rs-office-cleaning
vacuuming the bed,20,LOW,rs-standard-cleaning
water scum removal,20,HIGH,rs-deep-cleaning
weekly cleaning lady,20,MEDIUM,mastercleaning-services+somdcleaningcrew-home
window cleaning deals,20,HIGH,mastercleaning-services
work for cleaning companies,20,LOW,rs-home
www cleaning services,20,HIGH,alliance-home+alliance-residential+bbmaintenance-officecleaning+beyondcleaningpros-home+beyondcleaningpros-laplata+cleaningmaideasy-home+cleanupcompany-janitorial+leas-movein-princefrederick+maids2mop-waldorf+mastercleaning-home+mastercleaning-services+nextday-waldorf+rs-home+somdcleaningcrew-home+somdcleaningcrew-stmarys+squeakycleany-princefrederick+streakers-california+streakers-home+sweeney-lexingtonpark
a carpet cleaning company,10,HIGH,bbmaintenance-officecleaning
a clean move,10,LOW,leas-movein-princefrederick+rs-home+rs-move-in-out-cleaning
a cleaner you,10,LOW,rs-standard-cleaning
a good cleaning company,10,LOW,rs-home
about cleaning company,10,MEDIUM,leas-movein-princefrederick+mastercleaning-home+rs-home
about cleaning services,10,MEDIUM,alliance-residential+bbmaintenance-officecleaning+beyondcleaningpros-home+cleaningmaideasy-home+cleanupcompany-janitorial+leas-movein-princefrederick+mastercleaning-home+mastercleaning-services+rs-home+somdcleaningcrew-home+somdcleaningcrew-stmarys+sweeney-lexingtonpark
about commercial cleaning,10,,mastercleaning-home+rs-deep-cleaning+rs-office-cleaning+rs-standard-cleaning
about time cleaning,10,MEDIUM,sweeney-home
about time cleaning services,10,,mastercleaning-services
about us cleaning company,10,LOW,alliance-home+alliance-residential+bbmaintenance-officecleaning+beyondcleaningpros-home+leas-movein-princefrederick+maids2mop-waldorf+mastercleaning-services+nextday-waldorf+rs-home+somdcleaningcrew-home+somdcleaningcrew-stmarys+squeakycleany-princefrederick+streakers-california+streakers-home
about us cleaning services,10,LOW,alliance-residential+bbmaintenance-officecleaning+mastercleaning-home+mastercleaning-services+rs-home+somdcleaningcrew-home+somdcleaningcrew-stmarys+sweeney-lexingtonpark
after building cleaning services,10,,mastercleaning-services
after you cleaning,10,LOW,rs-office-cleaning+rs-standard-cleaning
agency cleaning staff,10,MEDIUM,bbmaintenance-officecleaning+mastercleaning-services
airbnb cleaning service orlando,10,MEDIUM,beyondcleaningpros-home
all carpet care,10,LOW,rs-office-cleaning
all clean home services,10,MEDIUM,rs-deep-cleaning+rs-standard-cleaning
all deep cleaning services,10,LOW,rs-deep-cleaning+rs-home+sweeney-lexingtonpark
all for cleaning,10,LOW,rs-deep-cleaning+rs-move-in-out-cleaning+rs-office-cleaning+rs-standard-cleaning
all home cleaning,10,LOW,rs-standard-cleaning
all the cleaning,10,LOW,rs-deep-cleaning+rs-move-in-out-cleaning+rs-office-cleaning+rs-standard-cleaning
alliance cleaning products,10,LOW,alliance-home+alliance-residential
any house cleaning services,10,LOW,somdcleaningcrew-home+sweeney-home+sweeney-lexingtonpark
apa itu deep cleaning,10,,rs-deep-cleaning+rs-standard-cleaning
apartment cleaning services fort worth,10,HIGH,leas-home+themaids-laplata
at your service cleaning company,10,MEDIUM,rs-home
at your service cleaning service,10,LOW,mastercleaning-home+rs-home+rs-office-cleaning
at your service house cleaning,10,HIGH,rs-home
at your service master,10,LOW,mastercleaning-home
bathroom cleaning appliances,10,HIGH,rs-home
bathroom cleaning at home,10,MEDIUM,rs-home+rs-move-in-out-cleaning+rs-standard-cleaning
bathroom cleaning charges,10,HIGH,rs-home
bathroom cleaning lady,10,HIGH,rs-home
bathroom cleaning maid,10,MEDIUM,rs-home
bathroom cleaning person,10,HIGH,rs-home
bathroom cleaning services online,10,,rs-home
bathroom cleaning specialists,10,HIGH,rs-home
bathroom cleaning time,10,LOW,rs-standard-cleaning+rs-home
bathroom cleaning work,10,MEDIUM,rs-home
bathroom deep cleaning price,10,HIGH,rs-home
bathroom detailing,10,MEDIUM,rs-move-in-out-cleaning+rs-standard-cleaning
bathroom is clean,10,LOW,rs-move-in-out-cleaning+rs-standard-cleaning
bathroom sanitation services,10,HIGH,rs-home+rs-move-in-out-cleaning+rs-standard-cleaning
bathroom scrubbing,10,HIGH,rs-deep-cleaning+rs-move-in-out-cleaning+rs-standard-cleaning+rs-home
be cleaning company,10,LOW,mastercleaning-home+rs-home
bed making service,10,MEDIUM,rs-standard-cleaning
best bathroom cleaning services,10,HIGH,rs-home
best bathroom deep cleaner,10,HIGH,rs-deep-cleaning+rs-home
best bathroom sanitizer,10,HIGH,rs-home
best cleaning business,10,MEDIUM,alliance-home+leas-movein-princefrederick+streakers-home
best cleaning company in usa,10,,leas-home+streakers-home
best cleaning products for commercial cleaning,10,HIGH,alliance-home+rs-office-cleaning
best cleaning quotes,10,LOW,rs-deep-cleaning
best company cleaning,10,HIGH,rs-home
best deep cleaning company,10,HIGH,rs-home
best for cleaning bathroom,10,MEDIUM,rs-home
best home care products,10,,rs-office-cleaning
best home deep cleaning services,10,MEDIUM,rs-deep-cleaning+rs-home
best house cleaning websites,10,HIGH,beyondcleaningpros-laplata+nextday-waldorf+streakers-home
best move out house cleaning services,10,HIGH,sweeney-home
best of all cleaning,10,,rs-deep-cleaning
best of clean,10,LOW,rs-deep-cleaning
best place for cleaning products,10,HIGH,rs-office-cleaning
best scum cleaner,10,HIGH,rs-deep-cleaning
best way to clean walls when moving out,10,HIGH,rs-move-in-out-cleaning
best way to deep clean kitchen,10,LOW,rs-deep-cleaning
best way to remove soap scum buildup,10,HIGH,rs-deep-cleaning
bi monthly cleaning service,10,HIGH,cleanupcompany-janitorial+rs-standard-cleaning+somdcleaningcrew-home
bonded insured house cleaning,10,HIGH,sweeney-home
book a cleaner near me,10,HIGH,leas-home
book a cleaner today,10,HIGH,leas-home
book a cleaning service online,10,HIGH,leas-home
book a house cleaner,10,HIGH,nextday-waldorf
book house cleaning services,10,HIGH,maids2mop-waldorf+somdcleaningcrew-home
book professional cleaning,10,HIGH,maids2mop-waldorf+streakers-home
book your cleaning,10,LOW,rs-home
boulevard cleaning,10,LOW,mastercleaning-home
bto cleaning services,10,LOW,maids2mop-waldorf
building and maintenance services,10,MEDIUM,mastercleaning-services
building cleaning contractors,10,MEDIUM,somdcleaningcrew-stmarys
building services cleaning,10,HIGH,cleanupcompany-janitorial+mastercleaning-services
buildings that need cleaning,10,MEDIUM,cleanupcompany-janitorial
bungalow cleaning,10,HIGH,somdcleaningcrew-stmarys+sweeney-lexingtonpark
bungalow cleaning services,10,HIGH,somdcleaningcrew-home+somdcleaningcrew-stmarys
business cleaning products,10,HIGH,rs-office-cleaning
business cleaning supplies near me,10,HIGH,rs-office-cleaning
business deep cleaning services,10,HIGH,alliance-home+beyondcleaningpros-home+cleaningmaideasy-home+cleanupcompany-janitorial+leas-movein-princefrederick+rs-home+rs-office-cleaning+somdcleaningcrew-home+somdcleaningcrew-stmarys+squeakycleany-princefrederick+streakers-home+sweeney-home
business window cleaning service,10,HIGH,mastercleaning-services
call and clean,10,LOW,mastercleaning-home+rs-office-cleaning
call cleaning services,10,HIGH,rs-home
calvert cleaning,10,LOW,rs-deep-cleaning+rs-move-in-out-cleaning+rs-office-cleaning+rs-standard-cleaning
care commercial cleaning services,10,LOW,bbmaintenance-officecleaning+cleanupcompany-janitorial+rs-home+rs-office-cleaning
care home cleaning services,10,LOW,rs-home
care in cleaning,10,LOW,rs-office-cleaning+rs-home
carpet care solution,10,LOW,mastercleaning-home
carpet cleaning agency,10,MEDIUM,bbmaintenance-officecleaning
carpet cleaning and deodorizing service,10,HIGH,mastercleaning-services
carpet cleaning companies in the area,10,HIGH,alliance-home+bbmaintenance-officecleaning+squeakycleany-princefrederick
carpet cleaning in,10,MEDIUM,bbmaintenance-officecleaning+squeakycleany-princefrederick
carpet cleaning st marys,10,,bbmaintenance-officecleaning
carpet cleaning work,10,MEDIUM,bbmaintenance-officecleaning
cheap apartment cleaners near me,10,HIGH,themaids-laplata
cheap bathroom cleaning services,10,HIGH,rs-home
cheap cleaning service los angeles,10,MEDIUM,themaids-laplata
cheap commercial cleaning supplies,10,HIGH,rs-office-cleaning
cheap professional cleaning services,10,HIGH,leas-home+mastercleaning-services+merrymaids-waldorf+streakers-california+streakers-home+themaids-laplata
clean & quick,10,LOW,rs-deep-cleaning+rs-standard-cleaning
clean all carpets,10,,rs-standard-cleaning
clean and good,10,LOW,rs-move-in-out-cleaning
clean and quick,10,LOW,rs-deep-cleaning
clean and well,10,LOW,rs-deep-cleaning
clean as you,10,LOW,rs-standard-cleaning
clean clean cleaning services,10,MEDIUM,rs-home
clean cleaned cleaned,10,,rs-deep-cleaning+rs-move-in-out-cleaning+rs-standard-cleaning
clean get,10,LOW,rs-deep-cleaning+rs-home+rs-move-in-out-cleaning+rs-standard-cleaning
clean grout in bathroom floor,10,HIGH,rs-home
clean home and more,10,,rs-move-in-out-cleaning
clean home routine,10,MEDIUM,rs-deep-cleaning+rs-move-in-out-cleaning
clean in detail,10,LOW,rs-home
clean it clean,10,LOW,rs-deep-cleaning+rs-home+rs-move-in-out-cleaning+rs-standard-cleaning
clean it for you,10,LOW,rs-move-in-out-cleaning+rs-standard-cleaning
clean my house service,10,HIGH,beyondcleaningpros-laplata+cleaningmaideasy-home+leas-home+leas-movein-princefrederick+nextday-waldorf+rs-home+sweeney-home+sweeney-lexingtonpark+themaids-laplata
clean on the spot,10,MEDIUM,rs-deep-cleaning
clean out trash removal,10,HIGH,rs-deep-cleaning+rs-standard-cleaning
clean premium,10,LOW,rs-home+rs-office-cleaning
clean the inside of oven,10,,rs-move-in-out-cleaning
clean the space,10,LOW,rs-home
clean to day,10,,mastercleaning-home
clean up living room,10,LOW,rs-home
clean up my space,10,MEDIUM,rs-home
clean up your space,10,LOW,rs-home
clean we,10,MEDIUM,rs-home+rs-standard-cleaning
clean your blinds,10,LOW,rs-deep-cleaning
clean your office,10,LOW,bbmaintenance-officecleaning+rs-deep-cleaning+rs-standard-cleaning
cleaners house cleaners,10,HIGH,somdcleaningcrew-home+somdcleaningcrew-stmarys+sweeney-home+sweeney-lexingtonpark
cleaners lexington,10,LOW,sweeney-lexingtonpark
cleaning & household,10,,rs-home+rs-standard-cleaning
cleaning _ services,10,,mastercleaning-home+mastercleaning-services+rs-deep-cleaning+rs-home+rs-move-in-out-cleaning+rs-office-cleaning+rs-standard-cleaning
cleaning a building,10,LOW,mastercleaning-services
cleaning abn,10,HIGH,rs-home
cleaning agency logo,10,,mastercleaning-home
cleaning airbnb service,10,HIGH,beyondcleaningpros-home+leas-movein-princefrederick
cleaning all the time,10,LOW,rs-standard-cleaning
cleaning and beyond,10,LOW,rs-deep-cleaning
cleaning and home services,10,LOW,rs-home
cleaning and oven,10,MEDIUM,rs-move-in-out-cleaning
cleaning at your service,10,MEDIUM,rs-home+rs-standard-cleaning
cleaning authority corporate office,10,LOW,mastercleaning-home
cleaning authority maryland,10,LOW,mastercleaning-home
cleaning bathroom services,10,HIGH,rs-move-in-out-cleaning+rs-standard-cleaning
cleaning booking website,10,HIGH,streakers-home
cleaning business without cleaning,10,LOW,rs-home
cleaning companies for homes,10,HIGH,rs-home
cleaning companies in,10,MEDIUM,mastercleaning-home
cleaning company about us,10,LOW,mastercleaning-home
cleaning company airbnb,10,HIGH,beyondcleaningpros-home+leas-movein-princefrederick
cleaning company branding,10,MEDIUM,mastercleaning-home
cleaning company for deep cleaning,10,HIGH,alliance-home+bbmaintenance-officecleaning+beyondcleaningpros-home+cleaningmaideasy-home+cleanupcompany-janitorial+leas-movein-princefrederick+maids2mop-waldorf+nextday-waldorf+rs-home+somdcleaningcrew-home+somdcleaningcrew-stmarys+sweeney-home+sweeney-lexingtonpark
cleaning company in,10,HIGH,rs-home
cleaning company owner,10,LOW,rs-home
cleaning contracts in maryland,10,LOW,bbmaintenance-officecleaning+beyondcleaningpros-home+cleaningmaideasy-home+mastercleaning-services+streakers-california
cleaning corners of baseboards,10,HIGH,rs-deep-cleaning
cleaning customers,10,LOW,cleaningmaideasy-home
cleaning doors and baseboards,10,MEDIUM,rs-deep-cleaning+rs-move-in-out-cleaning
cleaning facility management companies,10,,bbmaintenance-officecleaning
cleaning firma,10,HIGH,cleanupcompany-janitorial+leas-movein-princefrederick
cleaning firms near me,10,,alliance-home+leas-home+streakers-home
cleaning for company,10,MEDIUM,cleanupcompany-janitorial+leas-movein-princefrederick+rs-home
cleaning formulas,10,LOW,mastercleaning-home+sweeney-home+sweeney-lexingtonpark
cleaning helpers,10,MEDIUM,alliance-residential+bbmaintenance-officecleaning+beyondcleaningpros-home+cleaningmaideasy-home+cleanupcompany-janitorial+leas-movein-princefrederick+mastercleaning-services+merrymaids-waldorf+nextday-waldorf+rs-home+somdcleaningcrew-home+somdcleaningcrew-stmarys+squeakycleany-princefrederick+streakers-california+sweeney-lexingtonpark
cleaning home cleaning,10,MEDIUM,bbmaintenance-officecleaning+mastercleaning-home+rs-deep-cleaning+rs-home+rs-move-in-out-cleaning+rs-standard-cleaning+somdcleaningcrew-home+somdcleaningcrew-stmarys+sweeney-home+sweeney-lexingtonpark
cleaning in office,10,LOW,bbmaintenance-officecleaning+mastercleaning-home+rs-deep-cleaning+rs-move-in-out-cleaning+rs-office-cleaning+rs-standard-cleaning+somdcleaningcrew-stmarys
cleaning in the office,10,LOW,bbmaintenance-officecleaning+mastercleaning-home+rs-deep-cleaning+rs-move-in-out-cleaning+rs-office-cleaning+rs-standard-cleaning+somdcleaningcrew-stmarys
cleaning lady for seniors,10,MEDIUM,mastercleaning-home
cleaning ltd,10,LOW,rs-home
cleaning my living room,10,LOW,rs-home
cleaning of mirror,10,LOW,rs-standard-cleaning
cleaning offers,10,LOW,merrymaids-waldorf
cleaning on time,10,HIGH,rs-deep-cleaning+rs-standard-cleaning+rs-home
cleaning our home,10,LOW,rs-deep-cleaning
cleaning out an oven,10,MEDIUM,rs-move-in-out-cleaning
cleaning out office,10,LOW,rs-deep-cleaning+rs-move-in-out-cleaning+rs-office-cleaning
cleaning out quotes,10,LOW,rs-deep-cleaning
cleaning out rental properties,10,HIGH,rs-move-in-out-cleaning
cleaning prince george,10,,rs-deep-cleaning+rs-home+rs-move-in-out-cleaning+rs-office-cleaning+rs-standard-cleaning
cleaning products for cleaning company,10,MEDIUM,alliance-home+rs-home
cleaning products for commercial cleaning,10,HIGH,alliance-home+alliance-residential+rs-office-cleaning+streakers-california
cleaning products for windows,10,HIGH,rs-office-cleaning
cleaning reagent,10,LOW,mastercleaning-home
cleaning rental before moving out,10,LOW,rs-move-in-out-cleaning
cleaning service 24 hours,10,HIGH,rs-home
cleaning service after move out,10,MEDIUM,leas-movein-princefrederick+merrymaids-waldorf+rs-deep-cleaning+rs-home+rs-move-in-out-cleaning+streakers-california+streakers-home+sweeney-home+sweeney-lexingtonpark
cleaning service for carpet,10,HIGH,mastercleaning-services
cleaning service for empty house,10,HIGH,rs-home
cleaning service for short term rental,10,HIGH,beyondcleaningpros-home+sweeney-home+sweeney-lexingtonpark
cleaning service mold removal,10,HIGH,squeakycleany-princefrederick
cleaning service prince george,10,MEDIUM,rs-office-cleaning+rs-standard-cleaning+rs-deep-cleaning
cleaning service products,10,HIGH,rs-office-cleaning
cleaning service room,10,HIGH,rs-home
cleaning service to clean apartment,10,HIGH,cleaningmaideasy-home+leas-home+maids2mop-waldorf+nextday-waldorf+themaids-laplata
cleaning services bathroom,10,MEDIUM,rs-home
cleaning services commercial near me,10,HIGH,alliance-home+cleanupcompany-janitorial+mastercleaning-home+somdcleaningcrew-stmarys+streakers-california
cleaning services for,10,MEDIUM,cleanupcompany-janitorial+mastercleaning-home+mastercleaning-services+rs-home+somdcleaningcrew-home
cleaning services for bathrooms,10,HIGH,rs-home
cleaning services for empty house,10,HIGH,rs-home
cleaning services for moving out near me,10,HIGH,rs-move-in-out-cleaning
cleaning services for your home,10,HIGH,mastercleaning-home+rs-home+rs-standard-cleaning+somdcleaningcrew-home+sweeney-home+sweeney-lexingtonpark
cleaning services in prince george,10,LOW,rs-home
cleaning services near me apartment,10,HIGH,nextday-waldorf+themaids-laplata
cleaning services near me for business,10,HIGH,somdcleaningcrew-home
cleaning services prince george,10,MEDIUM,rs-home
cleaning services special offers,10,LOW,merrymaids-waldorf
cleaning services work,10,MEDIUM,alliance-residential+bbmaintenance-officecleaning+rs-home
cleaning st,10,MEDIUM,rs-deep-cleaning+rs-move-in-out-cleaning+rs-office-cleaning+rs-standard-cleaning+somdcleaningcrew-home+somdcleaningcrew-stmarys+sweeney-lexingtonpark
cleaning supplies for you,10,MEDIUM,alliance-residential+bbmaintenance-officecleaning+maids2mop-waldorf+streakers-california
cleaning supplies to clean bathroom,10,HIGH,rs-home
cleaning time quotes,10,LOW,rs-deep-cleaning
cleaning to do,10,HIGH,rs-home
cleaning when moving out of a rental,10,MEDIUM,rs-move-in-out-cleaning
cleaning where to start,10,,rs-move-in-out-cleaning
cleaning window outside,10,HIGH,rs-move-in-out-cleaning
cleaning your baseboards,10,MEDIUM,rs-deep-cleaning+rs-home+rs-move-in-out-cleaning
cleanliness home,10,LOW,rs-deep-cleaning+rs-move-in-out-cleaning+rs-standard-cleaning
clear and clean home services,10,MEDIUM,rs-home
clear your space,10,LOW,rs-home
collective maintenance services,10,LOW,rs-deep-cleaning+rs-home+rs-move-in-out-cleaning+rs-standard-cleaning
come home clean,10,MEDIUM,sweeney-home
come home to clean,10,MEDIUM,sweeney-home
commercial and domestic cleaning,10,LOW,somdcleaningcrew-stmarys
commercial building carpet cleaning,10,MEDIUM,bbmaintenance-officecleaning+squeakycleany-princefrederick
commercial building cleaning companies,10,HIGH,bbmaintenance-officecleaning+cleanupcompany-janitorial+mastercleaning-home+somdcleaningcrew-stmarys+squeakycleany-princefrederick
commercial building cleaning contracts,10,HIGH,cleanupcompany-janitorial
commercial building cleaning supplies,10,HIGH,rs-office-cleaning
commercial cleaning business logo,10,,rs-office-cleaning
commercial cleaning companies in florida,10,MEDIUM,beyondcleaningpros-home
commercial cleaning companies in maryland,10,MEDIUM,mastercleaning-home
commercial cleaning liquid,10,HIGH,mastercleaning-home
commercial cleaning services needed,10,MEDIUM,cleaningmaideasy-home+cleanupcompany-janitorial+mastercleaning-home+rs-office-cleaning+somdcleaningcrew-home
commercial cleaning services usa,10,LOW,streakers-california
commercial cleaning supply company near me,10,HIGH,rs-office-cleaning
commercial cleaning team,10,MEDIUM,cleanupcompany-janitorial+mastercleaning-home+rs-standard-cleaning+rs-home
commercial cleaning vendors,10,MEDIUM,alliance-home+alliance-residential+bbmaintenance-officecleaning+beyondcleaningpros-home+cleaningmaideasy-home+cleanupcompany-janitorial+mastercleaning-home+mastercleaning-services+somdcleaningcrew-home+somdcleaningcrew-stmarys
commercial cleaning what is it,10,LOW,mastercleaning-home+rs-office-cleaning+rs-deep-cleaning
commercial cleaning work,10,HIGH,bbmaintenance-officecleaning+cleanupcompany-janitorial+rs-home
commercial house cleaners near me,10,HIGH,somdcleaningcrew-stmarys
commercial maid,10,HIGH,mastercleaning-home+somdcleaningcrew-stmarys
commercial office janitorial services,10,HIGH,mastercleaning-home
commercial property care,10,LOW,cleanupcompany-janitorial
commercial property clean up,10,HIGH,cleanupcompany-janitorial
commercial residential cleaning company,10,MEDIUM,somdcleaningcrew-stmarys
commercial washing services,10,LOW,mastercleaning-home
condo building cleaning services,10,HIGH,cleanupcompany-janitorial
condo cleaning company,10,HIGH,leas-movein-princefrederick+rs-home
condominium cleaning,10,MEDIUM,somdcleaningcrew-stmarys+sweeney-home+sweeney-lexingtonpark
contact cleaning services,10,MEDIUM,mastercleaning-home+rs-home
contract cleaning services near me,10,LOW,mastercleaning-home+streakers-california
contract cleaning specialist,10,MEDIUM,mastercleaning-home
county cleaning services,10,LOW,bbmaintenance-officecleaning+rs-home+somdcleaningcrew-home+somdcleaningcrew-stmarys+sweeney-lexingtonpark
crew care cleaning,10,LOW,somdcleaningcrew-stmarys
crew cleaning services,10,MEDIUM,somdcleaningcrew-stmarys
daily cleaning services near me,10,HIGH,merrymaids-waldorf+streakers-california+streakers-home
debris cleaning services,10,LOW,rs-move-in-out-cleaning
deep and clean,10,MEDIUM,rs-deep-cleaning+rs-move-in-out-cleaning
deep clean bathroom cleaner,10,HIGH,rs-home
deep clean carpet cleaning service,10,HIGH,alliance-home
deep clean home before moving in,10,LOW,sweeney-home
deep clean interior,10,LOW,rs-move-in-out-cleaning
deep clean my house service,10,HIGH,cleaningmaideasy-home+leas-home+leas-movein-princefrederick+merrymaids-waldorf+rs-home+sweeney-home+sweeney-lexingtonpark+themaids-laplata
deep clean up,10,LOW,rs-home+sweeney-home
deep clean your bathroom,10,HIGH,rs-deep-cleaning+rs-home+rs-standard-cleaning
deep clean your kitchen,10,MEDIUM,rs-standard-cleaning
deep cleaning a house before moving in,10,MEDIUM,sweeney-home
deep cleaning and sanitizing,10,LOW,rs-deep-cleaning+rs-move-in-out-cleaning
deep cleaning blinds,10,MEDIUM,rs-deep-cleaning
deep cleaning commercial building,10,MEDIUM,bbmaintenance-officecleaning
deep cleaning consist of,10,MEDIUM,rs-deep-cleaning+rs-move-in-out-cleaning+rs-standard-cleaning
deep cleaning day,10,LOW,sweeney-home
deep cleaning janitorial,10,MEDIUM,rs-home
deep cleaning maintenance,10,LOW,rs-deep-cleaning+rs-home+rs-move-in-out-cleaning+rs-standard-cleaning
deep cleaning materials,10,HIGH,rs-home
deep cleaning my bathroom,10,HIGH,rs-home
deep cleaning of room,10,LOW,rs-home
deep cleaning packages,10,LOW,bbmaintenance-officecleaning+rs-home+sweeney-lexingtonpark
deep cleaning rental,10,HIGH,rs-move-in-out-cleaning
deep cleaning restroom,10,LOW,rs-office-cleaning
deep cleaning sanitization services,10,MEDIUM,rs-home
deep cleaning services charges,10,,rs-home
deep cleaning services description,10,LOW,rs-deep-cleaning+rs-home+rs-office-cleaning+rs-standard-cleaning
deep cleaning services for schools,10,LOW,rs-standard-cleaning+rs-deep-cleaning
deep cleaning team,10,MEDIUM,bbmaintenance-officecleaning+leas-movein-princefrederick+rs-home+rs-standard-cleaning+sweeney-home+sweeney-lexingtonpark
deep cleaning vents,10,HIGH,rs-deep-cleaning
deep cleaning what is it,10,LOW,rs-deep-cleaning+rs-home+rs-move-in-out-cleaning+rs-standard-cleaning+sweeney-home
deep cleaning work,10,LOW,rs-home
deep cleaning your home checklist,10,MEDIUM,rs-standard-cleaning
deep cleaning your kitchen,10,MEDIUM,rs-deep-cleaning
deep dusting,10,LOW,rs-deep-cleaning
deep house cleaning services cost,10,HIGH,nextday-waldorf
deep office cleaning services near me,10,HIGH,bbmaintenance-officecleaning+rs-office-cleaning+streakers-california+streakers-home
deep vacuuming,10,LOW,rs-deep-cleaning
dental office janitorial services,10,HIGH,cleanupcompany-janitorial
depth cleaning,10,LOW,rs-deep-cleaning+rs-home+rs-office-cleaning+rs-standard-cleaning
desilting services,10,HIGH,mastercleaning-home+rs-deep-cleaning+rs-move-in-out-cleaning+rs-office-cleaning+rs-standard-cleaning+rs-home
desludging services,10,LOW,mastercleaning-home+rs-deep-cleaning+rs-home+rs-move-in-out-cleaning+rs-office-cleaning+rs-standard-cleaning
detailed cleaning solutions,10,LOW,rs-home+sweeney-home+sweeney-lexingtonpark
difference between deep cleaning and move out cleaning,10,LOW,rs-home+rs-move-in-out-cleaning+rs-deep-cleaning
difference between janitorial and cleaning services,10,LOW,mastercleaning-home
difference between mopping and sweeping,10,LOW,rs-office-cleaning
difference between sweeping and mopping,10,LOW,rs-office-cleaning
domestic cleaning business,10,,somdcleaningcrew-home+somdcleaningcrew-stmarys
domestic cleaning solutions,10,,sweeney-home+sweeney-lexingtonpark
domestic deep clean near me,10,,rs-deep-cleaning
domestic deep cleaning,10,,rs-home
domestic deep cleaning services,10,,leas-home+rs-home
domestic deep cleaning services near me,10,,beyondcleaningpros-laplata+maids2mop-waldorf+merrymaids-waldorf+rs-deep-cleaning+rs-standard-cleaning+streakers-california+themaids-laplata
domestic kitchen deep cleaning services,10,,rs-deep-cleaning
dusting and cleaning services,10,HIGH,rs-home
dusting sweeping,10,LOW,rs-standard-cleaning
easy maid cleaning services,10,MEDIUM,cleaningmaideasy-home
empty home cleaning services,10,HIGH,rs-home
empty home deep cleaning,10,HIGH,rs-home
entire house cleaning services,10,HIGH,nextday-waldorf
excellent janitorial services inc,10,LOW,mastercleaning-home
extensive cleaning services,10,HIGH,rs-deep-cleaning+rs-home
facility cleaning solutions,10,LOW,bbmaintenance-officecleaning
facility cleaning supplies,10,HIGH,bbmaintenance-officecleaning+rs-office-cleaning
fair price for cleaning houses,10,MEDIUM,rs-home
find a cleaner in my area,10,HIGH,leas-home+themaids-laplata
find a cleaning company,10,HIGH,rs-home
find houses to clean near me,10,HIGH,themaids-laplata
first for cleaning,10,,rs-deep-cleaning
flat deep cleaning,10,HIGH,maids2mop-waldorf
flat deep cleaning services,10,,maids2mop-waldorf
floor cleaning and polishing services,10,MEDIUM,mastercleaning-services
floor cleaning contracts,10,MEDIUM,mastercleaning-services
floor cleaning specialist,10,MEDIUM,bbmaintenance-officecleaning+cleanupcompany-janitorial+mastercleaning-services
floor cleaning work,10,,rs-home
for home cleaning,10,LOW,mastercleaning-home+rs-deep-cleaning+rs-home+rs-move-in-out-cleaning+rs-standard-cleaning
for house cleaning services,10,LOW,alliance-residential+beyondcleaningpros-home+beyondcleaningpros-laplata+cleaningmaideasy-home+leas-movein-princefrederick+maids2mop-waldorf+nextday-waldorf+rs-home+somdcleaningcrew-home+somdcleaningcrew-stmarys+squeakycleany-princefrederick+sweeney-home+sweeney-lexingtonpark
for house keeping,10,LOW,mastercleaning-home+rs-office-cleaning+rs-standard-cleaning
for you clean,10,LOW,rs-standard-cleaning
fortnightly cleaning,10,MEDIUM,somdcleaningcrew-home+somdcleaningcrew-stmarys+sweeney-home+sweeney-lexingtonpark
fortnightly cleaning services,10,,alliance-residential+beyondcleaningpros-home+beyondcleaningpros-laplata+cleaningmaideasy-home+cleanupcompany-janitorial+maids2mop-waldorf+nextday-waldorf+somdcleaningcrew-home+somdcleaningcrew-stmarys+squeakycleany-princefrederick+streakers-california+sweeney-lexingtonpark
frederick house cleaning,10,HIGH,leas-movein-princefrederick+somdcleaningcrew-home+squeakycleany-princefrederick
free commercial cleaning contracts,10,MEDIUM,cleaningmaideasy-home+mastercleaning-services
full home cleaning,10,MEDIUM,streakers-california+streakers-home
further cleaning,10,LOW,rs-home
general cleaning company,10,LOW,alliance-residential
general maintenance cleaning,10,LOW,rs-deep-cleaning
general tidying,10,LOW,rs-deep-cleaning+rs-standard-cleaning
get a cleaner,10,MEDIUM,leas-home+merrymaids-waldorf+rs-home+themaids-laplata
get a cleaner today,10,HIGH,leas-home+merrymaids-waldorf+themaids-laplata
get house cleaned,10,HIGH,beyondcleaningpros-laplata+cleaningmaideasy-home+maids2mop-waldorf+squeakycleany-princefrederick+sweeney-home+sweeney-lexingtonpark
get house deep cleaned,10,HIGH,sweeney-home
get your house cleaned,10,HIGH,cleaningmaideasy-home+sweeney-home+sweeney-lexingtonpark
getting house cleaned before moving in,10,HIGH,sweeney-home
ghar ki cleaning,10,,mastercleaning-home+rs-deep-cleaning+rs-move-in-out-cleaning+rs-standard-cleaning
glass how to clean,10,MEDIUM,rs-standard-cleaning
good at cleaning,10,LOW,rs-move-in-out-cleaning
good clean home,10,LOW,rs-move-in-out-cleaning
good work cleaning services,10,LOW,rs-home
great cleaning company,10,HIGH,rs-home
great job cleaning,10,LOW,rs-home
green duty,10,LOW,mastercleaning-home
help cleaning services,10,MEDIUM,cleanupcompany-janitorial+rs-home
helping cleaning service,10,MEDIUM,squeakycleany-princefrederick
high surface cleaning,10,HIGH,rs-standard-cleaning
high touch cleaning,10,LOW,rs-standard-cleaning
hire a cleaning service for a day,10,,nextday-waldorf
hire a maid cleaning services,10,HIGH,maids2mop-waldorf+nextday-waldorf
hoa janitorial services,10,MEDIUM,cleanupcompany-janitorial
home and business cleaning services,10,MEDIUM,rs-home
home bathroom cleaning services,10,HIGH,alliance-residential+rs-home+squeakycleany-princefrederick
home cleaning and carpet cleaning,10,HIGH,bbmaintenance-officecleaning
home cleaning assistance,10,MEDIUM,mastercleaning-home+rs-home
home cleaning co,10,LOW,rs-home
home cleaning contractors,10,,rs-home
home cleaning deep cleaning,10,,bbmaintenance-officecleaning+leas-movein-princefrederick+maids2mop-waldorf+rs-deep-cleaning+rs-home+rs-move-in-out-cleaning+rs-standard-cleaning+somdcleaningcrew-home+somdcleaningcrew-stmarys+sweeney-home+sweeney-lexingtonpark
home cleaning lady,10,HIGH,cleaningmaideasy-home+maids2mop-waldorf+mastercleaning-home+rs-home+somdcleaningcrew-home+somdcleaningcrew-stmarys+sweeney-lexingtonpark
home cleaning packages,10,MEDIUM,rs-home
home cleaning people,10,HIGH,rs-home+sweeney-home
home cleaning person,10,HIGH,mastercleaning-home+rs-home+somdcleaningcrew-home
home cleaning services company,10,MEDIUM,rs-home
home cleaning services in,10,HIGH,mastercleaning-home+rs-home
home cleaning services in california,10,LOW,somdcleaningcrew-stmarys
home cleaning services nearby,10,HIGH,mastercleaning-home+rs-home
home cleaning specialist,10,MEDIUM,mastercleaning-home+rs-home
home cleaning staff,10,LOW,rs-home
home cleaning team,10,LOW,bbmaintenance-officecleaning+rs-home+rs-standard-cleaning+sweeney-home+sweeney-lexingtonpark
home cleaning work,10,HIGH,bbmaintenance-officecleaning+rs-home
home construction cleaning services,10,MEDIUM,beyondcleaningpros-home+mastercleaning-services
home decontamination services,10,,mastercleaning-home+rs-deep-cleaning+rs-standard-cleaning+somdcleaningcrew-home
home domestic cleaning services,10,HIGH,somdcleaningcrew-home+somdcleaningcrew-stmarys+sweeney-lexingtonpark
home dusting service,10,HIGH,mastercleaning-home+rs-deep-cleaning+rs-standard-cleaning
home help cleaning,10,HIGH,squeakycleany-princefrederick
home help cleaning services,10,HIGH,squeakycleany-princefrederick
home house cleaning services,10,HIGH,alliance-residential+beyondcleaningpros-home+beyondcleaningpros-laplata+cleaningmaideasy-home+leas-home+leas-movein-princefrederick+maids2mop-waldorf+merrymaids-waldorf+nextday-waldorf+somdcleaningcrew-home+somdcleaningcrew-stmarys+squeakycleany-princefrederick+streakers-california+streakers-home+sweeney-home+sweeney-lexingtonpark+themaids-laplata
home interior cleaning,10,HIGH,rs-home+rs-move-in-out-cleaning
home interior cleaning services,10,MEDIUM,rs-home
home janitorial services,10,MEDIUM,mastercleaning-home
home kitchen cleaning,10,HIGH,rs-move-in-out-cleaning+rs-standard-cleaning
home moving cleaning services,10,HIGH,rs-move-in-out-cleaning
home of the clean,10,LOW,rs-deep-cleaning+rs-home+rs-move-in-out-cleaning+rs-standard-cleaning+sweeney-home
home professional cleaning services,10,MEDIUM,alliance-residential+bbmaintenance-officecleaning+beyondcleaningpros-home+beyondcleaningpros-laplata+cleaningmaideasy-home+leas-movein-princefrederick+maids2mop-waldorf+mastercleaning-services+nextday-waldorf+rs-home+somdcleaningcrew-home+somdcleaningcrew-stmarys+squeakycleany-princefrederick+sweeney-home+sweeney-lexingtonpark
home sanitizing services near me,10,MEDIUM,mastercleaning-home
home to home cleaning,10,LOW,rs-home
home to home cleaning services,10,LOW,rs-home
house and bathroom cleaning services,10,,rs-home
house bathroom cleaning services,10,HIGH,alliance-residential+rs-home
house clean service price,10,HIGH,rs-home
house clean up services near me,10,HIGH,leas-home+merrymaids-waldorf
house cleaning after rental,10,HIGH,sweeney-home+sweeney-lexingtonpark
house cleaning bathroom,10,MEDIUM,rs-home
house cleaning crews near me,10,HIGH,somdcleaningcrew-stmarys
house cleaning deep cleaning services,10,HIGH,beyondcleaningpros-home+beyondcleaningpros-laplata+cleaningmaideasy-home+leas-movein-princefrederick+maids2mop-waldorf+nextday-waldorf+rs-home+somdcleaningcrew-home+somdcleaningcrew-stmarys+sweeney-home+sweeney-lexingtonpark
house cleaning experts,10,MEDIUM,alliance-residential+beyondcleaningpros-home+somdcleaningcrew-home+somdcleaningcrew-stmarys+squeakycleany-princefrederick+sweeney-lexingtonpark
house cleaning for airbnb,10,MEDIUM,leas-movein-princefrederick
house cleaning home,10,LOW,somdcleaningcrew-home+sweeney-home+sweeney-lexingtonpark
house cleaning house cleaning,10,MEDIUM,alliance-residential+rs-home+somdcleaningcrew-home+somdcleaningcrew-stmarys+sweeney-home+sweeney-lexingtonpark
house cleaning in usa,10,LOW,streakers-california
house cleaning now,10,HIGH,maids2mop-waldorf+squeakycleany-princefrederick
house cleaning offers,10,MEDIUM,merrymaids-waldorf
house cleaning quotation,10,,sweeney-home
house cleaning service description,10,LOW,merrymaids-waldorf+streakers-california
house cleaning services before moving in,10,LOW,leas-movein-princefrederick+merrymaids-waldorf+sweeney-home
house cleaning services include,10,,squeakycleany-princefrederick
house cleaning services near me today,10,HIGH,beyondcleaningpros-laplata+leas-home+maids2mop-waldorf+merrymaids-waldorf+nextday-waldorf+streakers-california+streakers-home+themaids-laplata
house cleaning services online booking,10,HIGH,beyondcleaningpros-home+merrymaids-waldorf+streakers-california
house cleaning specialist,10,HIGH,somdcleaningcrew-home+somdcleaningcrew-stmarys+sweeney-lexingtonpark
house cleaning staff,10,,alliance-residential+somdcleaningcrew-home+somdcleaningcrew-stmarys+sweeney-lexingtonpark
house cleaning startup,10,LOW,somdcleaningcrew-home
house cleaning time,10,,sweeney-home
house decontamination,10,LOW,somdcleaningcrew-stmarys+sweeney-home+sweeney-lexingtonpark
house floor cleaning services,10,HIGH,alliance-residential+squeakycleany-princefrederick
house interior cleaning,10,,rs-home
house maintenance services near me,10,HIGH,sweeney-lexingtonpark
house move deep clean,10,,rs-home+sweeney-home+sweeney-lexingtonpark
house professional cleaning cost,10,HIGH,maids2mop-waldorf
house purification,10,MEDIUM,somdcleaningcrew-stmarys+sweeney-home+sweeney-lexingtonpark
house removal cleaning,10,,rs-home
house sterilization,10,MEDIUM,somdcleaningcrew-home+somdcleaningcrew-stmarys+sweeney-home+sweeney-lexingtonpark
house to house cleaning services,10,,somdcleaningcrew-home+somdcleaningcrew-stmarys+sweeney-lexingtonpark+rs-home
house wall cleaning services,10,HIGH,squeakycleany-princefrederick
household & cleaning,10,HIGH,rs-home+rs-standard-cleaning
household cleaning companies near me,10,HIGH,merrymaids-waldorf
housekeeping usa,10,LOW,mastercleaning-home+rs-office-cleaning
housework services,10,LOW,mastercleaning-home+rs-deep-cleaning+rs-home+rs-move-in-out-cleaning+rs-office-cleaning+rs-standard-cleaning
i & i cleaning services,10,LOW,mastercleaning-home+mastercleaning-services+rs-home
i clean home,10,LOW,rs-deep-cleaning+rs-home+rs-move-in-out-cleaning+rs-standard-cleaning
i need a cleaning service,10,MEDIUM,cleaningmaideasy-home+cleanupcompany-janitorial+merrymaids-waldorf+rs-home+somdcleaningcrew-home+squeakycleany-princefrederick
i need a house cleaner today,10,HIGH,merrymaids-waldorf
i need a maid service,10,HIGH,cleaningmaideasy-home+somdcleaningcrew-home
i need cleaning services,10,HIGH,cleaningmaideasy-home+cleanupcompany-janitorial+rs-home+somdcleaningcrew-home
i need help cleaning out my house,10,HIGH,rs-home
i need house cleaning services,10,HIGH,somdcleaningcrew-home+somdcleaningcrew-stmarys+sweeney-lexingtonpark
i need my house deep cleaned,10,HIGH,rs-home+sweeney-home
i need to deep clean my house,10,MEDIUM,rs-home
i offer cleaning services,10,LOW,mastercleaning-services+rs-home
in depth cleaning company,10,HIGH,rs-home
in depth cleaning services,10,HIGH,rs-home
in detail cleaning services,10,LOW,rs-home
in home house cleaning,10,HIGH,cleaningmaideasy-home+maids2mop-waldorf+somdcleaningcrew-home+sweeney-home+sweeney-lexingtonpark
in out cleaner,10,LOW,rs-deep-cleaning+rs-home+rs-move-in-out-cleaning+rs-standard-cleaning
inc cleaning services,10,MEDIUM,mastercleaning-home+mastercleaning-services
indoor house cleaning services,10,HIGH,squeakycleany-princefrederick
industrial clean up companies,10,HIGH,cleanupcompany-janitorial
industrial cleaning crew,10,MEDIUM,cleanupcompany-janitorial+mastercleaning-home+streakers-california
industrial cleaning specialists,10,MEDIUM,mastercleaning-home
inside outside cleaning,10,LOW,rs-move-in-out-cleaning+rs-office-cleaning+rs-deep-cleaning
inside outside cleaning services,10,HIGH,rs-move-in-out-cleaning+rs-home
insured and bonded house cleaning services,10,HIGH,maids2mop-waldorf
janitorial and commercial cleaning,10,MEDIUM,cleanupcompany-janitorial+mastercleaning-home
janitorial area,10,LOW,mastercleaning-home
janitorial cleaning schedule,10,HIGH,mastercleaning-home+rs-office-cleaning
janitorial cleaning solutions,10,MEDIUM,alliance-home+alliance-residential+bbmaintenance-officecleaning+cleanupcompany-janitorial+mastercleaning-home+mastercleaning-services
janitorial cleaning standards,10,LOW,rs-office-cleaning+rs-standard-cleaning
janitorial commercial,10,MEDIUM,mastercleaning-home
janitorial services for buildings,10,LOW,cleanupcompany-janitorial
janitorial systems,10,MEDIUM,cleanupcompany-janitorial+mastercleaning-home
janitorial systems inc,10,LOW,mastercleaning-home
keep your house,10,LOW,sweeney-home
kitchen and bathroom deep clean,10,LOW,rs-deep-cleaning+rs-home
kitchen cleaning work,10,,rs-home
kitchen deep clean service near me,10,HIGH,rs-deep-cleaning
kitchen deep cleaning company,10,MEDIUM,rs-home
kitchen deep cleaning near me,10,HIGH,rs-deep-cleaning
kitchen is clean,10,LOW,rs-deep-cleaning+rs-move-in-out-cleaning+rs-standard-cleaning
leave it clean,10,LOW,rs-move-in-out-cleaning
live cleaning company,10,MEDIUM,rs-home
living room cleaning services,10,HIGH,rs-home+sweeney-home
living room deep clean,10,LOW,rs-home
local cleaning companies for businesses,10,HIGH,leas-home+leas-movein-princefrederick+mastercleaning-home+rs-home+somdcleaningcrew-home+somdcleaningcrew-stmarys+squeakycleany-princefrederick+streakers-california+streakers-home
local cleaning contracts,10,MEDIUM,rs-home
local cleaning products,10,HIGH,rs-home+rs-office-cleaning
local cleaning supplies,10,HIGH,rs-home
local domestic cleaners,10,HIGH,leas-home+rs-home+streakers-california
local domestic cleaning services,10,MEDIUM,rs-home
local home cleaning companies,10,HIGH,mastercleaning-home+rs-home
local residential cleaning,10,HIGH,rs-home
looking for a cleaner for my home,10,,merrymaids-waldorf
looking for a cleaner near me,10,HIGH,themaids-laplata
looking for cleaners near me,10,HIGH,themaids-laplata
looking for commercial cleaning contracts,10,HIGH,streakers-california
looking for house cleaners in my area,10,HIGH,merrymaids-waldorf
looking for janitorial contracts,10,MEDIUM,mastercleaning-home
lord clean,10,LOW,mastercleaning-home
made it clean,10,MEDIUM,rs-home
maid cleaning business,10,LOW,somdcleaningcrew-home
maid for cleaning services,10,HIGH,beyondcleaningpros-laplata+cleaningmaideasy-home+leas-home+maids2mop-waldorf+merrymaids-waldorf+nextday-waldorf+somdcleaningcrew-home+somdcleaningcrew-stmarys+streakers-california+streakers-home+themaids-laplata
maid for house cleaning near me,10,HIGH,beyondcleaningpros-laplata+somdcleaningcrew-home+somdcleaningcrew-stmarys
maid for house cleaning services,10,,cleaningmaideasy-home+maids2mop-waldorf+somdcleaningcrew-home+somdcleaningcrew-stmarys
maid monthly,10,MEDIUM,somdcleaningcrew-home
maid office,10,LOW,somdcleaningcrew-stmarys
maid professional house cleaning,10,LOW,beyondcleaningpros-laplata+cleaningmaideasy-home+maids2mop-waldorf+nextday-waldorf+somdcleaningcrew-home+somdcleaningcrew-stmarys
maid service at home,10,HIGH,cleaningmaideasy-home+somdcleaningcrew-home+somdcleaningcrew-stmarys
maid service near me prices,10,HIGH,themaids-laplata
maintain cleaning services,10,HIGH,rs-home+rs-standard-cleaning
make clean services,10,,rs-home
make house cleaning easier,10,HIGH,rs-home
make it clean services,10,LOW,rs-home
make the cleaning,10,LOW,rs-home
maryland residential cleaning,10,HIGH,alliance-residential+bbmaintenance-officecleaning+beyondcleaningpros-home+cleaningmaideasy-home+maids2mop-waldorf+merrymaids-waldorf+nextday-waldorf+somdcleaningcrew-home+squeakycleany-princefrederick+streakers-california+sweeney-home+sweeney-lexingtonpark
master facility,10,LOW,mastercleaning-home
mcs cleaners,10,HIGH,mastercleaning-home
mcs janitorial,10,MEDIUM,mastercleaning-home
md house cleaning,10,HIGH,somdcleaningcrew-home+somdcleaningcrew-stmarys+sweeney-lexingtonpark
md house cleaning services,10,MEDIUM,somdcleaningcrew-home+somdcleaningcrew-stmarys+sweeney-lexingtonpark
merry maids cleaning services near me,10,MEDIUM,merrymaids-waldorf+themaids-laplata
merry maids cost per hour,10,MEDIUM,themaids-laplata
merry maids in my area,10,HIGH,merrymaids-waldorf
merry maids one time cleaning cost,10,MEDIUM,themaids-laplata
mirror how to clean,10,LOW,rs-move-in-out-cleaning+rs-standard-cleaning
mold removal cleaning service,10,HIGH,squeakycleany-princefrederick
monthly apartment cleaning,10,MEDIUM,merrymaids-waldorf+somdcleaningcrew-home
monthly maid,10,MEDIUM,cleanupcompany-janitorial+somdcleaningcrew-home
mopping of floor,10,MEDIUM,rs-deep-cleaning
more cleaning services,10,HIGH,rs-home
more than cleaning services,10,LOW,rs-move-in-out-cleaning
move for cleaning,10,LOW,rs-deep-cleaning+rs-move-in-out-cleaning+rs-office-cleaning+rs-standard-cleaning+rs-home
move in bathroom cleaning,10,HIGH,rs-move-in-out-cleaning
move in cleaning service price,10,HIGH,leas-movein-princefrederick+rs-home
move in kitchen cleaning,10,HIGH,rs-move-in-out-cleaning
move in move out cleaning description,10,LOW,rs-move-in-out-cleaning
move in move out house cleaning,10,HIGH,sweeney-home+sweeney-lexingtonpark
move in professional cleaning,10,HIGH,beyondcleaningpros-laplata+leas-movein-princefrederick+rs-home+rs-office-cleaning+sweeney-home+sweeney-lexingtonpark
move it cleaner,10,LOW,rs-move-in-out-cleaning
move out cleaning services arlington va,10,HIGH,maids2mop-waldorf
move out maids,10,HIGH,rs-move-in-out-cleaning+sweeney-lexingtonpark
moving cleaning price,10,LOW,leas-movein-princefrederick
moving house cleaners near me,10,HIGH,leas-home
moving oven to clean,10,LOW,rs-move-in-out-cleaning
my cleaning quote,10,,rs-home+sweeney-home
my cleaning solutions,10,MEDIUM,sweeney-home+sweeney-lexingtonpark+rs-home
my maid cleaning services,10,MEDIUM,cleaningmaideasy-home
need a cleaner today,10,HIGH,merrymaids-waldorf
need carpet cleaning services,10,HIGH,bbmaintenance-officecleaning+squeakycleany-princefrederick
need help cleaning house,10,HIGH,rs-home
need help cleaning out my house,10,HIGH,rs-home
need house maid,10,LOW,cleaningmaideasy-home
need my house cleaned,10,MEDIUM,cleaningmaideasy-home+merrymaids-waldorf+sweeney-home
need your house cleaned,10,LOW,sweeney-home+sweeney-lexingtonpark
net cleaning services,10,LOW,mastercleaning-home
new building cleaning services,10,,somdcleaningcrew-stmarys
new solution cleaning services,10,LOW,mastercleaning-home
no cleaning service,10,LOW,rs-home
offer maids,10,,maids2mop-waldorf
office building janitorial services,10,LOW,cleanupcompany-janitorial+mastercleaning-services
office buildings that need cleaning,10,MEDIUM,cleanupcompany-janitorial
office care cleaning,10,LOW,rs-office-cleaning
office cleaning after hours,10,MEDIUM,rs-office-cleaning
office cleaning estimate,10,MEDIUM,bbmaintenance-officecleaning+rs-deep-cleaning+rs-office-cleaning
office cleaning experts,10,LOW,bbmaintenance-officecleaning+mastercleaning-home+mastercleaning-services
office cleaning lady,10,MEDIUM,cleaningmaideasy-home+mastercleaning-home+mastercleaning-services+somdcleaningcrew-home
office cleaning person,10,MEDIUM,bbmaintenance-officecleaning+mastercleaning-home+mastercleaning-services
office cleaning policy,10,LOW,rs-office-cleaning
office cleaning staff,10,MEDIUM,cleaningmaideasy-home
office cleaning team,10,HIGH,bbmaintenance-officecleaning+mastercleaning-home+mastercleaning-services+rs-standard-cleaning
office cleaning tips,10,LOW,bbmaintenance-officecleaning
office cleaning work,10,MEDIUM,bbmaintenance-officecleaning
office keeping,10,LOW,mastercleaning-home+rs-office-cleaning
office steam cleaning,10,LOW,mastercleaning-services
offices in need of cleaning services,10,HIGH,bbmaintenance-officecleaning+cleanupcompany-janitorial
oht cleaning,10,,rs-move-in-out-cleaning
on the go cleaning services,10,MEDIUM,rs-home
one of cleaning service,10,,mastercleaning-services+merrymaids-waldorf
one off deep cleaning,10,LOW,sweeney-home
one off house cleaners near me,10,HIGH,themaids-laplata
one time deep cleaning house service,10,HIGH,beyondcleaningpros-laplata+cleaningmaideasy-home+leas-home+merrymaids-waldorf+streakers-home+sweeney-home+themaids-laplata
one time deep cleaning services near me,10,MEDIUM,rs-standard-cleaning
one time move out cleaning,10,LOW,merrymaids-waldorf+sweeney-home+sweeney-lexingtonpark
one time office cleaning service,10,HIGH,alliance-home+cleaningmaideasy-home+leas-home+mastercleaning-services+squeakycleany-princefrederick+streakers-home
one time professional house cleaning,10,HIGH,beyondcleaningpros-laplata+cleaningmaideasy-home+merrymaids-waldorf+nextday-waldorf+squeakycleany-princefrederick+sweeney-home
online bathroom cleaning services,10,,rs-home
online booking for cleaning services,10,MEDIUM,beyondcleaningpros-home+rs-home
order cleaning service,10,HIGH,merrymaids-waldorf
our clean,10,LOW,rs-home
our cleaning,10,LOW,rs-deep-cleaning+sweeney-lexingtonpark
oven cleaning how to,10,MEDIUM,rs-move-in-out-cleaning
oven cleaning local,10,,rs-move-in-out-cleaning
oven cleaning quote,10,LOW,rs-move-in-out-cleaning
oven detailing,10,MEDIUM,rs-move-in-out-cleaning
oven nu,10,,rs-move-in-out-cleaning
oven wash,10,HIGH,rs-move-in-out-cleaning
people who clean homes,10,MEDIUM,rs-home
phone number for merry maids cleaning service,10,HIGH,merrymaids-waldorf
phone number to merry maids,10,HIGH,merrymaids-waldorf
photo cleaning service,10,LOW,mastercleaning-home
places looking for cleaning services,10,HIGH,merrymaids-waldorf
premium maintenance services,10,LOW,rs-home
price of home cleaning services,10,HIGH,rs-home
pricing cleaning,10,LOW,rs-deep-cleaning
prince cleaning,10,LOW,rs-deep-cleaning+rs-move-in-out-cleaning+rs-office-cleaning+rs-standard-cleaning
private cleaning business,10,MEDIUM,somdcleaningcrew-home
private domestic cleaners,10,HIGH,leas-home
prof cleaning service,10,,mastercleaning-services+rs-home
professional apartment cleaning cost,10,MEDIUM,maids2mop-waldorf+nextday-waldorf
professional carpet drying,10,MEDIUM,alliance-home
professional cleaning people,10,HIGH,rs-home
professional cleaning service after renovation,10,MEDIUM,squeakycleany-princefrederick
professional cleaning services for restaurants,10,MEDIUM,mastercleaning-services
professional cleaning services residential,10,HIGH,alliance-home+alliance-residential+bbmaintenance-officecleaning+beyondcleaningpros-home+cleaningmaideasy-home+nextday-waldorf+somdcleaningcrew-home+somdcleaningcrew-stmarys+squeakycleany-princefrederick+sweeney-home
professional commercial janitorial services,10,LOW,rs-office-cleaning
professional condo cleaning,10,HIGH,beyondcleaningpros-home+beyondcleaningpros-laplata+cleaningmaideasy-home+maids2mop-waldorf+merrymaids-waldorf+nextday-waldorf+somdcleaningcrew-stmarys+squeakycleany-princefrederick+streakers-california+streakers-home
professional dust cleaning service,10,HIGH,squeakycleany-princefrederick
professional heavy duty cleaning service,10,HIGH,rs-office-cleaning
professional house cleaners for moving,10,HIGH,beyondcleaningpros-laplata
professional house cleaning before moving in,10,HIGH,beyondcleaningpros-laplata+merrymaids-waldorf
professional house cleaning for moving out,10,HIGH,beyondcleaningpros-laplata+leas-home+leas-movein-princefrederick
professional house cleaning move out,10,HIGH,beyondcleaningpros-home+beyondcleaningpros-laplata+leas-movein-princefrederick+maids2mop-waldorf+merrymaids-waldorf+rs-home+streakers-california+sweeney-home+sweeney-lexingtonpark
professional residential deep cleaning,10,LOW,rs-office-cleaning+somdcleaningcrew-stmarys
professional sanitizing services,10,HIGH,alliance-home+bbmaintenance-officecleaning+beyondcleaningpros-home+mastercleaning-services+nextday-waldorf+rs-home+squeakycleany-princefrederick
professional steam cleaning services near me,10,HIGH,mastercleaning-services
profound cleaning,10,MEDIUM,rs-deep-cleaning+rs-office-cleaning+rs-standard-cleaning
provide cleaning services,10,MEDIUM,alliance-residential+bbmaintenance-officecleaning+beyondcleaningpros-home+cleanupcompany-janitorial+squeakycleany-princefrederick
quality carpet cleaning solutions,10,HIGH,alliance-home
questions about cleaning,10,,rs-deep-cleaning+rs-office-cleaning+rs-standard-cleaning
quick maid service,10,HIGH,merrymaids-waldorf+streakers-california
r & s cleaning,10,LOW,rs-deep-cleaning+rs-home+rs-move-in-out-cleaning+rs-office-cleaning+rs-standard-cleaning
re cleaning services,10,HIGH,mastercleaning-home
reception cleaning,10,LOW,rs-office-cleaning
recommended cleaning services,10,HIGH,cleaningmaideasy-home
recommended domestic cleaners near me,10,,merrymaids-waldorf
refrigerator inside cleaner,10,HIGH,rs-move-in-out-cleaning
refrigerator washing,10,LOW,rs-move-in-out-cleaning
regular cleaning services near me,10,MEDIUM,merrymaids-waldorf+streakers-california
regular domestic cleaning services,10,LOW,rs-home+rs-standard-cleaning
regular office cleaning,10,,rs-standard-cleaning
removal cleaning services,10,HIGH,bbmaintenance-officecleaning+rs-home
renovation cleaning services near me,10,MEDIUM,streakers-california
rental apartment cleaning,10,MEDIUM,sweeney-lexingtonpark
rental clean up service,10,HIGH,sweeney-lexingtonpark
rental cleaning company,10,MEDIUM,sweeney-lexingtonpark
rental move out cleaning service,10,HIGH,merrymaids-waldorf+rs-move-in-out-cleaning+sweeney-home+sweeney-lexingtonpark
request cleaning service,10,LOW,mastercleaning-services+rs-office-cleaning+rs-standard-cleaning
reset home cleaning,10,LOW,rs-deep-cleaning+rs-home
residential bathroom cleaning services,10,HIGH,alliance-residential
residential building cleaning,10,,somdcleaningcrew-stmarys
residential building cleaning services,10,MEDIUM,cleanupcompany-janitorial+somdcleaningcrew-stmarys
residential cleaning packages,10,MEDIUM,somdcleaningcrew-stmarys
residential cleaning quotes,10,HIGH,rs-deep-cleaning
residential cleaning services description,10,MEDIUM,somdcleaningcrew-stmarys
residential cleaning solutions,10,,sweeney-home+sweeney-lexingtonpark
residential construction clean up,10,LOW,cleanupcompany-janitorial
residential move out cleaning,10,HIGH,rs-deep-cleaning+rs-standard-cleaning+sweeney-home
residential professional cleaning services,10,HIGH,alliance-home+alliance-residential+bbmaintenance-officecleaning+beyondcleaningpros-home+cleaningmaideasy-home+nextday-waldorf+somdcleaningcrew-home+somdcleaningcrew-stmarys+squeakycleany-princefrederick+sweeney-home
roof clean up,10,MEDIUM,cleanupcompany-janitorial
room and bathroom cleaning,10,MEDIUM,rs-home
room cleaning service price,10,HIGH,rs-home
same day cleaning service dc,10,HIGH,leas-home+nextday-waldorf+themaids-laplata
sanitize house service,10,HIGH,alliance-residential+beyondcleaningpros-home+beyondcleaningpros-laplata+cleaningmaideasy-home+nextday-waldorf+squeakycleany-princefrederick+sweeney-home+sweeney-lexingtonpark
sanitizing home service,10,HIGH,rs-deep-cleaning+rs-home+rs-move-in-out-cleaning+rs-standard-cleaning
sanitizing services for home,10,HIGH,rs-home+somdcleaningcrew-home
schedule a cleaning,10,MEDIUM,rs-home
schedule cleaning service online,10,HIGH,leas-home
schedule for deep cleaning house,10,HIGH,sweeney-home
scrubbing the bathroom,10,LOW,rs-deep-cleaning
service for your home,10,LOW,rs-deep-cleaning+rs-move-in-out-cleaning+rs-standard-cleaning+sweeney-home
service master inc,10,LOW,mastercleaning-home+mastercleaning-services
service master janitorial cleaning services,10,LOW,mastercleaning-home
service master office,10,MEDIUM,mastercleaning-home
service master office cleaning,10,LOW,mastercleaning-home+mastercleaning-services
service one cleaning,10,LOW,cleanupcompany-janitorial+mastercleaning-services
services for cleaning company,10,HIGH,alliance-home+alliance-residential+beyondcleaningpros-home+cleaningmaideasy-home+cleanupcompany-janitorial+leas-movein-princefrederick+rs-home+somdcleaningcrew-home+squeakycleany-princefrederick
services offered by cleaning companies,10,LOW,cleanupcompany-janitorial+mastercleaning-home+mastercleaning-services+rs-home
services that come to your home,10,HIGH,rs-deep-cleaning+rs-standard-cleaning
servis cleaning,10,LOW,mastercleaning-home+rs-deep-cleaning+rs-home+rs-move-in-out-cleaning+rs-office-cleaning+rs-standard-cleaning
share cleaning services,10,MEDIUM,rs-home
sink cleaning services,10,HIGH,rs-home
soap buildup,10,LOW,rs-deep-cleaning
soap cleaning service,10,MEDIUM,rs-deep-cleaning
someone that cleans houses,10,HIGH,sweeney-home
southern maryland carpet cleaning,10,HIGH,bbmaintenance-officecleaning
specific cleaning,10,LOW,rs-deep-cleaning
spot and clean,10,LOW,rs-move-in-out-cleaning+rs-deep-cleaning
spot deep cleaner,10,,rs-deep-cleaning
spring cleaning company near me,10,MEDIUM,merrymaids-waldorf
spring cleaning help,10,HIGH,bbmaintenance-officecleaning
spring home cleaning services,10,HIGH,bbmaintenance-officecleaning
st charles house cleaning,10,HIGH,somdcleaningcrew-home+somdcleaningcrew-stmarys
standard cleaning call,10,LOW,rs-home
standard office cleaning,10,LOW,rs-office-cleaning+rs-standard-cleaning
start your cleaning business,10,HIGH,streakers-home
starting a cleaning,10,MEDIUM,rs-deep-cleaning
surface care products,10,HIGH,rs-office-cleaning
svs cleaning,10,,rs-office-cleaning
sweeping and vacuuming,10,LOW,rs-office-cleaning
sweeping mopping dusting,10,,rs-standard-cleaning
telephone number for merry maids,10,HIGH,merrymaids-waldorf
that cleaning crew,10,LOW,somdcleaningcrew-stmarys
the clean home,10,LOW,rs-deep-cleaning+rs-home+rs-move-in-out-cleaning+rs-standard-cleaning+sweeney-home
the cleaning agency,10,MEDIUM,mastercleaning-home
the cleaning professionals,10,LOW,mastercleaning-home+rs-office-cleaning
the cleaning service company,10,MEDIUM,cleanupcompany-janitorial
the deep cleaning company,10,MEDIUM,leas-movein-princefrederick+rs-home+sweeney-home+sweeney-lexingtonpark
the good cleaner,10,LOW,rs-move-in-out-cleaning
the good cleaning,10,LOW,rs-move-in-out-cleaning
the great cleaning company,10,,rs-home
the home cleaning company,10,HIGH,bbmaintenance-officecleaning+leas-movein-princefrederick+rs-home+squeakycleany-princefrederick
the house cleaning company,10,HIGH,leas-movein-princefrederick+nextday-waldorf+rs-home+squeakycleany-princefrederick+sweeney-home+sweeney-lexingtonpark
the kitchen is clean,10,LOW,rs-standard-cleaning
the merry maids cleaning service,10,HIGH,merrymaids-waldorf+streakers-home+themaids-laplata
the office clean,10,,bbmaintenance-officecleaning
the office cleaning company,10,MEDIUM,bbmaintenance-officecleaning
the office cleaning crew,10,LOW,mastercleaning-home+mastercleaning-services+somdcleaningcrew-stmarys
the people who clean,10,LOW,sweeney-home
the professionals cleaning service,10,LOW,rs-office-cleaning
the solution cleaning services,10,MEDIUM,mastercleaning-home
thorough cleaning company,10,HIGH,rs-home
tidy cleaning service phone number,10,MEDIUM,mastercleaning-home
tidy your home,10,LOW,sweeney-home
tidying the bed,10,LOW,rs-standard-cleaning
to clean a house,10,LOW,sweeney-home
to clean blinds,10,MEDIUM,rs-deep-cleaning
to clean home,10,LOW,rs-deep-cleaning+rs-move-in-out-cleaning+rs-standard-cleaning+rs-home
to clean your house,10,LOW,sweeney-home
to deep clean,10,LOW,rs-deep-cleaning+rs-move-in-out-cleaning+rs-standard-cleaning+rs-home
to do cleaning,10,LOW,rs-home
top cleaning solutions,10,HIGH,sweeney-home
top home cleaning,10,LOW,rs-deep-cleaning
trash removal and cleaning,10,HIGH,rs-deep-cleaning+rs-move-in-out-cleaning+rs-office-cleaning
typical cleaning services,10,MEDIUM,rs-home+rs-standard-cleaning
under cleaning,10,LOW,bbmaintenance-officecleaning
ur clean,10,LOW,rs-office-cleaning+rs-standard-cleaning+rs-deep-cleaning
urgent house cleaning,10,HIGH,leas-home+themaids-laplata
us janitorial services,10,LOW,mastercleaning-home
vacate cleaners,10,LOW,maids2mop-waldorf
vacation cleaning services,10,HIGH,beyondcleaningpros-home+leas-movein-princefrederick
variety cleaning services,10,MEDIUM,mastercleaning-services
vip housekeeping,10,LOW,rs-office-cleaning
we can clean,10,LOW,rs-home
we can clean it,10,LOW,rs-home
we clean cleaning service,10,MEDIUM,sweeney-lexingtonpark
we clean company,10,MEDIUM,rs-home
we clean janitorial services,10,LOW,mastercleaning-services
we clean the house,10,LOW,sweeney-lexingtonpark
we do cleaning,10,LOW,mastercleaning-services+somdcleaningcrew-stmarys+sweeney-home
weekend home cleaning services,10,HIGH,mastercleaning-home
weekly office cleaning services,10,LOW,bbmaintenance-officecleaning+cleanupcompany-janitorial+mastercleaning-home+mastercleaning-services+rs-office-cleaning+somdcleaningcrew-home+somdcleaningcrew-stmarys
white janitorial service,10,MEDIUM,mastercleaning-home
wipe off cleaner,10,HIGH,rs-move-in-out-cleaning
wiping products,10,MEDIUM,rs-office-cleaning
work in cleaning,10,LOW,rs-home
work of a cleaner,10,,rs-home
workplace cleaning supplies,10,HIGH,rs-office-cleaning
www carpet cleaning companies,10,HIGH,bbmaintenance-officecleaning
www cleaning company,10,HIGH,alliance-home+cleanupcompany-janitorial+leas-movein-princefrederick+mastercleaning-home+rs-home
www cleaning supplies,10,HIGH,rs-home
www house cleaning services,10,HIGH,alliance-residential+beyondcleaningpros-home+cleaningmaideasy-home+leas-movein-princefrederick+maids2mop-waldorf+nextday-waldorf+rs-home+somdcleaningcrew-home+somdcleaningcrew-stmarys+squeakycleany-princefrederick+sweeney-home+sweeney-lexingtonpark
you cleaning products,10,MEDIUM,rs-office-cleaning
your clean home,10,LOW,rs-home+rs-standard-cleaning+sweeney-home+sweeney-lexingtonpark
your cleaner home,10,LOW,rs-home
your cleaning crew,10,MEDIUM,mastercleaning-home+rs-home+somdcleaningcrew-stmarys
your cleaning lady,10,LOW,mastercleaning-home
your cleaning professionals,10,HIGH,mastercleaning-home+mastercleaning-services+rs-home+rs-office-cleaning
your cleaning specialists,10,LOW,mastercleaning-home+rs-home
your home cleaning,10,LOW,rs-deep-cleaning+rs-home+rs-move-in-out-cleaning+rs-standard-cleaning+sweeney-home
your own cleaning services,10,HIGH,sweeney-home+sweeney-lexingtonpark
cleaning company contact number,0,,rs-home
cleaning services business bay,0,,somdcleaningcrew-home
local valeting,0,,mastercleaning-home+rs-office-cleaning+rs-deep-cleaning
sweeping the home,0,,rs-standard-cleaning
